"","Year","Date","kelp","substrate","depth","grid_ID","x","y"
"1",NA,"",0,"1",-1.31407535076141,120558,1090960,560140
"2",2020,"2020-08-17",1,"1",-2.86408019065857,121115,1087411.19954204,559402.526347132
"3",NA,"",0,"1",0.59477961063385,121116,1087460,559640
"4",2020,"2020-08-17",1,"1",3.62994813919067,121117,1088359.28502142,559364.421959705
"5",NA,"",0,"1",-4.63693332672119,121681,1087460,559140
"6",2020,"2020-08-17",1,"1",0.534699320793152,121682,1088294.23231479,558859.211080845
"7",NA,"",0,"1",21.6863670349121,121683,1088460,559140
"8",NA,"",0,"1",7.97440099716187,121684,1088960,559140
"9",NA,"",0,"1",1.76568305492401,121685,1089460,559140
"10",NA,"",0,"1",0.971897959709167,121687,1090460,559140
"11",NA,"",0,"1",15.2750816345215,122235,1081960,558640
"12",NA,"",0,"1",-0.300387471914291,122240,1084460,558640
"13",NA,"",0,"1",10.3809537887573,122248,1088460,558640
"14",NA,"",0,"1",16.0640544891357,122249,1088960,558640
"15",NA,"",0,"1",-3.00743412971497,122250,1089460,558640
"16",NA,"",0,"1",16.2039070129395,122251,1089960,558640
"17",NA,"",0,"2",24.7692680358887,122252,1090460,558640
"18",NA,"",0,"1",0.318449258804321,122805,1084460,558140
"19",NA,"",0,"1",-2.23770046234131,122814,1088960,558140
"20",NA,"",0,"1",14.617883682251,122815,1089460,558140
"21",NA,"",0,"1",-3.54582715034485,122816,1089960,558140
"22",NA,"",0,"1",6.16113567352295,123356,1077460,557640
"23",NA,"",0,"1",36.6539764404297,123368,1083460,557640
"24",NA,"",0,"1",-3.00764799118042,123369,1083960,557640
"25",NA,"",0,"1",-3.00764799118042,123370,1084460,557640
"26",NA,"",0,"1",-1.90412390232086,123380,1089460,557640
"27",NA,"",0,"2",-2.88590240478516,123381,1089960,557640
"28",NA,"",0,"1",20.2421092987061,123382,1090460,557640
"29",NA,"",0,"2",31.9930667877197,123934,1083960,557140
"30",NA,"",0,"1",4.56125831604004,123935,1084460,557140
"31",NA,"",0,"1",32.7635459899902,123936,1084960,557140
"32",NA,"",0,"1",-2.2113401889801,123947,1090460,557140
"33",NA,"",0,"2",12.4970569610596,124473,1070960,556640
"34",NA,"",0,"1",-0.633248209953308,124474,1071460,556640
"35",NA,"",0,"2",15.8870801925659,124478,1073460,556640
"36",NA,"",0,"1",21.288631439209,124483,1075960,556640
"37",NA,"",0,"1",-3.00764799118042,124485,1076960,556640
"38",NA,"",0,"1",2.12352728843689,124486,1077460,556640
"39",NA,"",0,"1",38.2122764587402,124499,1083960,556640
"40",NA,"",0,"1",15.1239585876465,124500,1084460,556640
"41",NA,"",0,"1",0.681433975696564,124501,1084960,556640
"42",NA,"",0,"2",3.08062052726746,124512,1090460,556640
"43",NA,"",0,"1",5.02929925918579,125038,1070960,556140
"44",NA,"",0,"1",-0.493251949548721,125039,1071460,556140
"45",NA,"",0,"1",-2.2694582939148,125040,1071960,556140
"46",NA,"",0,"1",-5.67106628417969,125042,1072960,556140
"47",NA,"",0,"2",27.0305309295654,125043,1073460,556140
"48",NA,"",0,"1",27.9126987457275,125049,1076460,556140
"49",NA,"",0,"1",32.9633445739746,125050,1076960,556140
"50",NA,"",0,"1",2.38904595375061,125603,1070960,555640
"51",NA,"",0,"1",-0.782816231250763,125604,1071460,555640
"52",NA,"",0,"1",0.236347660422325,125605,1071960,555640
"53",NA,"",0,"1",-2.4272632598877,125606,1072460,555640
"54",NA,"",0,"1",-1.67619383335114,125607,1072960,555640
"55",NA,"",0,"2",38.3114738464355,125608,1073460,555640
"56",NA,"",0,"1",1.93216717243195,125631,1084960,555640
"57",NA,"",0,"1",-1.48347437381744,125632,1085460,555640
"58",NA,"",0,"1",3.75909876823425,126168,1070960,555140
"59",NA,"",0,"1",0.576621532440186,126169,1071460,555140
"60",NA,"",0,"1",10.2263069152832,126170,1071960,555140
"61",NA,"",0,"1",10.7230520248413,126171,1072460,555140
"62",NA,"",0,"1",7.06112718582153,126172,1072960,555140
"63",NA,"",0,"1",36.3317680358887,126178,1075960,555140
"64",NA,"",0,"1",36.8154525756836,126198,1085960,555140
"65",NA,"",0,"2",13.4520215988159,126209,1091460,555140
"66",NA,"",0,"1",33.773738861084,126733,1070960,554640
"67",NA,"",0,"1",9.55071926116943,126734,1071460,554640
"68",NA,"",0,"2",20.6554565429688,126735,1071960,554640
"69",NA,"",0,"1",34.5733871459961,126737,1072960,554640
"70",NA,"",0,"1",22.2920303344727,126742,1075460,554640
"71",NA,"",0,"1",-0.908594310283661,126743,1075960,554640
"72",NA,"",0,"1",6.18912601470947,126744,1076460,554640
"73",NA,"",0,"1",28.2844429016113,126761,1084960,554640
"74",NA,"",0,"1",-0.00974584929645061,126762,1085460,554640
"75",NA,"",0,"1",16.4940986633301,126763,1085960,554640
"76",NA,"",0,"1",12.2338781356812,126764,1086460,554640
"77",NA,"",0,"1",32.603401184082,127299,1071460,554140
"78",NA,"",0,"1",27.4394588470459,127300,1071960,554140
"79",NA,"",0,"1",5.72540330886841,127307,1075460,554140
"80",NA,"",0,"2",6.10657548904419,127310,1076960,554140
"81",NA,"",0,"1",4.89155912399292,127311,1077460,554140
"82",NA,"",0,"1",21.229549407959,127312,1077960,554140
"83",NA,"",0,"1",-0.999876439571381,127327,1085460,554140
"84",NA,"",0,"1",32.3833045959473,127329,1086460,554140
"85",NA,"",0,"1",4.7365927696228,127330,1086960,554140
"86",NA,"",0,"1",-2.44255518913269,127331,1087460,554140
"87",NA,"",0,"2",9.35137271881104,127871,1074960,553640
"88",NA,"",0,"1",-1.59821844100952,127872,1075460,553640
"89",NA,"",0,"1",10.4335975646973,127879,1078960,553640
"90",NA,"",0,"1",19.8258800506592,127891,1084960,553640
"91",NA,"",0,"1",14.2462692260742,127896,1087460,553640
"92",NA,"",0,"2",27.2459373474121,128435,1074460,553140
"93",NA,"",0,"1",4.43246412277222,128436,1074960,553140
"94",NA,"",0,"1",-0.500633060932159,128437,1075460,553140
"95",NA,"",0,"2",39.1952629089355,128446,1079960,553140
"96",NA,"",0,"1",7.81035232543945,128456,1084960,553140
"97",NA,"",0,"2",28.7222309112549,129000,1074460,552640
"98",NA,"",0,"1",3.86770725250244,129001,1074960,552640
"99",NA,"",0,"1",-1.29925155639648,129002,1075460,552640
"100",NA,"",0,"1",-2.52452158927917,129010,1079460,552640
"101",NA,"",0,"1",24.2479953765869,129011,1079960,552640
"102",NA,"",0,"1",4.6554217338562,129028,1088460,552640
"103",NA,"",0,"1",11.8467569351196,129566,1074960,552140
"104",NA,"",0,"1",3.62154150009155,129567,1075460,552140
"105",NA,"",0,"1",-1.81904363632202,129568,1075960,552140
"106",NA,"",0,"1",0.120210058987141,129575,1079460,552140
"107",NA,"",0,"2",26.7047119140625,129576,1079960,552140
"108",NA,"",0,"1",25.525182723999,129593,1088460,552140
"109",NA,"",0,"1",20.2123279571533,130132,1075460,551640
"110",NA,"",0,"1",6.35283184051514,130133,1075960,551640
"111",NA,"",0,"1",-1.49466073513031,130134,1076460,551640
"112",NA,"",0,"1",-1.31262362003326,130139,1078960,551640
"113",NA,"",0,"2",8.07869338989258,130140,1079460,551640
"114",NA,"",0,"2",34.1738929748535,130141,1079960,551640
"115",NA,"",0,"1",38.6982498168945,130698,1075960,551140
"116",NA,"",0,"1",3.56372785568237,130699,1076460,551140
"117",NA,"",0,"2",4.92562484741211,130704,1078960,551140
"118",NA,"",0,"2",30.2324123382568,130705,1079460,551140
"119",NA,"",0,"2",38.8718338012695,130707,1080460,551140
"120",NA,"",0,"1",32.1648559570312,130724,1088960,551140
"121",NA,"",0,"2",22.0036869049072,131264,1076460,550640
"122",NA,"",0,"1",0.579953253269196,131265,1076960,550640
"123",NA,"",0,"1",-1.99155330657959,131266,1077460,550640
"124",NA,"",0,"1",5.1424241065979,131269,1078960,550640
"125",NA,"",0,"1",29.952220916748,131272,1080460,550640
"126",NA,"",0,"1",2.39883041381836,131290,1089460,550640
"127",NA,"",0,"1",14.7242488861084,131819,1071460,550140
"128",NA,"",0,"2",24.3861522674561,131830,1076960,550140
"129",NA,"",0,"1",0.970515966415405,131831,1077460,550140
"130",NA,"",0,"1",-2.4047315120697,131832,1077960,550140
"131",NA,"",0,"1",-1.04985427856445,131833,1078460,550140
"132",NA,"",0,"2",22.3819046020508,131834,1078960,550140
"133",NA,"",0,"1",27.64599609375,131857,1090460,550140
"134",NA,"",0,"2",5.99087142944336,132384,1071460,549640
"135",NA,"",0,"1",21.8858737945557,132385,1071960,549640
"136",NA,"",0,"1",4.86558771133423,132396,1077460,549640
"137",NA,"",0,"1",-0.226305171847343,132397,1077960,549640
"138",NA,"",0,"1",-0.145624279975891,132398,1078460,549640
"139",NA,"",0,"1",8.95805358886719,132399,1078960,549640
"140",NA,"",0,"2",17.9303741455078,132400,1079460,549640
"141",NA,"",0,"1",33.5017127990723,132401,1079960,549640
"142",NA,"",0,"1",27.3098373413086,132423,1090960,549640
"143",NA,"",0,"1",-0.566491603851318,132921,1057460,549140
"144",NA,"",0,"2",8.51213836669922,132922,1057960,549140
"145",NA,"",0,"2",21.4575862884521,132923,1058460,549140
"146",NA,"",0,"2",32.5123443603516,132924,1058960,549140
"147",NA,"",0,"1",9.28898429870605,132949,1071460,549140
"148",NA,"",0,"1",11.6435947418213,132950,1071960,549140
"149",NA,"",0,"2",35.3171844482422,132961,1077460,549140
"150",NA,"",0,"1",4.06905698776245,132962,1077960,549140
"151",NA,"",0,"1",-0.220550730824471,132963,1078460,549140
"152",NA,"",0,"2",0.510431110858917,132964,1078960,549140
"153",NA,"",0,"1",0.606271266937256,132965,1079460,549140
"154",NA,"",0,"1",1.2635486125946,132966,1079960,549140
"155",NA,"",0,"1",35.493782043457,132967,1080460,549140
"156",NA,"",0,"1",25.108528137207,132968,1080960,549140
"157",NA,"",0,"2",26.5769882202148,132969,1081460,549140
"158",NA,"",0,"1",19.9962291717529,132976,1084960,549140
"159",NA,"",0,"1",5.12128162384033,132977,1085460,549140
"160",NA,"",0,"2",12.3406677246094,132978,1085960,549140
"161",NA,"",0,"1",31.1483726501465,132979,1086460,549140
"162",NA,"",0,"1",8.40641117095947,132982,1087960,549140
"163",NA,"",0,"1",12.5239019393921,132983,1088460,549140
"164",NA,"",0,"1",20.2830963134766,132984,1088960,549140
"165",NA,"",0,"1",0.420406222343445,133487,1057960,548640
"166",NA,"",0,"1",11.0950632095337,133488,1058460,548640
"167",NA,"",0,"2",29.3093223571777,133489,1058960,548640
"168",NA,"",0,"1",30.9438610076904,133490,1059460,548640
"169",NA,"",0,"1",5.70745658874512,133513,1070960,548640
"170",NA,"",0,"1",0.0295185018330812,133515,1071960,548640
"171",NA,"",0,"1",38.4221038818359,133516,1072460,548640
"172",NA,"",0,"1",7.66544198989868,133527,1077960,548640
"173",NA,"",0,"1",0.396876126527786,133528,1078460,548640
"174",NA,"",0,"1",1.37302052974701,133529,1078960,548640
"175",NA,"",0,"1",0.855875551700592,133530,1079460,548640
"176",NA,"",0,"1",0.646007776260376,133531,1079960,548640
"177",NA,"",0,"1",14.1175718307495,133532,1080460,548640
"178",NA,"",0,"1",0.904880046844482,133533,1080960,548640
"179",NA,"",0,"1",-0.868957459926605,133534,1081460,548640
"180",NA,"",0,"1",-0.960622310638428,133535,1081960,548640
"181",NA,"",0,"2",13.330039024353,133536,1082460,548640
"182",NA,"",0,"2",33.8323173522949,133537,1082960,548640
"183",NA,"",0,"2",33.7242393493652,133539,1083960,548640
"184",NA,"",0,"2",14.6258735656738,133540,1084460,548640
"185",NA,"",0,"1",2.12089681625366,133541,1084960,548640
"186",NA,"",0,"1",0.477344214916229,133542,1085460,548640
"187",NA,"",0,"1",-1.06361150741577,133543,1085960,548640
"188",NA,"",0,"2",4.96247243881226,133544,1086460,548640
"189",NA,"",0,"2",8.92076587677002,133545,1086960,548640
"190",NA,"",0,"2",8.49164009094238,133546,1087460,548640
"191",NA,"",0,"1",-2.86442565917969,133547,1087960,548640
"192",NA,"",0,"1",5.49941062927246,133549,1088960,548640
"193",NA,"",0,"1",-3.00764799118042,134052,1057960,548140
"194",NA,"",0,"1",-0.83084762096405,134053,1058460,548140
"195",NA,"",0,"2",16.9294834136963,134054,1058960,548140
"196",NA,"",0,"2",32.1780166625977,134055,1059460,548140
"197",NA,"",0,"1",11.8737468719482,134093,1078460,548140
"198",NA,"",0,"1",1.75922954082489,134094,1078960,548140
"199",NA,"",0,"1",1.63242518901825,134095,1079460,548140
"200",NA,"",0,"1",1.05535817146301,134096,1079960,548140
"201",NA,"",0,"1",0.359263896942139,134097,1080460,548140
"202",NA,"",0,"1",-1.66856837272644,134098,1080960,548140
"203",NA,"",0,"1",-1.81939136981964,134101,1082460,548140
"204",NA,"",0,"2",4.67420387268066,134102,1082960,548140
"205",NA,"",0,"2",9.11131286621094,134103,1083460,548140
"206",NA,"",0,"2",8.27527523040771,134104,1083960,548140
"207",NA,"",0,"2",4.8158860206604,134105,1084460,548140
"208",NA,"",0,"1",-2.41001749038696,134110,1086960,548140
"209",NA,"",0,"1",1.82879996299744,134113,1088460,548140
"210",NA,"",0,"1",4.29459953308105,134114,1088960,548140
"211",NA,"",0,"1",39.8876647949219,134115,1089460,548140
"212",NA,"",0,"1",-9.00764846801758,134618,1058460,547640
"213",2020,"2020-08-16",1,"1",2.37560057640076,134619,1059296.95284165,547238.260460049
"214",NA,"",0,"2",14.6536922454834,134620,1059460,547640
"215",NA,"",0,"2",31.0844287872314,134621,1059960,547640
"216",NA,"",0,"1",18.9864559173584,134659,1078960,547640
"217",NA,"",0,"1",6.81767559051514,134660,1079460,547640
"218",NA,"",0,"2",15.7337493896484,134661,1079960,547640
"219",NA,"",0,"1",2.12660551071167,134662,1080460,547640
"220",NA,"",0,"1",0.535639047622681,134663,1080960,547640
"221",NA,"",0,"1",-1.66125643253326,134664,1081460,547640
"222",NA,"",0,"1",-2.42450904846191,134676,1087460,547640
"223",NA,"",0,"1",-2.12303805351257,134677,1087960,547640
"224",NA,"",0,"1",1.81992876529694,134678,1088460,547640
"225",NA,"",0,"1",2.433021068573,134679,1088960,547640
"226",NA,"",0,"2",7.56435871124268,134680,1089460,547640
"227",NA,"",0,"1",-2.33617496490479,135183,1058460,547140
"228",NA,"",0,"1",2.34473776817322,135184,1058960,547140
"229",NA,"",0,"1",7.14508771896362,135185,1059460,547140
"230",NA,"",0,"1",19.739294052124,135186,1059960,547140
"231",NA,"",0,"2",36.749885559082,135187,1060460,547140
"232",NA,"",0,"1",19.9104328155518,135225,1079460,547140
"233",NA,"",0,"2",37.6887969970703,135226,1079960,547140
"234",NA,"",0,"2",28.862735748291,135227,1080460,547140
"235",NA,"",0,"2",8.91475486755371,135228,1080960,547140
"236",NA,"",0,"2",5.81590175628662,135229,1081460,547140
"237",NA,"",0,"1",3.02203512191772,135230,1081960,547140
"238",NA,"",0,"1",-2.14681601524353,135231,1082460,547140
"239",NA,"",0,"1",-2.68420457839966,135232,1082960,547140
"240",NA,"",0,"1",-2.440762758255,135233,1083460,547140
"241",NA,"",0,"1",1.80530834197998,135234,1083960,547140
"242",NA,"",0,"1",1.30759358406067,135235,1084460,547140
"243",NA,"",0,"1",-2.20492196083069,135236,1084960,547140
"244",NA,"",0,"1",1.3870769739151,135237,1085460,547140
"245",NA,"",0,"1",4.4805064201355,135238,1085960,547140
"246",NA,"",0,"1",2.15423607826233,135239,1086460,547140
"247",NA,"",0,"1",0.62285840511322,135240,1086960,547140
"248",NA,"",0,"1",1.13560998439789,135241,1087460,547140
"249",NA,"",0,"1",1.04770052433014,135242,1087960,547140
"250",NA,"",0,"1",2.09092402458191,135243,1088460,547140
"251",NA,"",0,"1",2.30286026000977,135244,1088960,547140
"252",NA,"",0,"1",3.69675517082214,135245,1089460,547140
"253",NA,"",0,"1",-6.57099962234497,135748,1058460,546640
"254",NA,"",0,"1",6.91873550415039,135749,1058960,546640
"255",NA,"",0,"2",11.1099462509155,135750,1059460,546640
"256",NA,"",0,"1",15.9208793640137,135751,1059960,546640
"257",NA,"",0,"1",23.6492710113525,135752,1060460,546640
"258",NA,"",0,"2",31.0100021362305,135794,1081460,546640
"259",NA,"",0,"2",16.717658996582,135795,1081960,546640
"260",NA,"",0,"2",5.20699071884155,135796,1082460,546640
"261",NA,"",0,"1",0.244127243757248,135797,1082960,546640
"262",NA,"",0,"1",-0.5611252784729,135798,1083460,546640
"263",NA,"",0,"1",2.61283540725708,135799,1083960,546640
"264",NA,"",0,"1",2.76263380050659,135800,1084460,546640
"265",NA,"",0,"1",-1.28679144382477,135801,1084960,546640
"266",NA,"",0,"2",6.79329490661621,135802,1085460,546640
"267",NA,"",0,"2",8.29787635803223,135803,1085960,546640
"268",NA,"",0,"2",11.6587772369385,135804,1086460,546640
"269",NA,"",0,"1",7.55265712738037,135805,1086960,546640
"270",NA,"",0,"1",5.8794584274292,135806,1087460,546640
"271",NA,"",0,"1",1.78533101081848,135807,1087960,546640
"272",NA,"",0,"1",-0.447252720594406,135808,1088460,546640
"273",NA,"",0,"1",3.09653615951538,135809,1088960,546640
"274",NA,"",0,"1",4.19924688339233,135810,1089460,546640
"275",NA,"",0,"1",5.43674516677856,135811,1089960,546640
"276",NA,"",0,"1",2.51238870620728,136314,1058960,546140
"277",NA,"",0,"2",10.6014089584351,136315,1059460,546140
"278",NA,"",0,"2",11.3221349716187,136316,1059960,546140
"279",NA,"",0,"1",24.0317554473877,136317,1060460,546140
"280",NA,"",0,"1",27.0502243041992,136318,1060960,546140
"281",NA,"",0,"1",30.4592761993408,136361,1082460,546140
"282",NA,"",0,"2",6.33489942550659,136362,1082960,546140
"283",NA,"",0,"1",2.26364970207214,136363,1083460,546140
"284",NA,"",0,"1",5.80174541473389,136364,1083960,546140
"285",NA,"",0,"1",1.96047055721283,136365,1084460,546140
"286",NA,"",0,"1",6.29387807846069,136366,1084960,546140
"287",NA,"",0,"2",25.5171566009521,136367,1085460,546140
"288",NA,"",0,"2",38.5158882141113,136368,1085960,546140
"289",NA,"",0,"2",37.5346870422363,136370,1086960,546140
"290",NA,"",0,"2",31.5423545837402,136371,1087460,546140
"291",NA,"",0,"2",15.7327222824097,136372,1087960,546140
"292",NA,"",0,"1",7.4612922668457,136373,1088460,546140
"293",NA,"",0,"1",3.87748742103577,136374,1088960,546140
"294",NA,"",0,"2",4.57200002670288,136375,1089460,546140
"295",NA,"",0,"1",4.60958671569824,136376,1089960,546140
"296",NA,"",0,"1",4.93578958511353,136377,1090460,546140
"297",NA,"",0,"1",0.796726763248444,136879,1058960,545640
"298",NA,"",0,"2",10.418872833252,136880,1059460,545640
"299",NA,"",0,"2",16.3290481567383,136881,1059960,545640
"300",NA,"",0,"2",16.2840347290039,136882,1060460,545640
"301",NA,"",0,"1",24.0934276580811,136883,1060960,545640
"302",NA,"",0,"1",20.7847862243652,136884,1061460,545640
"303",NA,"",0,"1",27.8155918121338,136904,1071460,545640
"304",NA,"",0,"1",16.8348922729492,136905,1071960,545640
"305",NA,"",0,"2",24.6066131591797,136927,1082960,545640
"306",NA,"",0,"2",3.97661232948303,136928,1083460,545640
"307",NA,"",0,"1",0.434481829404831,136929,1083960,545640
"308",NA,"",0,"1",4.42652750015259,136930,1084460,545640
"309",NA,"",0,"2",9.50829410552979,136931,1084960,545640
"310",NA,"",0,"2",35.2457542419434,136938,1088460,545640
"311",NA,"",0,"2",16.0496139526367,136939,1088960,545640
"312",NA,"",0,"1",4.44551086425781,136940,1089460,545640
"313",NA,"",0,"1",4.64001083374023,136941,1089960,545640
"314",NA,"",0,"1",7.17364883422852,136942,1090460,545640
"315",NA,"",0,"1",4.53314542770386,136943,1090960,545640
"316",NA,"",0,"1",19.3865985870361,136944,1091460,545640
"317",NA,"",0,"2",3.66041684150696,137444,1058960,545140
"318",NA,"",0,"2",10.3516120910645,137445,1059460,545140
"319",NA,"",0,"2",16.7633476257324,137446,1059960,545140
"320",NA,"",0,"2",16.7639999389648,137447,1060460,545140
"321",NA,"",0,"1",25.1304492950439,137448,1060960,545140
"322",NA,"",0,"1",30.7823963165283,137449,1061460,545140
"323",NA,"",0,"1",29.0877704620361,137450,1061960,545140
"324",NA,"",0,"1",25.3442344665527,137469,1071460,545140
"325",NA,"",0,"1",19.5896339416504,137470,1071960,545140
"326",NA,"",0,"1",14.7671480178833,137471,1072460,545140
"327",NA,"",0,"2",18.6656723022461,137493,1083460,545140
"328",NA,"",0,"1",7.23426198959351,137494,1083960,545140
"329",NA,"",0,"1",6.45339775085449,137495,1084460,545140
"330",NA,"",0,"2",16.2846660614014,137496,1084960,545140
"331",NA,"",0,"2",24.0569820404053,137505,1089460,545140
"332",NA,"",0,"2",12.0203142166138,137506,1089960,545140
"333",NA,"",0,"1",4.81424570083618,137507,1090460,545140
"334",NA,"",0,"1",4.77138900756836,137508,1090960,545140
"335",NA,"",0,"1",3.05590963363647,137509,1091460,545140
"336",NA,"",0,"1",0.347918450832367,138009,1058960,544640
"337",NA,"",0,"2",7.32193422317505,138010,1059460,544640
"338",NA,"",0,"2",12.2914247512817,138011,1059960,544640
"339",NA,"",0,"1",16.0453033447266,138012,1060460,544640
"340",NA,"",0,"1",16.7567615509033,138013,1060960,544640
"341",NA,"",0,"1",30.7794647216797,138014,1061460,544640
"342",NA,"",0,"1",37.0234031677246,138015,1061960,544640
"343",NA,"",0,"1",19.2329959869385,138035,1071960,544640
"344",NA,"",0,"1",11.2263441085815,138036,1072460,544640
"345",NA,"",0,"1",26.2338409423828,138037,1072960,544640
"346",NA,"",0,"1",27.9048385620117,138059,1083960,544640
"347",NA,"",0,"1",18.9938488006592,138060,1084460,544640
"348",NA,"",0,"1",23.9987239837646,138061,1084960,544640
"349",NA,"",0,"2",29.9355697631836,138072,1090460,544640
"350",NA,"",0,"1",5.2294192314148,138073,1090960,544640
"351",NA,"",0,"1",4.10384702682495,138074,1091460,544640
"352",NA,"",0,"1",0.988716125488281,138575,1059460,544140
"353",NA,"",0,"2",6.8825421333313,138576,1059960,544140
"354",NA,"",0,"2",12.6066274642944,138577,1060460,544140
"355",NA,"",0,"2",16.8397254943848,138578,1060960,544140
"356",NA,"",0,"1",8.38770866394043,138579,1061460,544140
"357",NA,"",0,"1",31.0676345825195,138580,1061960,544140
"358",NA,"",0,"1",16.556978225708,138600,1071960,544140
"359",NA,"",0,"1",17.1800746917725,138601,1072460,544140
"360",NA,"",0,"1",11.2066955566406,138602,1072960,544140
"361",NA,"",0,"2",29.6981945037842,138638,1090960,544140
"362",NA,"",0,"1",4.65982818603516,138639,1091460,544140
"363",NA,"",0,"1",-9.14013671875,139140,1059460,543640
"364",NA,"",0,"2",1.01381587982178,139141,1059960,543640
"365",NA,"",0,"2",6.38316488265991,139142,1060460,543640
"366",2020,"2020-08-16",1,"2",8.9194278717041,139143,1060962.91573773,543379.604463632
"367",NA,"",0,"2",21.6270084381104,139144,1061460,543640
"368",NA,"",0,"1",24.7996425628662,139145,1061960,543640
"369",NA,"",0,"1",28.8566608428955,139166,1072460,543640
"370",NA,"",0,"1",14.2625532150269,139167,1072960,543640
"371",NA,"",0,"1",30.5701789855957,139168,1073460,543640
"372",NA,"",0,"1",-8.0366907119751,139706,1059960,543140
"373",NA,"",0,"2",-0.177711829543114,139707,1060460,543140
"374",NA,"",0,"1",1.10697281360626,139708,1060960,543140
"375",2020,"2020-08-16",1,"1",7.93808269500732,139709,1061824.21059886,542834.133943302
"376",NA,"",0,"1",23.0316314697266,139710,1061960,543140
"377",NA,"",0,"1",34.5860290527344,139711,1062460,543140
"378",NA,"",0,"1",20.6542091369629,139732,1072960,543140
"379",NA,"",0,"2",-3.00764799118042,140273,1060960,542640
"380",NA,"",0,"1",-1.99693357944489,140274,1061460,542640
"381",NA,"",0,"1",-0.378050982952118,140275,1061960,542640
"382",2020,"2020-08-16",1,"1",1.521803855896,140276,1062784.25183256,542242.736316478
"383",NA,"",0,"2",30.478235244751,140277,1062960,542640
"384",NA,"",0,"1",32.9448738098145,140327,1087960,542640
"385",NA,"",0,"1",-2.94112539291382,140841,1062460,542140
"386",NA,"",0,"1",1.69121670722961,140842,1062960,542140
"387",NA,"",0,"1",32.4454040527344,140843,1063460,542140
"388",NA,"",0,"1",20.5956172943115,140884,1083960,542140
"389",NA,"",0,"1",17.5438652038574,140885,1084460,542140
"390",NA,"",0,"1",24.8137340545654,140886,1084960,542140
"391",NA,"",0,"1",16.3202152252197,140887,1085460,542140
"392",NA,"",0,"1",15.631742477417,140888,1085960,542140
"393",NA,"",0,"2",25.865686416626,140889,1086460,542140
"394",NA,"",0,"1",-5.5956244468689,141407,1062960,541640
"395",2020,"2020-08-16",1,"1",4.64354944229126,141408,1063883.19990147,541157.787282547
"396",NA,"",0,"1",35.1169662475586,141409,1063960,541640
"397",NA,"",0,"1",22.8513641357422,141449,1083960,541640
"398",NA,"",0,"1",10.2704582214355,141450,1084460,541640
"399",NA,"",0,"2",11.4385852813721,141451,1084960,541640
"400",NA,"",0,"2",9.98207092285156,141452,1085460,541640
"401",NA,"",0,"1",9.36143970489502,141453,1085960,541640
"402",NA,"",0,"2",10.0193347930908,141454,1086460,541640
"403",NA,"",0,"1",19.307107925415,141455,1086960,541640
"404",NA,"",0,"2",16.6881275177002,141456,1087460,541640
"405",NA,"",0,"2",22.1588764190674,141459,1088960,541640
"406",2020,"2020-08-16",1,"1",-0.271010041236877,141973,1063773.68672478,540657.657242904
"407",2020,"2020-08-16",1,"1",3.16389441490173,141974,1063984.19215558,540693.463486408
"408",NA,"",0,"1",36.7166938781738,142001,1077460,541140
"409",NA,"",0,"1",32.4717674255371,142002,1077960,541140
"410",NA,"",0,"1",29.657169342041,142014,1083960,541140
"411",NA,"",0,"1",10.8725271224976,142015,1084460,541140
"412",NA,"",0,"1",10.6283473968506,142016,1084960,541140
"413",NA,"",0,"1",9.7261266708374,142017,1085460,541140
"414",NA,"",0,"1",8.98222064971924,142018,1085960,541140
"415",NA,"",0,"1",11.4195699691772,142019,1086460,541140
"416",NA,"",0,"2",11.5550012588501,142020,1086960,541140
"417",NA,"",0,"2",16.0409412384033,142021,1087460,541140
"418",NA,"",0,"1",24.2021236419678,142022,1087960,541140
"419",NA,"",0,"1",20.6731986999512,142023,1088460,541140
"420",NA,"",0,"1",10.8527536392212,142024,1088960,541140
"421",NA,"",0,"2",34.636905670166,142025,1089460,541140
"422",NA,"",0,"1",3.7643768787384,142539,1063960,540640
"423",NA,"",0,"1",19.0526924133301,142540,1064460,540640
"424",NA,"",0,"1",34.7511940002441,142566,1077460,540640
"425",NA,"",0,"1",21.230094909668,142567,1077960,540640
"426",NA,"",0,"1",18.645902633667,142580,1084460,540640
"427",NA,"",0,"1",8.73902130126953,142581,1084960,540640
"428",NA,"",0,"1",14.1814308166504,142582,1085460,540640
"429",NA,"",0,"1",8.09820747375488,142583,1085960,540640
"430",NA,"",0,"1",8.59430503845215,142584,1086460,540640
"431",NA,"",0,"1",8.20565795898438,142585,1086960,540640
"432",NA,"",0,"2",15.1719274520874,142586,1087460,540640
"433",NA,"",0,"1",7.86148262023926,142587,1087960,540640
"434",NA,"",0,"1",3.38045215606689,142588,1088460,540640
"435",NA,"",0,"1",10.38498878479,142589,1088960,540640
"436",NA,"",0,"2",24.5715885162354,142590,1089460,540640
"437",NA,"",0,"1",-6.00764799118042,143103,1063460,540140
"438",2020,"2020-08-16",1,"1",-1.03935599327087,143104,1064014.26136201,539711.884996782
"439",NA,"",0,"2",13.6396913528442,143105,1064460,540140
"440",NA,"",0,"1",33.7531661987305,143146,1084960,540140
"441",NA,"",0,"2",24.4442863464355,143147,1085460,540140
"442",NA,"",0,"2",19.5944766998291,143148,1085960,540140
"443",NA,"",0,"1",12.9020404815674,143149,1086460,540140
"444",NA,"",0,"2",24.8312644958496,143151,1087460,540140
"445",NA,"",0,"2",24.2784690856934,143152,1087960,540140
"446",NA,"",0,"2",11.9875421524048,143153,1088460,540140
"447",NA,"",0,"1",12.7851333618164,143154,1088960,540140
"448",NA,"",0,"2",33.3246192932129,143155,1089460,540140
"449",NA,"",0,"1",-0.720491647720337,143669,1063960,539640
"450",NA,"",0,"1",14.1308135986328,143670,1064460,539640
"451",NA,"",0,"2",23.1113777160645,143671,1064960,539640
"452",NA,"",0,"2",32.645149230957,143714,1086460,539640
"453",NA,"",0,"1",35.8869934082031,143719,1088960,539640
"454",NA,"",0,"1",-0.0679410621523857,144234,1063960,539140
"455",NA,"",0,"1",13.1355619430542,144235,1064460,539140
"456",NA,"",0,"2",18.3248901367188,144236,1064960,539140
"457",NA,"",0,"2",28.3997611999512,144237,1065460,539140
"458",NA,"",0,"1",-2.64280867576599,144799,1063960,538640
"459",NA,"",0,"1",-0.313577502965927,144800,1064460,538640
"460",NA,"",0,"2",12.866678237915,144801,1064960,538640
"461",NA,"",0,"2",19.1931781768799,144802,1065460,538640
"462",NA,"",0,"2",33.9207420349121,144803,1065960,538640
"463",NA,"",0,"2",-1.71160423755646,145366,1064960,538140
"464",NA,"",0,"1",1.68352651596069,145367,1065460,538140
"465",NA,"",0,"1",18.4738254547119,145368,1065960,538140
"466",NA,"",0,"2",35.7190399169922,145369,1066460,538140
"467",NA,"",0,"1",-1.38542711734772,145932,1065460,537640
"468",NA,"",0,"1",-0.304658561944962,145933,1065960,537640
"469",NA,"",0,"2",13.7724800109863,145934,1066460,537640
"470",NA,"",0,"1",26.6160583496094,145935,1066960,537640
"471",NA,"",0,"1",-8.00764846801758,146498,1065960,537140
"472",NA,"",0,"1",-2.04896235466003,146499,1066460,537140
"473",NA,"",0,"2",4.67614030838013,146500,1066960,537140
"474",NA,"",0,"1",19.3325824737549,146501,1067460,537140
"475",NA,"",0,"1",-9.00764846801758,147065,1066960,536640
"476",NA,"",0,"1",5.60092496871948,147066,1067460,536640
"477",NA,"",0,"1",10.2936754226685,147067,1067960,536640
"478",NA,"",0,"1",37.8895645141602,147068,1068460,536640
"479",NA,"",0,"1",-7.97281742095947,147631,1067460,536140
"480",NA,"",0,"1",1.93467235565186,147632,1067960,536140
"481",NA,"",0,"2",9.14704990386963,147633,1068460,536140
"482",NA,"",0,"1",29.173376083374,147634,1068960,536140
"483",NA,"",0,"1",-1.78987610340118,148197,1067960,535640
"484",NA,"",0,"1",4.03084993362427,148198,1068460,535640
"485",NA,"",0,"2",11.0315809249878,148199,1068960,535640
"486",NA,"",0,"2",19.6913547515869,148200,1069460,535640
"487",NA,"",0,"2",32.3152198791504,148201,1069960,535640
"488",NA,"",0,"1",-2.23254704475403,148763,1068460,535140
"489",NA,"",0,"2",3.54260969161987,148764,1068960,535140
"490",NA,"",0,"1",7.4989185333252,148765,1069460,535140
"491",NA,"",0,"1",15.6533889770508,148766,1069960,535140
"492",NA,"",0,"2",30.4025897979736,148767,1070460,535140
"493",NA,"",0,"1",-1.55883479118347,149329,1068960,534640
"494",NA,"",0,"1",-0.852330565452576,149330,1069460,534640
"495",NA,"",0,"2",9.09411811828613,149331,1069960,534640
"496",NA,"",0,"1",17.689037322998,149332,1070460,534640
"497",NA,"",0,"2",32.3503570556641,149333,1070960,534640
"498",NA,"",0,"1",4.62492990493774,149896,1069960,534140
"499",NA,"",0,"2",9.53295803070068,149897,1070460,534140
"500",NA,"",0,"2",22.1486072540283,149898,1070960,534140
"501",NA,"",0,"2",30.9366760253906,149899,1071460,534140
"502",NA,"",0,"1",9.66101360321045,150462,1070460,533640
"503",NA,"",0,"1",19.185266494751,150463,1070960,533640
"504",NA,"",0,"2",23.3498840332031,150464,1071460,533640
"505",NA,"",0,"1",31.5434741973877,150465,1071960,533640
"506",NA,"",0,"1",-0.138425409793854,151027,1070460,533140
"507",NA,"",0,"2",9.08129692077637,151028,1070960,533140
"508",NA,"",0,"2",22.960880279541,151029,1071460,533140
"509",NA,"",0,"2",21.5209636688232,151030,1071960,533140
"510",NA,"",0,"1",32.1433868408203,151031,1072460,533140
"511",NA,"",0,"1",1.04950368404388,151593,1070960,532640
"512",NA,"",0,"2",14.7475156784058,151594,1071460,532640
"513",NA,"",0,"2",27.2467250823975,151595,1071960,532640
"514",NA,"",0,"2",29.5031909942627,151596,1072460,532640
"515",NA,"",0,"2",2.84070014953613,152159,1071460,532140
"516",NA,"",0,"2",19.0178718566895,152160,1071960,532140
"517",NA,"",0,"2",34.4983406066895,152161,1072460,532140
"518",NA,"",0,"1",-0.952988743782043,152724,1071460,531640
"519",NA,"",0,"2",6.17188739776611,152725,1071960,531640
"520",NA,"",0,"1",13.3522567749023,152726,1072460,531640
"521",NA,"",0,"2",29.9894618988037,152727,1072960,531640
"522",NA,"",0,"1",-2.12077641487122,153290,1071960,531140
"523",NA,"",0,"1",4.82120323181152,153291,1072460,531140
"524",NA,"",0,"1",9.13704490661621,153292,1072960,531140
"525",NA,"",0,"2",31.9232788085938,153293,1073460,531140
"526",NA,"",0,"1",-7.7869348526001,153856,1072460,530640
"527",NA,"",0,"1",-0.134347707033157,153857,1072960,530640
"528",NA,"",0,"2",15.5644817352295,153858,1073460,530640
"529",NA,"",0,"2",34.4016761779785,153859,1073960,530640
"530",NA,"",0,"1",-2.82146310806274,154422,1072960,530140
"531",NA,"",0,"1",2.95793652534485,154423,1073460,530140
"532",NA,"",0,"1",9.68396282196045,154424,1073960,530140
"533",NA,"",0,"2",33.6272735595703,154425,1074460,530140
"534",NA,"",0,"1",-1.31064891815186,154988,1073460,529640
"535",NA,"",0,"1",2.90509605407715,154989,1073960,529640
"536",NA,"",0,"2",12.0480003356934,154990,1074460,529640
"537",NA,"",0,"2",32.7933769226074,154991,1074960,529640
"538",NA,"",0,"1",0.313990771770477,155555,1074460,529140
"539",NA,"",0,"1",13.7567462921143,155556,1074960,529140
"540",NA,"",0,"2",37.1247825622559,155557,1075460,529140
"541",NA,"",0,"1",-2.36202263832092,156120,1074460,528640
"542",NA,"",0,"1",3.17763519287109,156121,1074960,528640
"543",NA,"",0,"2",14.4457683563232,156122,1075460,528640
"544",NA,"",0,"2",29.4821434020996,156123,1075960,528640
"545",NA,"",0,"1",-3.67989277839661,156685,1074460,528140
"546",NA,"",0,"1",0.230890706181526,156686,1074960,528140
"547",NA,"",0,"1",0.603227972984314,156687,1075460,528140
"548",NA,"",0,"2",12.3871173858643,156688,1075960,528140
"549",NA,"",0,"2",30.2689685821533,156689,1076460,528140
"550",NA,"",0,"1",3.54723024368286,157253,1075960,527640
"551",NA,"",0,"2",19.5684509277344,157254,1076460,527640
"552",NA,"",0,"2",34.7784423828125,157255,1076960,527640
"553",NA,"",0,"1",3.80485391616821,157819,1076460,527140
"554",NA,"",0,"1",19.7037410736084,157820,1076960,527140
"555",NA,"",0,"2",35.2898063659668,157821,1077460,527140
"556",NA,"",0,"1",-0.991721928119659,158384,1076460,526640
"557",NA,"",0,"2",8.6764497756958,158385,1076960,526640
"558",NA,"",0,"2",24.274133682251,158386,1077460,526640
"559",NA,"",0,"2",37.8293914794922,158387,1077960,526640
"560",NA,"",0,"1",-1.20034599304199,158950,1076960,526140
"561",NA,"",0,"2",13.2994070053101,158951,1077460,526140
"562",NA,"",0,"2",29.5000076293945,158952,1077960,526140
"563",NA,"",0,"2",37.1638259887695,158953,1078460,526140
"564",NA,"",0,"1",-2.16340494155884,159516,1077460,525640
"565",NA,"",0,"2",5.63185787200928,159517,1077960,525640
"566",NA,"",0,"2",16.8226509094238,159518,1078460,525640
"567",NA,"",0,"2",28.3270721435547,159519,1078960,525640
"568",NA,"",0,"2",36.1906433105469,159520,1079460,525640
"569",NA,"",0,"1",-5.00764799118042,160083,1078460,525140
"570",NA,"",0,"1",1.65041530132294,160084,1078960,525140
"571",NA,"",0,"1",4.31162023544312,160085,1079460,525140
"572",NA,"",0,"2",5.09192657470703,160086,1079960,525140
"573",NA,"",0,"1",13.4671106338501,160087,1080460,525140
"574",NA,"",0,"2",39.5896911621094,160088,1080960,525140
"575",NA,"",0,"1",0.368351221084595,160650,1079460,524640
"576",NA,"",0,"2",5.4084210395813,160651,1079960,524640
"577",NA,"",0,"2",6.65493679046631,160652,1080460,524640
"578",NA,"",0,"1",7.80787467956543,160653,1080960,524640
"579",NA,"",0,"2",37.757438659668,160654,1081460,524640
"580",NA,"",0,"1",-1.84077823162079,161216,1079960,524140
"581",NA,"",0,"2",5.99849796295166,161217,1080460,524140
"582",NA,"",0,"2",8.85433769226074,161218,1080960,524140
"583",NA,"",0,"2",8.34136962890625,161219,1081460,524140
"584",NA,"",0,"2",23.4578075408936,161220,1081960,524140
"585",NA,"",0,"1",-2.22139120101929,161782,1080460,523640
"586",NA,"",0,"2",4.57164621353149,161783,1080960,523640
"587",NA,"",0,"2",9.44560432434082,161784,1081460,523640
"588",NA,"",0,"2",9.97453022003174,161785,1081960,523640
"589",NA,"",0,"1",11.8902168273926,161786,1082460,523640
"590",NA,"",0,"2",27.0098934173584,161787,1082960,523640
"591",NA,"",0,"1",-1.85673499107361,162347,1080460,523140
"592",NA,"",0,"1",1.02617108821869,162348,1080960,523140
"593",NA,"",0,"1",1.74059045314789,162349,1081460,523140
"594",NA,"",0,"1",7.50145769119263,162350,1081960,523140
"595",NA,"",0,"2",8.93362236022949,162351,1082460,523140
"596",NA,"",0,"1",11.9198274612427,162352,1082960,523140
"597",NA,"",0,"1",20.8551940917969,162353,1083460,523140
"598",NA,"",0,"2",-2.88656091690063,162913,1080960,522640
"599",NA,"",0,"1",-2.19989585876465,162914,1081460,522640
"600",NA,"",0,"1",2.37914371490479,162915,1081960,522640
"601",NA,"",0,"1",4.55503273010254,162916,1082460,522640
"602",NA,"",0,"1",5.5905442237854,162917,1082960,522640
"603",NA,"",0,"1",11.0001649856567,162918,1083460,522640
"604",NA,"",0,"2",36.7973899841309,162919,1083960,522640
"605",NA,"",0,"1",-2.96820259094238,163478,1080960,522140
"606",NA,"",0,"1",-2.28313231468201,163479,1081460,522140
"607",NA,"",0,"1",-0.241033971309662,163480,1081960,522140
"608",NA,"",0,"1",3.9328498840332,163481,1082460,522140
"609",NA,"",0,"1",-0.51483803987503,163482,1082960,522140
"610",NA,"",0,"1",8.20702743530273,163483,1083460,522140
"611",NA,"",0,"2",14.1316814422607,163484,1083960,522140
"612",NA,"",0,"1",1.370640873909,164046,1082460,521640
"613",NA,"",0,"1",5.48667669296265,164047,1082960,521640
"614",NA,"",0,"1",4.41589117050171,164048,1083460,521640
"615",NA,"",0,"1",12.0127515792847,164049,1083960,521640
"616",NA,"",0,"2",36.3473281860352,164050,1084460,521640
"617",NA,"",0,"1",-1.40752494335175,164611,1082460,521140
"618",NA,"",0,"1",4.53324413299561,164612,1082960,521140
"619",NA,"",0,"1",7.28795623779297,164613,1083460,521140
"620",NA,"",0,"1",9.58494853973389,164614,1083960,521140
"621",NA,"",0,"1",14.8127574920654,164615,1084460,521140
"622",NA,"",0,"1",-3.66779160499573,165176,1082460,520640
"623",NA,"",0,"1",3.47243809700012,165177,1082960,520640
"624",NA,"",0,"1",6.75448083877563,165178,1083460,520640
"625",NA,"",0,"1",11.5813884735107,165179,1083960,520640
"626",NA,"",0,"1",9.04399108886719,165180,1084460,520640
"627",NA,"",0,"2",30.5440654754639,165181,1084960,520640
"628",NA,"",0,"1",0.121894359588623,165740,1081960,520140
"629",NA,"",0,"1",0.860505998134613,165741,1082460,520140
"630",NA,"",0,"1",0.00347399385645986,165742,1082960,520140
"631",NA,"",0,"1",6.06195640563965,165743,1083460,520140
"632",NA,"",0,"1",11.4722318649292,165744,1083960,520140
"633",NA,"",0,"2",10.5196886062622,165745,1084460,520140
"634",NA,"",0,"2",19.6734771728516,165746,1084960,520140
"635",NA,"",0,"1",0.228690087795258,166304,1081460,519640
"636",NA,"",0,"2",5.72654390335083,166305,1081960,519640
"637",NA,"",0,"2",11.4381513595581,166306,1082460,519640
"638",NA,"",0,"2",12.9172086715698,166307,1082960,519640
"639",NA,"",0,"2",11.0959348678589,166308,1083460,519640
"640",NA,"",0,"1",8.56460857391357,166309,1083960,519640
"641",NA,"",0,"1",15.5723037719727,166310,1084460,519640
"642",NA,"",0,"1",16.9151611328125,166311,1084960,519640
"643",NA,"",0,"2",35.4944000244141,166312,1085460,519640
"644",NA,"",0,"2",-9.00764846801758,166853,1073460,519140
"645",NA,"",0,"2",-5.81897449493408,166854,1073960,519140
"646",NA,"",0,"1",-0.512161135673523,166868,1080960,519140
"647",NA,"",0,"2",6.59284973144531,166869,1081460,519140
"648",NA,"",0,"2",9.14615345001221,166870,1081960,519140
"649",NA,"",0,"2",30.8491077423096,166871,1082460,519140
"650",NA,"",0,"2",34.917293548584,166872,1082960,519140
"651",NA,"",0,"2",35.2757339477539,166873,1083460,519140
"652",NA,"",0,"2",19.5449409484863,166874,1083960,519140
"653",NA,"",0,"1",18.5314865112305,166875,1084460,519140
"654",NA,"",0,"1",17.4324970245361,166876,1084960,519140
"655",NA,"",0,"2",26.3024406433105,166877,1085460,519140
"656",NA,"",0,"2",-3.03685164451599,167419,1073960,518640
"657",NA,"",0,"2",-0.650895535945892,167420,1074460,518640
"658",NA,"",0,"2",-9.00764846801758,167421,1074960,518640
"659",NA,"",0,"2",4.54173707962036,167433,1080960,518640
"660",NA,"",0,"2",7.37868404388428,167434,1081460,518640
"661",NA,"",0,"2",26.0347766876221,167435,1081960,518640
"662",NA,"",0,"2",35.4248542785645,167440,1084460,518640
"663",NA,"",0,"2",20.1069011688232,167441,1084960,518640
"664",NA,"",0,"2",23.6870346069336,167442,1085460,518640
"665",NA,"",0,"2",34.2522430419922,167443,1085960,518640
"666",NA,"",0,"2",-3.16350388526917,167984,1073960,518140
"667",NA,"",0,"2",-2.36944913864136,167985,1074460,518140
"668",NA,"",0,"2",-2.18182587623596,167986,1074960,518140
"669",NA,"",0,"2",-0.252447932958603,167987,1075460,518140
"670",NA,"",0,"1",1.39259052276611,167997,1080460,518140
"671",NA,"",0,"2",5.0412483215332,167998,1080960,518140
"672",NA,"",0,"2",6.87043809890747,167999,1081460,518140
"673",NA,"",0,"2",37.8803749084473,168000,1081960,518140
"674",NA,"",0,"2",37.2101287841797,168007,1085460,518140
"675",NA,"",0,"1",38.1094169616699,168008,1085960,518140
"676",NA,"",0,"2",-7.00764799118042,168549,1073960,517640
"677",NA,"",0,"2",-2.7441840171814,168550,1074460,517640
"678",NA,"",0,"2",-2.32807779312134,168551,1074960,517640
"679",NA,"",0,"2",-2.06904983520508,168552,1075460,517640
"680",NA,"",0,"2",-1.0878084897995,168553,1075960,517640
"681",NA,"",0,"2",-1.98500573635101,168554,1076460,517640
"682",NA,"",0,"1",-0.180184736847878,168555,1076960,517640
"683",NA,"",0,"1",-2.2604763507843,168556,1077460,517640
"684",NA,"",0,"2",-3.02190375328064,168557,1077960,517640
"685",NA,"",0,"2",-6.89185094833374,168558,1078460,517640
"686",NA,"",0,"1",-3.00583934783936,168559,1078960,517640
"687",NA,"",0,"1",1.30810523033142,168561,1079960,517640
"688",NA,"",0,"2",4.51167917251587,168562,1080460,517640
"689",NA,"",0,"2",6.1512942314148,168563,1080960,517640
"690",NA,"",0,"2",4.96873998641968,168564,1081460,517640
"691",NA,"",0,"2",-3.02279591560364,169115,1074460,517140
"692",NA,"",0,"2",-2.43779397010803,169116,1074960,517140
"693",NA,"",0,"2",-1.99817776679993,169117,1075460,517140
"694",NA,"",0,"2",-0.89026540517807,169118,1075960,517140
"695",NA,"",0,"2",-0.818958461284637,169119,1076460,517140
"696",NA,"",0,"2",14.519061088562,169120,1076960,517140
"697",NA,"",0,"2",25.4776611328125,169121,1077460,517140
"698",NA,"",0,"2",7.37702083587646,169122,1077960,517140
"699",NA,"",0,"2",-0.96190994977951,169123,1078460,517140
"700",NA,"",0,"2",2.65303444862366,169124,1078960,517140
"701",NA,"",0,"1",-1.339768409729,169125,1079460,517140
"702",NA,"",0,"2",3.31952142715454,169126,1079960,517140
"703",NA,"",0,"2",3.92194175720215,169127,1080460,517140
"704",NA,"",0,"2",5.5435061454773,169128,1080960,517140
"705",NA,"",0,"2",5.64624977111816,169129,1081460,517140
"706",NA,"",0,"1",24.5114860534668,169130,1081960,517140
"707",NA,"",0,"1",25.6970977783203,169139,1086460,517140
"708",NA,"",0,"2",-2.99386763572693,169681,1074960,516640
"709",NA,"",0,"2",-1.68991315364838,169682,1075460,516640
"710",NA,"",0,"2",-1.21920001506805,169683,1075960,516640
"711",NA,"",0,"2",-0.853409171104431,169684,1076460,516640
"712",NA,"",0,"2",20.9502830505371,169685,1076960,516640
"713",NA,"",0,"2",22.4004154205322,169686,1077460,516640
"714",NA,"",0,"2",-2.63237047195435,169688,1078460,516640
"715",NA,"",0,"2",-1.3205897808075,169689,1078960,516640
"716",NA,"",0,"2",2.66795563697815,169690,1079460,516640
"717",NA,"",0,"1",0.333027064800262,169691,1079960,516640
"718",NA,"",0,"2",5.12440824508667,169692,1080460,516640
"719",NA,"",0,"2",6.37949848175049,169693,1080960,516640
"720",NA,"",0,"1",4.22639751434326,169694,1081460,516640
"721",NA,"",0,"2",6.57075071334839,169695,1081960,516640
"722",NA,"",0,"2",34.8078575134277,169696,1082460,516640
"723",NA,"",0,"2",-1.86847543716431,170247,1075460,516140
"724",NA,"",0,"2",-0.419284701347351,170248,1075960,516140
"725",NA,"",0,"2",10.0027265548706,170249,1076460,516140
"726",NA,"",0,"2",19.958215713501,170250,1076960,516140
"727",NA,"",0,"2",28.1064319610596,170251,1077460,516140
"728",NA,"",0,"2",23.4482707977295,170252,1077960,516140
"729",NA,"",0,"2",17.3010139465332,170253,1078460,516140
"730",NA,"",0,"2",24.5917415618896,170254,1078960,516140
"731",NA,"",0,"2",29.8859100341797,170255,1079460,516140
"732",NA,"",0,"1",4.0469012260437,170256,1079960,516140
"733",NA,"",0,"1",1.22467923164368,170257,1080460,516140
"734",NA,"",0,"2",5.51789999008179,170258,1080960,516140
"735",NA,"",0,"1",4.73910140991211,170259,1081460,516140
"736",NA,"",0,"1",4.7336859703064,170260,1081960,516140
"737",NA,"",0,"2",5.18160009384155,170261,1082460,516140
"738",NA,"",0,"2",-1.07706880569458,170813,1075960,515640
"739",NA,"",0,"1",4.51247453689575,170814,1076460,515640
"740",NA,"",0,"2",1.48944103717804,170815,1076960,515640
"741",NA,"",0,"1",20.8452415466309,170816,1077460,515640
"742",NA,"",0,"1",36.3097457885742,170817,1077960,515640
"743",NA,"",0,"2",34.747200012207,170818,1078460,515640
"744",NA,"",0,"2",34.9495391845703,170819,1078960,515640
"745",NA,"",0,"1",4.43044185638428,170822,1080460,515640
"746",NA,"",0,"1",4.75729990005493,170823,1080960,515640
"747",NA,"",0,"1",2.97882628440857,170824,1081460,515640
"748",NA,"",0,"1",4.96854829788208,170825,1081960,515640
"749",NA,"",0,"2",6.82181453704834,170826,1082460,515640
"750",NA,"",0,"2",9.03542041778564,170827,1082960,515640
"751",NA,"",0,"2",-2.82543349266052,171379,1076460,515140
"752",NA,"",0,"2",-2.4608907699585,171380,1076960,515140
"753",NA,"",0,"2",-2.70893836021423,171381,1077460,515140
"754",NA,"",0,"1",-1.2592955827713,171382,1077960,515140
"755",NA,"",0,"2",33.3798141479492,171383,1078460,515140
"756",NA,"",0,"2",36.1273765563965,171384,1078960,515140
"757",NA,"",0,"2",35.4667663574219,171385,1079460,515140
"758",NA,"",0,"2",31.3945980072021,171388,1080960,515140
"759",NA,"",0,"1",5.92833280563354,171389,1081460,515140
"760",NA,"",0,"1",3.07911944389343,171390,1081960,515140
"761",NA,"",0,"1",4.45959329605103,171391,1082460,515140
"762",NA,"",0,"2",8.27511978149414,171392,1082960,515140
"763",NA,"",0,"2",-2.58702826499939,171947,1077960,514640
"764",NA,"",0,"2",19.3052673339844,171948,1078460,514640
"765",NA,"",0,"2",29.2764701843262,171949,1078960,514640
"766",NA,"",0,"2",31.2305431365967,171950,1079460,514640
"767",NA,"",0,"2",36.4647407531738,171951,1079960,514640
"768",NA,"",0,"2",32.5194969177246,171953,1080960,514640
"769",NA,"",0,"1",0.347616940736771,171954,1081460,514640
"770",NA,"",0,"1",3.63676834106445,171955,1081960,514640
"771",NA,"",0,"1",4.10937166213989,171956,1082460,514640
"772",NA,"",0,"1",6.2560567855835,171957,1082960,514640
"773",NA,"",0,"2",8.86009979248047,171958,1083460,514640
"774",NA,"",0,"2",-2.40638875961304,172512,1077960,514140
"775",NA,"",0,"1",2.189120054245,172513,1078460,514140
"776",NA,"",0,"2",27.8420085906982,172514,1078960,514140
"777",NA,"",0,"2",30.22607421875,172515,1079460,514140
"778",NA,"",0,"2",31.1707324981689,172516,1079960,514140
"779",NA,"",0,"2",34.7546463012695,172517,1080460,514140
"780",NA,"",0,"1",26.9691352844238,172519,1081460,514140
"781",NA,"",0,"1",1.05843758583069,172520,1081960,514140
"782",NA,"",0,"1",2.40288233757019,172521,1082460,514140
"783",NA,"",0,"1",3.94715476036072,172522,1082960,514140
"784",NA,"",0,"2",8.24046802520752,172523,1083460,514140
"785",NA,"",0,"2",17.5766830444336,172524,1083960,514140
"786",NA,"",0,"1",2.414057970047,173078,1078460,513640
"787",NA,"",0,"2",25.9449291229248,173079,1078960,513640
"788",NA,"",0,"2",29.4232654571533,173080,1079460,513640
"789",NA,"",0,"2",30.885814666748,173081,1079960,513640
"790",NA,"",0,"2",32.9365768432617,173082,1080460,513640
"791",NA,"",0,"2",34.964714050293,173083,1080960,513640
"792",NA,"",0,"1",-0.84302419424057,173085,1081960,513640
"793",NA,"",0,"1",0.259581208229065,173086,1082460,513640
"794",NA,"",0,"1",1.85845875740051,173087,1082960,513640
"795",NA,"",0,"1",2.26965045928955,173088,1083460,513640
"796",NA,"",0,"2",8.58687782287598,173089,1083960,513640
"797",NA,"",0,"2",33.4152984619141,173090,1084460,513640
"798",NA,"",0,"2",12.7280693054199,173644,1078960,513140
"799",NA,"",0,"2",27.7754077911377,173645,1079460,513140
"800",NA,"",0,"1",29.7921390533447,173646,1079960,513140
"801",NA,"",0,"2",31.9285163879395,173647,1080460,513140
"802",NA,"",0,"2",32.9840354919434,173648,1080960,513140
"803",NA,"",0,"2",36.4599838256836,173649,1081460,513140
"804",NA,"",0,"2",37.0195388793945,173650,1081960,513140
"805",NA,"",0,"1",-2.2627899646759,173651,1082460,513140
"806",NA,"",0,"1",-1.78456950187683,173652,1082960,513140
"807",NA,"",0,"1",1.64792847633362,173653,1083460,513140
"808",NA,"",0,"1",1.49941205978394,173654,1083960,513140
"809",NA,"",0,"2",19.9969692230225,173655,1084460,513140
"810",NA,"",0,"1",-2.61536002159119,174209,1078960,512640
"811",NA,"",0,"2",20.9627418518066,174210,1079460,512640
"812",NA,"",0,"2",29.2722873687744,174211,1079960,512640
"813",NA,"",0,"2",31.154806137085,174212,1080460,512640
"814",NA,"",0,"2",31.8765659332275,174213,1080960,512640
"815",NA,"",0,"2",34.8825073242188,174214,1081460,512640
"816",NA,"",0,"2",38.6781387329102,174215,1081960,512640
"817",NA,"",0,"1",5.46796941757202,174216,1082460,512640
"818",NA,"",0,"2",-4.28331613540649,174217,1082960,512640
"819",NA,"",0,"1",-2.03520703315735,174218,1083460,512640
"820",NA,"",0,"1",0.11960918456316,174219,1083960,512640
"821",NA,"",0,"2",5.75613927841187,174220,1084460,512640
"822",NA,"",0,"2",21.720796585083,174221,1084960,512640
"823",NA,"",0,"1",5.62645816802979,174775,1079460,512140
"824",NA,"",0,"2",25.3496799468994,174776,1079960,512140
"825",NA,"",0,"2",30.1928634643555,174777,1080460,512140
"826",NA,"",0,"2",32.9132041931152,174778,1080960,512140
"827",NA,"",0,"2",36.576000213623,174779,1081460,512140
"828",NA,"",0,"2",38.4048004150391,174780,1081960,512140
"829",NA,"",0,"2",24.3394050598145,174781,1082460,512140
"830",NA,"",0,"2",-2.93479633331299,174783,1083460,512140
"831",NA,"",0,"1",-0.5239098072052,174784,1083960,512140
"832",NA,"",0,"1",1.59815895557404,174785,1084460,512140
"833",NA,"",0,"2",8.93528366088867,174786,1084960,512140
"834",NA,"",0,"2",36.72998046875,174787,1085460,512140
"835",NA,"",0,"1",-0.936157584190369,175340,1079460,511640
"836",NA,"",0,"2",16.4395084381104,175341,1079960,511640
"837",NA,"",0,"2",28.8981323242188,175342,1080460,511640
"838",NA,"",0,"2",32.1343231201172,175343,1080960,511640
"839",NA,"",0,"2",35.0622329711914,175344,1081460,511640
"840",NA,"",0,"2",37.0192451477051,175345,1081960,511640
"841",NA,"",0,"2",36.4075164794922,175346,1082460,511640
"842",NA,"",0,"2",30.4159736633301,175347,1082960,511640
"843",NA,"",0,"1",-1.12725150585175,175348,1083460,511640
"844",NA,"",0,"1",-1.91428709030151,175349,1083960,511640
"845",NA,"",0,"1",0.0733870789408684,175350,1084460,511640
"846",NA,"",0,"1",3.65197134017944,175351,1084960,511640
"847",NA,"",0,"2",10.6718120574951,175352,1085460,511640
"848",NA,"",0,"1",-9.4737434387207,175905,1079460,511140
"849",NA,"",0,"2",8.06021785736084,175906,1079960,511140
"850",NA,"",0,"2",24.2868537902832,175907,1080460,511140
"851",NA,"",0,"2",30.8643779754639,175908,1080960,511140
"852",NA,"",0,"2",36.3309326171875,175909,1081460,511140
"853",NA,"",0,"2",36.7101402282715,175910,1081960,511140
"854",NA,"",0,"2",38.1886863708496,175911,1082460,511140
"855",NA,"",0,"2",32.292610168457,175912,1082960,511140
"856",NA,"",0,"2",16.6267852783203,175913,1083460,511140
"857",NA,"",0,"1",-2.02588939666748,175914,1083960,511140
"858",NA,"",0,"1",-0.893551290035248,175915,1084460,511140
"859",NA,"",0,"1",3.78223776817322,175916,1084960,511140
"860",NA,"",0,"2",4.35731506347656,175917,1085460,511140
"861",NA,"",0,"2",21.5283031463623,175918,1085960,511140
"862",NA,"",0,"1",1.61340689659119,176471,1079960,510640
"863",NA,"",0,"2",19.2904453277588,176472,1080460,510640
"864",NA,"",0,"2",29.0625228881836,176473,1080960,510640
"865",NA,"",0,"2",35.853141784668,176474,1081460,510640
"866",NA,"",0,"1",26.5923862457275,176475,1081960,510640
"867",NA,"",0,"2",38.3172721862793,176476,1082460,510640
"868",NA,"",0,"2",33.7530746459961,176477,1082960,510640
"869",NA,"",0,"2",27.0173320770264,176478,1083460,510640
"870",NA,"",0,"1",13.576756477356,176479,1083960,510640
"871",NA,"",0,"1",1.95914733409882,176481,1084960,510640
"872",NA,"",0,"1",2.91946649551392,176482,1085460,510640
"873",NA,"",0,"1",5.51387643814087,176483,1085960,510640
"874",NA,"",0,"2",29.6511631011963,176484,1086460,510640
"875",NA,"",0,"2",10.2840061187744,177037,1080460,510140
"876",NA,"",0,"2",26.0672092437744,177038,1080960,510140
"877",NA,"",0,"2",32.9494781494141,177039,1081460,510140
"878",NA,"",0,"2",38.9059181213379,177040,1081960,510140
"879",NA,"",0,"2",38.2777786254883,177041,1082460,510140
"880",NA,"",0,"2",35.4605560302734,177042,1082960,510140
"881",NA,"",0,"2",24.473611831665,177043,1083460,510140
"882",NA,"",0,"2",16.0621376037598,177044,1083960,510140
"883",NA,"",0,"2",0.471304267644882,177045,1084460,510140
"884",NA,"",0,"1",-1.56001365184784,177046,1084960,510140
"885",NA,"",0,"1",1.66937243938446,177047,1085460,510140
"886",NA,"",0,"1",4.09099960327148,177048,1085960,510140
"887",NA,"",0,"1",9.0753345489502,177049,1086460,510140
"888",NA,"",0,"2",26.949275970459,177050,1086960,510140
"889",NA,"",0,"2",-1.15821039676666,177602,1080460,509640
"890",NA,"",0,"2",20.4740924835205,177603,1080960,509640
"891",NA,"",0,"2",31.3010158538818,177604,1081460,509640
"892",NA,"",0,"2",37.4462547302246,177605,1081960,509640
"893",NA,"",0,"2",34.5493659973145,177607,1082960,509640
"894",NA,"",0,"2",23.5379657745361,177608,1083460,509640
"895",NA,"",0,"2",7.9221568107605,177609,1083960,509640
"896",NA,"",0,"1",1.50720000267029,177612,1085460,509640
"897",NA,"",0,"1",3.39040231704712,177613,1085960,509640
"898",NA,"",0,"1",7.65880107879639,177614,1086460,509640
"899",NA,"",0,"1",21.6093235015869,177615,1086960,509640
"900",NA,"",0,"2",-9.77340698242188,178167,1080460,509140
"901",NA,"",0,"1",-1.82601141929626,178168,1080960,509140
"902",NA,"",0,"2",29.1258277893066,178169,1081460,509140
"903",NA,"",0,"2",36.7426681518555,178170,1081960,509140
"904",NA,"",0,"2",35.8524894714355,178172,1082960,509140
"905",NA,"",0,"2",17.5686302185059,178173,1083460,509140
"906",NA,"",0,"2",2.46443915367126,178174,1083960,509140
"907",NA,"",0,"1",-1.2714809179306,178177,1085460,509140
"908",NA,"",0,"1",1.64899051189423,178178,1085960,509140
"909",NA,"",0,"2",5.40671539306641,178179,1086460,509140
"910",NA,"",0,"2",14.2308387756348,178180,1086960,509140
"911",NA,"",0,"2",30.7959537506104,178181,1087460,509140
"912",NA,"",0,"1",5.17732048034668,178733,1080960,508640
"913",NA,"",0,"2",28.2423992156982,178734,1081460,508640
"914",NA,"",0,"2",36.2471771240234,178735,1081960,508640
"915",NA,"",0,"2",36.1614723205566,178737,1082960,508640
"916",NA,"",0,"2",12.697808265686,178738,1083460,508640
"917",NA,"",0,"1",-0.530609846115112,178739,1083960,508640
"918",NA,"",0,"1",-2.60276794433594,178743,1085960,508640
"919",NA,"",0,"1",-0.0788713991641998,178744,1086460,508640
"920",NA,"",0,"2",5.43181324005127,178745,1086960,508640
"921",NA,"",0,"2",16.2644195556641,178746,1087460,508640
"922",NA,"",0,"2",26.426965713501,178747,1087960,508640
"923",NA,"",0,"2",39.2816429138184,178748,1088460,508640
"924",NA,"",0,"2",10.3189611434937,179298,1080960,508140
"925",NA,"",0,"2",28.4507865905762,179299,1081460,508140
"926",NA,"",0,"2",34.2624130249023,179300,1081960,508140
"927",NA,"",0,"2",39.6906204223633,179301,1082460,508140
"928",NA,"",0,"2",38.1367301940918,179302,1082960,508140
"929",NA,"",0,"2",26.9890651702881,179303,1083460,508140
"930",NA,"",0,"1",-2.95413112640381,179309,1086460,508140
"931",NA,"",0,"1",-0.129887580871582,179310,1086960,508140
"932",NA,"",0,"2",2.01166129112244,179311,1087460,508140
"933",NA,"",0,"2",11.6585836410522,179312,1087960,508140
"934",NA,"",0,"2",26.8142108917236,179313,1088460,508140
"935",NA,"",0,"1",1.23077702522278,179863,1080960,507640
"936",NA,"",0,"2",27.0825996398926,179864,1081460,507640
"937",NA,"",0,"2",33.5367240905762,179865,1081960,507640
"938",NA,"",0,"2",38.0266990661621,179867,1082960,507640
"939",NA,"",0,"2",20.3755931854248,179868,1083460,507640
"940",NA,"",0,"1",-1.84126758575439,179869,1083960,507640
"941",NA,"",0,"1",-2.39665484428406,179876,1087460,507640
"942",NA,"",0,"1",1.04774105548859,179877,1087960,507640
"943",NA,"",0,"2",11.9981727600098,179878,1088460,507640
"944",NA,"",0,"2",27.7592792510986,179879,1088960,507640
"945",NA,"",0,"2",38.9869956970215,179884,1091460,507640
"946",NA,"",0,"1",25.894229888916,180429,1081460,507140
"947",NA,"",0,"2",33.4223976135254,180430,1081960,507140
"948",NA,"",0,"2",37.9258193969727,180432,1082960,507140
"949",NA,"",0,"2",14.3958225250244,180433,1083460,507140
"950",NA,"",0,"1",-0.279143154621124,180443,1088460,507140
"951",NA,"",0,"2",12.7365322113037,180444,1088960,507140
"952",NA,"",0,"2",27.4825115203857,180445,1089460,507140
"953",NA,"",0,"2",35.4251251220703,180450,1091960,507140
"954",NA,"",0,"1",16.5518493652344,180994,1081460,506640
"955",NA,"",0,"2",31.9451065063477,180995,1081960,506640
"956",NA,"",0,"2",37.0420379638672,180997,1082960,506640
"957",NA,"",0,"2",15.243411064148,180998,1083460,506640
"958",NA,"",0,"1",2.93844532966614,181009,1088960,506640
"959",NA,"",0,"2",16.3717308044434,181010,1089460,506640
"960",NA,"",0,"2",30.2777252197266,181011,1089960,506640
"961",NA,"",0,"2",35.0879211425781,181015,1091960,506640
"962",NA,"",0,"1",2.68767333030701,181559,1081460,506140
"963",NA,"",0,"2",30.7469654083252,181560,1081960,506140
"964",NA,"",0,"2",33.774845123291,181562,1082960,506140
"965",NA,"",0,"2",10.8487815856934,181563,1083460,506140
"966",NA,"",0,"1",-1.22752320766449,181574,1088960,506140
"967",NA,"",0,"2",9.01382923126221,181575,1089460,506140
"968",NA,"",0,"2",21.1476974487305,181576,1089960,506140
"969",NA,"",0,"2",33.7667236328125,181577,1090460,506140
"970",NA,"",0,"2",33.306827545166,181580,1091960,506140
"971",NA,"",0,"2",27.9403038024902,182125,1081960,505640
"972",NA,"",0,"2",35.5619506835938,182127,1082960,505640
"973",NA,"",0,"2",9.17726612091064,182128,1083460,505640
"974",NA,"",0,"1",3.19053196907043,182140,1089460,505640
"975",NA,"",0,"2",12.8474578857422,182141,1089960,505640
"976",NA,"",0,"2",25.8743648529053,182142,1090460,505640
"977",NA,"",0,"2",39.1117553710938,182143,1090960,505640
"978",NA,"",0,"2",31.6515369415283,182145,1091960,505640
"979",NA,"",0,"2",16.4592170715332,182690,1081960,505140
"980",NA,"",0,"2",37.5261917114258,182691,1082460,505140
"981",NA,"",0,"1",-1.6066780090332,182693,1083460,505140
"982",NA,"",0,"1",-1.88584804534912,182705,1089460,505140
"983",NA,"",0,"2",4.46733856201172,182706,1089960,505140
"984",NA,"",0,"2",18.8777732849121,182707,1090460,505140
"985",NA,"",0,"2",34.8828315734863,182708,1090960,505140
"986",NA,"",0,"2",30.112434387207,182710,1091960,505140
"987",NA,"",0,"2",1.57452511787415,183255,1081960,504640
"988",NA,"",0,"2",31.0856895446777,183256,1082460,504640
"989",NA,"",0,"2",33.1278381347656,183258,1083460,504640
"990",NA,"",0,"1",0.55643618106842,183271,1089960,504640
"991",NA,"",0,"2",11.0260763168335,183272,1090460,504640
"992",NA,"",0,"2",26.5677795410156,183273,1090960,504640
"993",NA,"",0,"2",39.5082626342773,183274,1091460,504640
"994",NA,"",0,"2",26.7204666137695,183275,1091960,504640
"995",NA,"",0,"2",16.0347003936768,183821,1082460,504140
"996",NA,"",0,"2",37.2662315368652,183822,1082960,504140
"997",NA,"",0,"2",5.77087545394897,183824,1083960,504140
"998",NA,"",0,"1",-2.11834335327148,183836,1089960,504140
"999",NA,"",0,"1",1.51667869091034,183837,1090460,504140
"1000",NA,"",0,"2",15.4792604446411,183838,1090960,504140
"1001",NA,"",0,"2",34.7163124084473,183839,1091460,504140
"1002",NA,"",0,"2",24.0400676727295,183840,1091960,504140
"1003",NA,"",0,"1",0.245075985789299,184386,1082460,503640
"1004",NA,"",0,"2",30.1171875,184387,1082960,503640
"1005",NA,"",0,"1",-1.13183093070984,184390,1084460,503640
"1006",NA,"",0,"2",-8.7573299407959,184401,1089960,503640
"1007",NA,"",0,"1",-2.28312921524048,184402,1090460,503640
"1008",NA,"",0,"1",5.99127626419067,184403,1090960,503640
"1009",NA,"",0,"2",38.8328018188477,184404,1091460,503640
"1010",NA,"",0,"2",35.047966003418,184405,1091960,503640
"1011",NA,"",0,"2",16.7142314910889,184952,1082960,503140
"1012",NA,"",0,"2",38.2488288879395,184953,1083460,503140
"1013",NA,"",0,"2",30.4873962402344,184955,1084460,503140
"1014",NA,"",0,"1",0.420679092407227,184967,1090460,503140
"1015",NA,"",0,"2",11.156418800354,184968,1090960,503140
"1016",NA,"",0,"2",34.2378349304199,184969,1091460,503140
"1017",NA,"",0,"2",3.17929601669312,185517,1082960,502640
"1018",NA,"",0,"2",29.6709136962891,185518,1083460,502640
"1019",NA,"",0,"2",37.3459587097168,185519,1083960,502640
"1020",NA,"",0,"2",31.0938320159912,185521,1084960,502640
"1021",NA,"",0,"1",-0.784510970115662,185522,1085460,502640
"1022",NA,"",0,"1",2.73599886894226,185532,1090460,502640
"1023",NA,"",0,"2",17.1195507049561,185533,1090960,502640
"1024",NA,"",0,"2",33.5268402099609,185534,1091460,502640
"1025",NA,"",0,"1",34.444091796875,185535,1091960,502640
"1026",NA,"",0,"2",15.1669645309448,186083,1083460,502140
"1027",NA,"",0,"2",27.1871852874756,186084,1083960,502140
"1028",NA,"",0,"2",34.0175743103027,186085,1084460,502140
"1029",NA,"",0,"1",13.0109825134277,186088,1085960,502140
"1030",NA,"",0,"1",-0.838539898395538,186097,1090460,502140
"1031",NA,"",0,"2",16.161828994751,186098,1090960,502140
"1032",NA,"",0,"2",33.6239318847656,186099,1091460,502140
"1033",NA,"",0,"2",29.0099773406982,186100,1091960,502140
"1034",NA,"",0,"2",-7.02642154693604,186648,1083460,501640
"1035",NA,"",0,"2",-1.23700058460236,186649,1083960,501640
"1036",NA,"",0,"2",-1.36641013622284,186650,1084460,501640
"1037",NA,"",0,"2",9.57688236236572,186651,1084960,501640
"1038",NA,"",0,"1",12.6525573730469,186654,1086460,501640
"1039",NA,"",0,"1",3.93662142753601,186663,1090960,501640
"1040",NA,"",0,"2",30.4355373382568,186664,1091460,501640
"1041",NA,"",0,"2",36.0653800964355,186665,1091960,501640
"1042",NA,"",0,"2",-4.00764799118042,187215,1084460,501140
"1043",NA,"",0,"2",-1.90245997905731,187216,1084960,501140
"1044",NA,"",0,"2",35.4532165527344,187217,1085460,501140
"1045",NA,"",0,"2",16.0711040496826,187220,1086960,501140
"1046",NA,"",0,"1",-1.95905828475952,187228,1090960,501140
"1047",NA,"",0,"2",16.6889991760254,187229,1091460,501140
"1048",NA,"",0,"2",25.8346328735352,187230,1091960,501140
"1049",NA,"",0,"2",-3.00764799118042,187780,1084460,500640
"1050",NA,"",0,"2",-2.25957417488098,187781,1084960,500640
"1051",NA,"",0,"2",25.8260765075684,187782,1085460,500640
"1052",NA,"",0,"2",37.8009605407715,187783,1085960,500640
"1053",NA,"",0,"1",23.1206569671631,187786,1087460,500640
"1054",NA,"",0,"2",5.63180828094482,187794,1091460,500640
"1055",NA,"",0,"2",32.6924591064453,187795,1091960,500640
"1056",NA,"",0,"2",1.1122305393219,188346,1084960,500140
"1057",NA,"",0,"2",25.7295932769775,188347,1085460,500140
"1058",NA,"",0,"2",24.2201175689697,188348,1085960,500140
"1059",NA,"",0,"2",32.3196754455566,188349,1086460,500140
"1060",NA,"",0,"2",34.406810760498,188352,1087960,500140
"1061",NA,"",0,"1",7.19812202453613,188360,1091960,500140
"1062",NA,"",0,"2",-2.88153553009033,188911,1084960,499640
"1063",NA,"",0,"2",8.46951675415039,188912,1085460,499640
"1064",NA,"",0,"2",10.2195997238159,188913,1085960,499640
"1065",NA,"",0,"1",3.6442608833313,188914,1086460,499640
"1066",NA,"",0,"2",18.7307529449463,188915,1086960,499640
"1067",NA,"",0,"1",-1.49375522136688,188919,1088960,499640
"1068",NA,"",0,"2",-4.23740768432617,188925,1091960,499640
"1069",NA,"",0,"2",-3.00764799118042,189477,1085460,499140
"1070",NA,"",0,"2",-2.52503085136414,189478,1085960,499140
"1071",NA,"",0,"2",-6.64135885238647,189479,1086460,499140
"1072",NA,"",0,"1",7.67167329788208,189481,1087460,499140
"1073",NA,"",0,"2",34.8280830383301,189484,1088960,499140
"1074",NA,"",0,"2",-3.00764799118042,190043,1085960,498640
"1075",NA,"",0,"1",-9.25275039672852,190046,1087460,498640
"1076",NA,"",0,"2",19.060417175293,190047,1087960,498640
"1077",NA,"",0,"1",27.3642139434814,190050,1089460,498640
"1078",NA,"",0,"2",-3.00764799118042,190611,1087460,498140
"1079",NA,"",0,"1",3.72747588157654,190612,1087960,498140
"1080",NA,"",0,"2",30.8641815185547,190613,1088460,498140
"1081",NA,"",0,"2",-1.93224263191223,191176,1087460,497640
"1082",NA,"",0,"1",0.780489683151245,191177,1087960,497640
"1083",NA,"",0,"2",17.7809886932373,191178,1088460,497640
"1084",NA,"",0,"2",28.507022857666,191181,1089960,497640
"1085",NA,"",0,"1",-2.64584803581238,191182,1090460,497640
"1086",NA,"",0,"1",-1.08769941329956,191741,1087460,497140
"1087",NA,"",0,"1",6.10853433609009,191742,1087960,497140
"1088",NA,"",0,"1",7.65353918075562,191743,1088460,497140
"1089",NA,"",0,"2",36.6268768310547,191744,1088960,497140
"1090",NA,"",0,"2",14.3975124359131,191747,1090460,497140
"1091",NA,"",0,"1",-0.953392326831818,191748,1090960,497140
"1092",NA,"",0,"1",-2.66820478439331,191749,1091460,497140
"1093",NA,"",0,"2",-7.16958904266357,192305,1086960,496640
"1094",NA,"",0,"2",-1.60161435604095,192306,1087460,496640
"1095",NA,"",0,"1",4.17299175262451,192307,1087960,496640
"1096",NA,"",0,"1",1.51115667819977,192308,1088460,496640
"1097",NA,"",0,"2",20.3842945098877,192309,1088960,496640
"1098",NA,"",0,"1",13.7651920318604,192313,1090960,496640
"1099",NA,"",0,"2",18.9856300354004,192314,1091460,496640
"1100",NA,"",0,"1",7.28743839263916,192315,1091960,496640
"1101",NA,"",0,"2",4.11171102523804,192872,1087960,496140
"1102",NA,"",0,"1",1.0650589466095,192873,1088460,496140
"1103",NA,"",0,"2",10.6714735031128,192874,1088960,496140
"1104",NA,"",0,"2",31.3461170196533,192875,1089460,496140
"1105",NA,"",0,"1",30.0716552734375,192879,1091460,496140
"1106",NA,"",0,"2",29.1792221069336,192880,1091960,496140
"1107",NA,"",0,"2",-3.00764799118042,193436,1087460,495640
"1108",NA,"",0,"1",-1.68610274791718,193437,1087960,495640
"1109",NA,"",0,"2",-1.94117641448975,193438,1088460,495640
"1110",NA,"",0,"1",1.36778616905212,193439,1088960,495640
"1111",NA,"",0,"1",3.72696304321289,193440,1089460,495640
"1112",NA,"",0,"2",26.1333904266357,193441,1089960,495640
"1113",NA,"",0,"1",-1.17708313465118,193445,1091960,495640
"1114",NA,"",0,"1",-7.00764799118042,194001,1087460,495140
"1115",NA,"",0,"2",-2.87118101119995,194002,1087960,495140
"1116",NA,"",0,"2",-0.541042983531952,194006,1089960,495140
"1117",NA,"",0,"1",5.48217916488647,194007,1090460,495140
"1118",NA,"",0,"2",39.1910362243652,194008,1090960,495140
"1119",NA,"",0,"2",37.801399230957,194009,1091460,495140
"1120",NA,"",0,"1",10.5144290924072,194010,1091960,495140
"1121",NA,"",0,"2",-3.00764799118042,194567,1087960,494640
"1122",NA,"",0,"2",-3.00764799118042,194568,1088460,494640
"1123",NA,"",0,"2",-0.958239376544952,194572,1090460,494640
"1124",NA,"",0,"1",2.44766426086426,194573,1090960,494640
"1125",NA,"",0,"2",23.6731853485107,194574,1091460,494640
"1126",NA,"",0,"1",-1.96207237243652,194575,1091960,494640
"1127",NA,"",0,"1",1.17991530895233,194758,1183460,494640
"1128",NA,"",0,"2",31.4485931396484,194761,1184960,494640
"1129",NA,"",0,"1",30.0376281738281,194764,1186460,494640
"1130",NA,"",0,"2",-2.64479994773865,195137,1090460,494140
"1131",NA,"",0,"2",-2.60091066360474,195138,1090960,494140
"1132",NA,"",0,"2",-2.57715725898743,195139,1091460,494140
"1133",NA,"",0,"1",3.80255675315857,195323,1183460,494140
"1134",NA,"",0,"1",16.4624176025391,195326,1184960,494140
"1135",NA,"",0,"1",-0.823023796081543,195327,1185460,494140
"1136",NA,"",0,"1",8.04757404327393,195328,1185960,494140
"1137",NA,"",0,"2",-3.00764799118042,195703,1090960,493640
"1138",NA,"",0,"2",29.5555782318115,195888,1183460,493640
"1139",NA,"",0,"1",30.4234294891357,195891,1184960,493640
"1140",NA,"",0,"1",37.7024002075195,195892,1185460,493640
"1141",NA,"",0,"1",7.56289005279541,196452,1182960,493140
"1142",NA,"",0,"1",15.874683380127,197017,1182960,492640
"1143",NA,"",0,"1",-2.3365752696991,198126,1172460,491640
"1144",NA,"",0,"1",1.7991054058075,198145,1181960,491640
"1145",NA,"",0,"1",1.99408137798309,198150,1184460,491640
"1146",NA,"",0,"2",19.836238861084,198151,1184960,491640
"1147",NA,"",0,"2",23.2787475585938,198691,1172460,491140
"1148",NA,"",0,"2",19.1039028167725,198692,1172960,491140
"1149",NA,"",0,"2",10.7281589508057,198693,1173460,491140
"1150",NA,"",0,"1",-0.260906755924225,198694,1173960,491140
"1151",NA,"",0,"2",36.3039512634277,199259,1173960,490640
"1152",NA,"",0,"2",10.4115591049194,199260,1174460,490640
"1153",NA,"",0,"1",6.35631895065308,199274,1181460,490640
"1154",NA,"",0,"1",33.8628616333008,199277,1182960,490640
"1155",NA,"",0,"2",13.8832578659058,199278,1183460,490640
"1156",NA,"",0,"1",36.9862632751465,199826,1174960,490140
"1157",NA,"",0,"2",27.1404914855957,199827,1175460,490140
"1158",NA,"",0,"2",22.7969245910645,199828,1175960,490140
"1159",NA,"",0,"2",10.1133728027344,199829,1176460,490140
"1160",NA,"",0,"1",17.2006816864014,199839,1181460,490140
"1161",NA,"",0,"1",23.9995231628418,199842,1182960,490140
"1162",NA,"",0,"1",-2.47588539123535,199849,1186460,490140
"1163",NA,"",0,"2",16.6121463775635,200395,1176960,489640
"1164",NA,"",0,"1",33.0660400390625,200406,1182460,489640
"1165",NA,"",0,"1",2.51847124099731,200412,1185460,489640
"1166",NA,"",0,"2",39.5547065734863,200960,1176960,489140
"1167",NA,"",0,"1",1.69200503826141,200968,1180960,489140
"1168",NA,"",0,"1",2.60210967063904,200969,1181460,489140
"1169",NA,"",0,"1",25.1952877044678,200970,1181960,489140
"1170",NA,"",0,"1",37.646183013916,200982,1187960,489140
"1171",NA,"",0,"2",35.1263427734375,201526,1177460,488640
"1172",NA,"",0,"1",9.74012088775635,201527,1177960,488640
"1173",NA,"",0,"1",-0.00715733226388693,201531,1179960,488640
"1174",NA,"",0,"1",11.4570159912109,201532,1180460,488640
"1175",NA,"",0,"1",17.6557388305664,201533,1180960,488640
"1176",NA,"",0,"1",18.4358291625977,201534,1181460,488640
"1177",NA,"",0,"1",-0.75739985704422,201536,1182460,488640
"1178",NA,"",0,"1",27.6344661712646,201547,1187960,488640
"1179",NA,"",0,"1",18.0032386779785,202093,1178460,488140
"1180",NA,"",0,"1",9.24894523620605,202094,1178960,488140
"1181",NA,"",0,"1",17.792236328125,202095,1179460,488140
"1182",NA,"",0,"1",32.7415924072266,202107,1185460,488140
"1183",NA,"",0,"2",33.4319496154785,202659,1178960,487640
"1184",NA,"",0,"1",33.9226036071777,202670,1184460,487640
"1185",NA,"",0,"1",23.1361999511719,202671,1184960,487640
"1186",NA,"",0,"1",15.2039623260498,202672,1185460,487640
"1187",NA,"",0,"1",5.27130603790283,203234,1183960,487140
"1188",NA,"",0,"1",-8.95307350158691,203235,1184460,487140
"1189",NA,"",0,"1",3.75630474090576,203236,1184960,487140
"1190",NA,"",0,"1",33.5901336669922,203237,1185460,487140
"1191",NA,"",0,"1",15.2753305435181,203796,1182460,486640
"1192",NA,"",0,"1",-0.317596197128296,203797,1182960,486640
"1193",NA,"",0,"2",21.6520233154297,203798,1183460,486640
"1194",NA,"",0,"1",2.29705429077148,203799,1183960,486640
"1195",NA,"",0,"1",-4.54114961624146,203801,1184960,486640
"1196",NA,"",0,"1",14.859790802002,204360,1181960,486140
"1197",NA,"",0,"1",15.8048410415649,204362,1182960,486140
"1198",NA,"",0,"1",30.4788646697998,204363,1183460,486140
"1199",NA,"",0,"2",3.09049558639526,204364,1183960,486140
"1200",NA,"",0,"1",21.3391361236572,204370,1186960,486140
"1201",NA,"",0,"1",37.3972282409668,204926,1182460,485640
"1202",NA,"",0,"1",1.23839712142944,204927,1182960,485640
"1203",NA,"",0,"1",-3.01800751686096,204929,1183960,485640
"1204",NA,"",0,"1",-1.94987714290619,204930,1184460,485640
"1205",NA,"",0,"1",39.6635322570801,204934,1186460,485640
"1206",NA,"",0,"1",6.28636837005615,204935,1186960,485640
"1207",NA,"",0,"1",19.0304851531982,205494,1183960,485140
"1208",NA,"",0,"1",1.22667157649994,205495,1184460,485140
"1209",NA,"",0,"1",37.8745193481445,205496,1184960,485140
"1210",NA,"",0,"2",33.8336296081543,205500,1186960,485140
"1211",NA,"",0,"1",13.9557905197144,205501,1187460,485140
"1212",NA,"",0,"1",28.5637187957764,206629,1186460,484140
"1213",NA,"",0,"1",30.9035034179688,207763,1188460,483140
"1214",NA,"",0,"2",38.1066474914551,208359,1203960,482640
"1215",NA,"",0,"2",29.9629096984863,208360,1204460,482640
"1216",NA,"",0,"2",33.7129364013672,208361,1204960,482640
"1217",NA,"",0,"2",33.1010894775391,208362,1205460,482640
"1218",NA,"",0,"2",26.6564083099365,208363,1205960,482640
"1219",NA,"",0,"2",21.8925170898438,208364,1206460,482640
"1220",NA,"",0,"2",29.3235397338867,208365,1206960,482640
"1221",NA,"",0,"2",38.8664245605469,208927,1205460,482140
"1222",NA,"",0,"1",34.2559623718262,208931,1207460,482140
"1223",2020,"2020-08-04",1,"1",5.8364109992981,208932,1208357.27817943,481991.742088059
"1224",2020,"2020-08-04",1,"1",5.88147068023682,208933,1208803.90224697,481784.838549316
"1225",NA,"",0,"2",39.5224609375,209486,1202460,481640
"1226",NA,"",0,"2",36.4438896179199,209487,1202960,481640
"1227",NA,"",0,"2",32.389575958252,209488,1203460,481640
"1228",NA,"",0,"2",29.8051242828369,209489,1203960,481640
"1229",NA,"",0,"2",30.2755641937256,209490,1204460,481640
"1230",NA,"",0,"2",29.3119735717773,209491,1204960,481640
"1231",NA,"",0,"1",28.8962879180908,209492,1205460,481640
"1232",NA,"",0,"2",32.3409767150879,209493,1205960,481640
"1233",NA,"",0,"2",32.6492729187012,209494,1206460,481640
"1234",NA,"",0,"2",22.0563411712646,209495,1206960,481640
"1235",NA,"",0,"1",1.54818069934845,209496,1207460,481640
"1236",2020,"2020-08-04",1,"1",-1.0588401556015,209497,1208390.37795865,481243.910654934
"1237",2021,"2021-08-24",1,"1",1.19301557540894,209498,1208488.64600802,481153.035399196
"1238",2020,"2020-08-04",1,"1",2.35134029388428,209499,1208961.58169386,481633.623312438
"1239",2021,"2021-08-24",1,"2",13.8002471923828,209500,1209558.46183945,481283.884698382
"1240",NA,"",0,"2",3.50561738014221,209501,1209960,481640
"1241",NA,"",0,"1",-8.12425994873047,209502,1210460,481640
"1242",NA,"",0,"2",3.20939230918884,209503,1210960,481640
"1243",NA,"",0,"2",7.17910385131836,209504,1211460,481640
"1244",NA,"",0,"1",-3.32240200042725,209505,1211960,481640
"1245",NA,"",0,"2",35.9590873718262,210051,1202460,481140
"1246",NA,"",0,"2",29.0560836791992,210053,1203460,481140
"1247",NA,"",0,"1",28.7153568267822,210054,1203960,481140
"1248",NA,"",0,"2",25.3585796356201,210055,1204460,481140
"1249",NA,"",0,"2",22.9101657867432,210056,1204960,481140
"1250",NA,"",0,"2",20.7633304595947,210057,1205460,481140
"1251",NA,"",0,"2",20.6525917053223,210058,1205960,481140
"1252",NA,"",0,"2",15.0377721786499,210059,1206460,481140
"1253",NA,"",0,"1",-1.61205232143402,210060,1206960,481140
"1254",2020,"2020-08-04",1,"1",-2.66615271568298,210063,1208718.24931014,480793.657102322
"1255",NA,"",0,"1",20.3201541900635,210064,1208960,481140
"1256",NA,"",0,"1",19.1185607910156,210065,1209460,481140
"1257",NA,"",0,"2",8.72057151794434,210066,1209960,481140
"1258",NA,"",0,"2",21.7971115112305,210067,1210460,481140
"1259",NA,"",0,"2",25.7310771942139,210068,1210960,481140
"1260",NA,"",0,"2",24.5085334777832,210069,1211460,481140
"1261",NA,"",0,"2",25.8559150695801,210070,1211960,481140
"1262",NA,"",0,"2",16.3254489898682,210071,1212460,481140
"1263",NA,"",0,"2",-8.02626991271973,210077,1215460,481140
"1264",NA,"",0,"1",31.2453346252441,210617,1202960,480640
"1265",NA,"",0,"1",28.4532680511475,210618,1203460,480640
"1266",NA,"",0,"1",25.8484802246094,210619,1203960,480640
"1267",NA,"",0,"2",23.1620330810547,210620,1204460,480640
"1268",NA,"",0,"2",21.0759963989258,210621,1204960,480640
"1269",NA,"",0,"2",18.5793151855469,210622,1205460,480640
"1270",NA,"",0,"2",14.4791555404663,210623,1205960,480640
"1271",NA,"",0,"2",5.15872001647949,210624,1206460,480640
"1272",2020,"2020-08-04",1,"1",1.11718332767487,210628,1208928.77282262,480633.805500412
"1273",2020,"2020-08-04",1,"1",0.394980579614639,210629,1209452.25669641,480311.534092534
"1274",2020,"2020-08-04",1,"1",-2.45144891738892,210630,1209896.14276384,480234.388422308
"1275",NA,"",0,"2",18.3339500427246,210631,1209960,480640
"1276",NA,"",0,"2",25.8588027954102,210632,1210460,480640
"1277",NA,"",0,"1",17.4105739593506,210633,1210960,480640
"1278",NA,"",0,"2",28.879861831665,210634,1211460,480640
"1279",NA,"",0,"2",32.9925804138184,210635,1211960,480640
"1280",NA,"",0,"2",23.137186050415,210636,1212460,480640
"1281",NA,"",0,"2",25.4077129364014,210637,1212960,480640
"1282",NA,"",0,"2",30.4054431915283,210638,1213460,480640
"1283",NA,"",0,"2",16.2978134155273,210639,1213960,480640
"1284",NA,"",0,"2",15.9533338546753,210640,1214460,480640
"1285",NA,"",0,"1",-9.88175964355469,210641,1214960,480640
"1286",NA,"",0,"2",-3.00764799118042,210642,1215460,480640
"1287",NA,"",0,"2",38.3895606994629,211181,1202460,480140
"1288",NA,"",0,"1",33.1679382324219,211182,1202960,480140
"1289",NA,"",0,"1",28.1143283843994,211183,1203460,480140
"1290",NA,"",0,"2",23.2307624816895,211184,1203960,480140
"1291",NA,"",0,"2",21.2388381958008,211185,1204460,480140
"1292",NA,"",0,"2",19.3984870910645,211186,1204960,480140
"1293",NA,"",0,"2",19.1881408691406,211187,1205460,480140
"1294",NA,"",0,"2",15.296706199646,211188,1205960,480140
"1295",NA,"",0,"2",7.14869213104248,211189,1206460,480140
"1296",2020,"2020-08-04",1,"1",-0.55085813999176,211195,1209703.78123769,479825.382540802
"1297",NA,"",0,"1",4.51093292236328,211196,1209960,480140
"1298",NA,"",0,"2",23.1058654785156,211197,1210460,480140
"1299",NA,"",0,"2",29.6065635681152,211201,1212460,480140
"1300",NA,"",0,"2",17.9344940185547,211202,1212960,480140
"1301",NA,"",0,"2",18.072437286377,211203,1213460,480140
"1302",NA,"",0,"2",21.2262744903564,211204,1213960,480140
"1303",2021,"2021-08-24",1,"1",8.3790693283081,211205,1214699.86258006,479783.184113728
"1304",2021,"2021-08-24",1,"1",0.240836217999458,211206,1215015.87103397,479687.485599827
"1305",NA,"",0,"2",20.1519546508789,211207,1215460,480140
"1306",2021,"2021-08-24",1,"2",6.21627044677734,211208,1216392.51705296,479721.541257786
"1307",2021,"2021-08-24",1,"1",-1.99642157554626,211209,1216704.97174818,479798.073413583
"1308",NA,"",0,"2",34.8697471618652,211746,1202460,479640
"1309",NA,"",0,"2",29.5717124938965,211747,1202960,479640
"1310",NA,"",0,"2",25.1825294494629,211748,1203460,479640
"1311",NA,"",0,"1",22.187442779541,211749,1203960,479640
"1312",NA,"",0,"1",19.7490348815918,211750,1204460,479640
"1313",NA,"",0,"2",17.8899631500244,211751,1204960,479640
"1314",NA,"",0,"2",16.3695888519287,211752,1205460,479640
"1315",NA,"",0,"2",17.0766525268555,211753,1205960,479640
"1316",NA,"",0,"2",11.3093976974487,211754,1206460,479640
"1317",NA,"",0,"1",1.55170655250549,211755,1206960,479640
"1318",NA,"",0,"2",-6.74893665313721,211758,1208460,479640
"1319",2020,"2020-08-04",1,"1",-2.48091268539429,211759,1209448.87200792,479237.069459449
"1320",2020,"2020-08-04",1,"2",-0.362866789102554,211760,1209482.88155384,479211.902108845
"1321",NA,"",0,"2",11.5590591430664,211761,1209960,479640
"1322",NA,"",0,"2",17.2476406097412,211762,1210460,479640
"1323",NA,"",0,"2",34.1780776977539,211763,1210960,479640
"1324",NA,"",0,"2",31.0034484863281,211766,1212460,479640
"1325",NA,"",0,"2",24.9546527862549,211767,1212960,479640
"1326",NA,"",0,"2",20.150728225708,211768,1213460,479640
"1327",NA,"",0,"2",22.4124546051025,211769,1213960,479640
"1328",NA,"",0,"1",-3.79056191444397,211770,1214460,479640
"1329",2021,"2021-08-24",1,"1",4.0546932220459,211771,1215313.67428078,479625.828433745
"1330",NA,"",0,"1",12.6924829483032,211772,1215460,479640
"1331",NA,"",0,"2",17.9962501525879,211773,1215960,479640
"1332",NA,"",0,"2",38.3415184020996,212306,1199960,479140
"1333",NA,"",0,"2",38.1009140014648,212307,1200460,479140
"1334",NA,"",0,"2",38.6007766723633,212308,1200960,479140
"1335",NA,"",0,"2",38.2701759338379,212309,1201460,479140
"1336",NA,"",0,"2",35.1825065612793,212310,1201960,479140
"1337",NA,"",0,"2",32.7464714050293,212311,1202460,479140
"1338",NA,"",0,"2",27.2612228393555,212312,1202960,479140
"1339",NA,"",0,"2",25.6731204986572,212313,1203460,479140
"1340",NA,"",0,"2",19.5539379119873,212314,1203960,479140
"1341",NA,"",0,"1",17.5385208129883,212315,1204460,479140
"1342",NA,"",0,"2",15.5817232131958,212316,1204960,479140
"1343",NA,"",0,"2",14.5511646270752,212317,1205460,479140
"1344",NA,"",0,"2",13.14098072052,212318,1205960,479140
"1345",NA,"",0,"2",12.3751459121704,212319,1206460,479140
"1346",NA,"",0,"2",10.4752817153931,212320,1206960,479140
"1347",NA,"",0,"1",2.31400203704834,212321,1207460,479140
"1348",2020,"2020-08-04",1,"2",0.205963224172592,212325,1209667.23244726,479124.298634329
"1349",NA,"",0,"1",5.59664535522461,212326,1209960,479140
"1350",NA,"",0,"2",14.1799783706665,212327,1210460,479140
"1351",NA,"",0,"2",17.2263870239258,212328,1210960,479140
"1352",NA,"",0,"2",17.8713970184326,212329,1211460,479140
"1353",NA,"",0,"2",30.0148124694824,212330,1211960,479140
"1354",NA,"",0,"2",28.8380718231201,212331,1212460,479140
"1355",NA,"",0,"1",-4.4832272529602,212332,1212960,479140
"1356",NA,"",0,"1",13.8417367935181,212333,1213460,479140
"1357",NA,"",0,"2",31.7092208862305,212869,1198960,478640
"1358",NA,"",0,"2",23.0640354156494,212870,1199460,478640
"1359",NA,"",0,"2",17.3830299377441,212871,1199960,478640
"1360",NA,"",0,"1",1.44074153900146,212872,1200460,478640
"1361",NA,"",0,"1",0.684523224830627,212873,1200960,478640
"1362",NA,"",0,"1",12.5179481506348,212874,1201460,478640
"1363",NA,"",0,"1",19.1584529876709,212875,1201960,478640
"1364",NA,"",0,"2",22.9600162506104,212876,1202460,478640
"1365",NA,"",0,"2",21.4839553833008,212877,1202960,478640
"1366",NA,"",0,"2",19.8494319915771,212878,1203460,478640
"1367",NA,"",0,"2",18.2688236236572,212879,1203960,478640
"1368",NA,"",0,"2",16.5838012695312,212880,1204460,478640
"1369",NA,"",0,"2",13.7402582168579,212881,1204960,478640
"1370",NA,"",0,"2",12.4722719192505,212882,1205460,478640
"1371",NA,"",0,"2",11.2933521270752,212883,1205960,478640
"1372",NA,"",0,"2",9.78170776367188,212884,1206460,478640
"1373",NA,"",0,"2",8.42812156677246,212885,1206960,478640
"1374",NA,"",0,"2",7.07589626312256,212886,1207460,478640
"1375",NA,"",0,"1",-3.46007227897644,212887,1207960,478640
"1376",NA,"",0,"2",-4.68622493743896,212893,1210960,478640
"1377",NA,"",0,"2",-9.09633636474609,212896,1212460,478640
"1378",NA,"",0,"2",10.662317276001,213434,1198960,478140
"1379",NA,"",0,"2",6.03063488006592,213435,1199460,478140
"1380",NA,"",0,"1",1.28713846206665,213436,1199960,478140
"1381",NA,"",0,"1",-0.383238792419434,213437,1200460,478140
"1382",NA,"",0,"2",-1.6494106054306,213438,1200960,478140
"1383",NA,"",0,"2",-1.73230493068695,213439,1201460,478140
"1384",NA,"",0,"2",-1.40416502952576,213440,1201960,478140
"1385",NA,"",0,"2",3.51231932640076,213441,1202460,478140
"1386",NA,"",0,"2",12.3354406356812,213442,1202960,478140
"1387",NA,"",0,"2",15.3781499862671,213443,1203460,478140
"1388",NA,"",0,"2",14.0482540130615,213444,1203960,478140
"1389",NA,"",0,"2",12.4468994140625,213445,1204460,478140
"1390",NA,"",0,"2",11.5086317062378,213446,1204960,478140
"1391",NA,"",0,"2",10.6603660583496,213447,1205460,478140
"1392",NA,"",0,"2",9.45710277557373,213448,1205960,478140
"1393",NA,"",0,"2",8.62948799133301,213449,1206460,478140
"1394",NA,"",0,"2",7.15786170959473,213450,1206960,478140
"1395",NA,"",0,"2",6.01184844970703,213451,1207460,478140
"1396",NA,"",0,"1",0.991249442100525,213452,1207960,478140
"1397",NA,"",0,"2",5.88495683670044,213999,1198960,477640
"1398",NA,"",0,"1",3.64426040649414,214000,1199460,477640
"1399",NA,"",0,"1",-0.662913084030151,214001,1199960,477640
"1400",NA,"",0,"1",-2.43317723274231,214002,1200460,477640
"1401",NA,"",0,"1",-2.88104701042175,214003,1200960,477640
"1402",NA,"",0,"1",-2.96246314048767,214004,1201460,477640
"1403",NA,"",0,"2",-2.83524656295776,214005,1201960,477640
"1404",NA,"",0,"2",-2.07948303222656,214006,1202460,477640
"1405",NA,"",0,"1",-0.277664929628372,214007,1202960,477640
"1406",NA,"",0,"1",5.05044555664062,214008,1203460,477640
"1407",NA,"",0,"1",9.56923007965088,214009,1203960,477640
"1408",NA,"",0,"2",10.0675420761108,214010,1204460,477640
"1409",NA,"",0,"2",9.94608879089355,214011,1204960,477640
"1410",NA,"",0,"2",9.14299964904785,214012,1205460,477640
"1411",NA,"",0,"2",8.06670188903809,214013,1205960,477640
"1412",NA,"",0,"2",6.69127559661865,214014,1206460,477640
"1413",NA,"",0,"2",3.87508511543274,214015,1206960,477640
"1414",NA,"",0,"1",-0.401746869087219,214018,1208460,477640
"1415",NA,"",0,"1",4.14428091049194,214564,1198960,477140
"1416",NA,"",0,"1",0.00761843239888549,214565,1199460,477140
"1417",NA,"",0,"1",-3.45717740058899,214566,1199960,477140
"1418",NA,"",0,"1",0.986027181148529,214575,1204460,477140
"1419",NA,"",0,"1",0.246777638792992,214576,1204960,477140
"1420",NA,"",0,"1",1.3693984746933,214577,1205460,477140
"1421",NA,"",0,"1",-0.728988111019135,214578,1205960,477140
"1422",NA,"",0,"1",2.75568866729736,214583,1208460,477140
"1423",NA,"",0,"1",-5.26837778091431,214584,1208960,477140
"1424",NA,"",0,"1",-8.4218053817749,214585,1209460,477140
"1425",NA,"",0,"2",5.15832328796387,214586,1209960,477140
"1426",NA,"",0,"1",-7.8653359413147,214587,1210460,477140
"1427",NA,"",0,"2",-9.27013492584229,214588,1210960,477140
"1428",NA,"",0,"1",2.35712814331055,215129,1198960,476640
"1429",NA,"",0,"1",-2.81720924377441,215130,1199460,476640
"1430",NA,"",0,"1",-1.40707015991211,215149,1208960,476640
"1431",NA,"",0,"1",-8.1038122177124,215150,1209460,476640
"1432",NA,"",0,"1",1.0567033290863,215694,1198960,476140
"1433",NA,"",0,"1",0.83305013179779,216259,1198960,475640
"1434",NA,"",0,"1",-6.92455959320068,216260,1199460,475640
"1435",NA,"",0,"1",0.897116780281067,216824,1198960,475140
"1436",NA,"",0,"1",-0.67490416765213,216825,1199460,475140
"1437",NA,"",0,"1",7.25753736495972,217389,1198960,474640
"1438",NA,"",0,"1",-0.336869448423386,217390,1199460,474640
"1439",NA,"",0,"1",-1.78357601165771,217391,1199960,474640
"1440",NA,"",0,"2",-0.724806666374207,217954,1198960,474140
"1441",NA,"",0,"1",4.9361081123352,217955,1199460,474140
"1442",NA,"",0,"1",0.972594022750854,217956,1199960,474140
"1443",NA,"",0,"1",-2.53770136833191,217957,1200460,474140
"1444",NA,"",0,"1",0.732114493846893,218519,1198960,473640
"1445",NA,"",0,"2",-1.65799605846405,218520,1199460,473640
"1446",NA,"",0,"1",0.389627516269684,218521,1199960,473640
"1447",NA,"",0,"1",-0.18489320576191,218522,1200460,473640
"1448",NA,"",0,"2",-2.55734419822693,218523,1200960,473640
"1449",NA,"",0,"1",-2.994868516922,218524,1201460,473640
"1450",NA,"",0,"1",0.679295063018799,219084,1198960,473140
"1451",NA,"",0,"2",-0.927669763565063,219085,1199460,473140
"1452",NA,"",0,"2",-2.06794691085815,219086,1199960,473140
"1453",NA,"",0,"1",-4.7815670967102,219087,1200460,473140
"1454",NA,"",0,"1",-0.495250195264816,219088,1200960,473140
"1455",NA,"",0,"2",-1.61646091938019,219089,1201460,473140
"1456",NA,"",0,"2",-2.26518416404724,219090,1201960,473140
"1457",NA,"",0,"2",0.540847361087799,219649,1198960,472640
"1458",NA,"",0,"2",-0.654206454753876,219650,1199460,472640
"1459",NA,"",0,"2",-1.60989344120026,219651,1199960,472640
"1460",NA,"",0,"2",-2.37999081611633,219652,1200460,472640
"1461",NA,"",0,"1",-2.97931718826294,219653,1200960,472640
"1462",NA,"",0,"1",4.12835788726807,219654,1201460,472640
"1463",NA,"",0,"2",-2.10626554489136,219655,1201960,472640
"1464",NA,"",0,"2",-2.51661419868469,219656,1202460,472640
"1465",NA,"",0,"1",-5.41302061080933,219657,1202960,472640
"1466",NA,"",0,"2",0.202622577548027,220214,1198960,472140
"1467",NA,"",0,"2",-0.663104832172394,220215,1199460,472140
"1468",NA,"",0,"2",-1.43724489212036,220216,1199960,472140
"1469",NA,"",0,"2",-2.10268354415894,220217,1200460,472140
"1470",NA,"",0,"2",-2.63304948806763,220218,1200960,472140
"1471",NA,"",0,"2",-2.96058368682861,220219,1201460,472140
"1472",NA,"",0,"1",5.43892908096313,220220,1201960,472140
"1473",NA,"",0,"2",-1.52621388435364,220221,1202460,472140
"1474",NA,"",0,"2",-1.87297832965851,220222,1202960,472140
"1475",NA,"",0,"2",-2.75750136375427,220223,1203460,472140
"1476",NA,"",0,"2",0.183338850736618,220779,1198960,471640
"1477",NA,"",0,"2",-0.6869056224823,220780,1199460,471640
"1478",NA,"",0,"2",-1.39929783344269,220781,1199960,471640
"1479",NA,"",0,"2",-2.01646733283997,220782,1200460,471640
"1480",NA,"",0,"2",-2.51357889175415,220783,1200960,471640
"1481",NA,"",0,"2",-2.86356353759766,220784,1201460,471640
"1482",NA,"",0,"2",-3.00764799118042,220785,1201960,471640
"1483",NA,"",0,"1",-1.17843234539032,220786,1202460,471640
"1484",NA,"",0,"1",5.38275003433228,220787,1202960,471640
"1485",NA,"",0,"2",-1.04935765266418,220788,1203460,471640
"1486",NA,"",0,"1",-1.54386448860168,221241,1147460,471140
"1487",NA,"",0,"1",14.0936079025269,221242,1147960,471140
"1488",NA,"",0,"1",7.02722215652466,221243,1148460,471140
"1489",NA,"",0,"1",34.4283981323242,221244,1148960,471140
"1490",NA,"",0,"1",27.1243267059326,221245,1149460,471140
"1491",NA,"",0,"2",0.184795528650284,221344,1198960,471140
"1492",NA,"",0,"2",-0.805294752120972,221345,1199460,471140
"1493",NA,"",0,"2",-1.48274600505829,221346,1199960,471140
"1494",NA,"",0,"2",-2.05254673957825,221347,1200460,471140
"1495",NA,"",0,"2",-2.50968217849731,221348,1200960,471140
"1496",NA,"",0,"2",-2.84533357620239,221349,1201460,471140
"1497",NA,"",0,"2",-3.00764799118042,221350,1201960,471140
"1498",NA,"",0,"2",-3.00764799118042,221351,1202460,471140
"1499",NA,"",0,"2",-3.00764799118042,221352,1202960,471140
"1500",NA,"",0,"1",-2.14266443252563,221354,1203960,471140
"1501",NA,"",0,"1",-0.961402595043182,221808,1148460,470640
"1502",NA,"",0,"2",10.6447076797485,221809,1148960,470640
"1503",NA,"",0,"1",29.2509632110596,221810,1149460,470640
"1504",NA,"",0,"2",0.0377688333392143,221909,1198960,470640
"1505",NA,"",0,"2",-1.10342538356781,221910,1199460,470640
"1506",NA,"",0,"2",-1.72682595252991,221911,1199960,470640
"1507",NA,"",0,"2",-2.21260213851929,221912,1200460,470640
"1508",NA,"",0,"2",-2.6142430305481,221913,1200960,470640
"1509",NA,"",0,"2",-2.90543270111084,221914,1201460,470640
"1510",NA,"",0,"2",-3.00764799118042,221915,1201960,470640
"1511",NA,"",0,"2",-3.00764799118042,221916,1202460,470640
"1512",NA,"",0,"2",-3.00764799118042,221917,1202960,470640
"1513",NA,"",0,"2",-3.00764799118042,221918,1203460,470640
"1514",NA,"",0,"2",-3.00764799118042,221919,1203960,470640
"1515",NA,"",0,"2",-3.00764799118042,221920,1204460,470640
"1516",NA,"",0,"1",-3.00764799118042,222374,1148960,470140
"1517",NA,"",0,"2",28.8541069030762,222376,1149960,470140
"1518",NA,"",0,"1",9.68610763549805,222378,1150960,470140
"1519",NA,"",0,"1",30.5478858947754,222379,1151460,470140
"1520",NA,"",0,"2",-0.225888133049011,222474,1198960,470140
"1521",NA,"",0,"2",-1.56278204917908,222475,1199460,470140
"1522",NA,"",0,"2",-2.16175436973572,222476,1199960,470140
"1523",NA,"",0,"2",-2.51232647895813,222477,1200460,470140
"1524",NA,"",0,"2",-2.82440853118896,222478,1200960,470140
"1525",NA,"",0,"2",-3.00755548477173,222479,1201460,470140
"1526",NA,"",0,"2",-3.00764799118042,222480,1201960,470140
"1527",NA,"",0,"2",-3.00764799118042,222481,1202460,470140
"1528",NA,"",0,"2",-3.00764799118042,222482,1202960,470140
"1529",NA,"",0,"2",-3.00764799118042,222483,1203460,470140
"1530",NA,"",0,"1",-8.2487382888794,222484,1203960,470140
"1531",NA,"",0,"1",-0.413714677095413,222485,1204460,470140
"1532",NA,"",0,"2",17.843879699707,222941,1149960,469640
"1533",NA,"",0,"1",25.3527336120605,222943,1150960,469640
"1534",NA,"",0,"1",12.5856342315674,222944,1151460,469640
"1535",NA,"",0,"1",22.5125064849854,222949,1153960,469640
"1536",NA,"",0,"1",-0.627878487110138,223039,1198960,469640
"1537",NA,"",0,"1",-2.23393392562866,223040,1199460,469640
"1538",NA,"",0,"2",-2.8152060508728,223041,1199960,469640
"1539",NA,"",0,"2",-3.35678315162659,223042,1200460,469640
"1540",NA,"",0,"2",-3.00764799118042,223043,1200960,469640
"1541",NA,"",0,"2",-3.00764799118042,223044,1201460,469640
"1542",NA,"",0,"2",-3.00764799118042,223045,1201960,469640
"1543",NA,"",0,"2",-3.00764799118042,223046,1202460,469640
"1544",NA,"",0,"2",-3.00764799118042,223047,1202960,469640
"1545",NA,"",0,"2",-3.00764799118042,223048,1203460,469640
"1546",NA,"",0,"1",-7.43299150466919,223049,1203960,469640
"1547",NA,"",0,"1",1.24746990203857,223506,1149960,469140
"1548",NA,"",0,"2",30.1089344024658,223507,1150460,469140
"1549",NA,"",0,"1",8.65202903747559,223514,1153960,469140
"1550",NA,"",0,"2",-2.70240807533264,223606,1199960,469140
"1551",NA,"",0,"1",4.57025527954102,224072,1150460,468640
"1552",NA,"",0,"1",12.5799589157104,224073,1150960,468640
"1553",NA,"",0,"1",37.0338897705078,224074,1151460,468640
"1554",NA,"",0,"1",4.32033824920654,224079,1153960,468640
"1555",NA,"",0,"1",24.8658294677734,224080,1154460,468640
"1556",NA,"",0,"1",30.5997200012207,224090,1159460,468640
"1557",NA,"",0,"1",32.3551368713379,224091,1159960,468640
"1558",NA,"",0,"1",38.2158813476562,224092,1160460,468640
"1559",NA,"",0,"1",39.692626953125,224093,1160960,468640
"1560",NA,"",0,"1",5.65892219543457,224634,1148960,468140
"1561",NA,"",0,"1",-1.11241114139557,224635,1149460,468140
"1562",NA,"",0,"1",17.8059921264648,224636,1149960,468140
"1563",NA,"",0,"2",25.0505828857422,224637,1150460,468140
"1564",NA,"",0,"2",32.7948989868164,224638,1150960,468140
"1565",NA,"",0,"1",38.1980476379395,224639,1151460,468140
"1566",NA,"",0,"1",19.668119430542,224645,1154460,468140
"1567",NA,"",0,"1",27.9884281158447,224654,1158960,468140
"1568",NA,"",0,"1",2.1528651714325,224655,1159460,468140
"1569",NA,"",0,"1",12.3305463790894,225198,1148460,467640
"1570",NA,"",0,"2",17.5078773498535,225199,1148960,467640
"1571",NA,"",0,"1",30.1531219482422,225200,1149460,467640
"1572",NA,"",0,"2",37.5371055603027,225201,1149960,467640
"1573",NA,"",0,"2",38.0406951904297,225202,1150460,467640
"1574",NA,"",0,"1",32.0175437927246,225203,1150960,467640
"1575",NA,"",0,"2",39.0217895507812,225204,1151460,467640
"1576",NA,"",0,"2",34.3938789367676,225205,1151960,467640
"1577",NA,"",0,"1",37.2552642822266,225210,1154460,467640
"1578",NA,"",0,"2",34.0196189880371,225215,1156960,467640
"1579",NA,"",0,"1",39.4344100952148,225217,1157960,467640
"1580",NA,"",0,"1",17.7158393859863,225218,1158460,467640
"1581",NA,"",0,"1",-0.823957622051239,225219,1158960,467640
"1582",NA,"",0,"1",32.9190826416016,225220,1159460,467640
"1583",NA,"",0,"1",24.2450351715088,225763,1148460,467140
"1584",NA,"",0,"2",38.4961242675781,225764,1148960,467140
"1585",NA,"",0,"2",39.3115310668945,225765,1149460,467140
"1586",NA,"",0,"1",1.09623563289642,225768,1150960,467140
"1587",NA,"",0,"2",11.613766670227,225769,1151460,467140
"1588",NA,"",0,"2",29.0929126739502,225770,1151960,467140
"1589",NA,"",0,"1",24.6393146514893,225776,1154960,467140
"1590",NA,"",0,"2",8.83050155639648,225777,1155460,467140
"1591",NA,"",0,"1",1.62194180488586,225778,1155960,467140
"1592",NA,"",0,"1",8.68007659912109,225780,1156960,467140
"1593",NA,"",0,"1",-2.66574597358704,225781,1157460,467140
"1594",NA,"",0,"1",5.7867226600647,225785,1159460,467140
"1595",NA,"",0,"1",16.5996475219727,226329,1148960,466640
"1596",NA,"",0,"2",27.4532775878906,226330,1149460,466640
"1597",NA,"",0,"1",-1.66812264919281,226334,1151460,466640
"1598",NA,"",0,"2",10.7164916992188,226335,1151960,466640
"1599",NA,"",0,"2",19.8031558990479,226336,1152460,466640
"1600",NA,"",0,"2",21.3055400848389,226341,1154960,466640
"1601",NA,"",0,"1",5.55149936676025,226342,1155460,466640
"1602",NA,"",0,"1",-2.11729383468628,226344,1156460,466640
"1603",NA,"",0,"1",17.168628692627,226350,1159460,466640
"1604",NA,"",0,"1",-7.48238468170166,226895,1149460,466140
"1605",NA,"",0,"2",12.3254241943359,226900,1151960,466140
"1606",NA,"",0,"2",25.6547985076904,226901,1152460,466140
"1607",NA,"",0,"2",15.7158794403076,226906,1154960,466140
"1608",NA,"",0,"1",-2.38573217391968,226914,1158960,466140
"1609",NA,"",0,"2",30.4621486663818,226915,1159460,466140
"1610",NA,"",0,"2",23.580436706543,226916,1159960,466140
"1611",NA,"",0,"2",38.3388175964355,226917,1160460,466140
"1612",NA,"",0,"1",5.58354377746582,227461,1149960,465640
"1613",NA,"",0,"2",-3.00764799118042,227464,1151460,465640
"1614",NA,"",0,"2",5.84643602371216,227465,1151960,465640
"1615",NA,"",0,"2",27.8378639221191,227466,1152460,465640
"1616",NA,"",0,"1",3.11004495620728,227472,1155460,465640
"1617",NA,"",0,"1",-2.44489097595215,227480,1159460,465640
"1618",NA,"",0,"1",-2.32074594497681,227481,1159960,465640
"1619",NA,"",0,"2",3.71590805053711,227482,1160460,465640
"1620",NA,"",0,"2",9.90842628479004,227483,1160960,465640
"1621",NA,"",0,"2",21.7519073486328,227484,1161460,465640
"1622",NA,"",0,"1",38.4689140319824,227485,1161960,465640
"1623",NA,"",0,"1",2.1599223613739,228026,1149960,465140
"1624",NA,"",0,"1",-1.35446763038635,228029,1151460,465140
"1625",NA,"",0,"2",30.410120010376,228031,1152460,465140
"1626",NA,"",0,"1",32.4855079650879,228032,1152960,465140
"1627",NA,"",0,"1",32.9752006530762,228037,1155460,465140
"1628",NA,"",0,"1",-1.95970523357391,228048,1160960,465140
"1629",NA,"",0,"2",6.19677495956421,228049,1161460,465140
"1630",NA,"",0,"2",15.6531381607056,228050,1161960,465140
"1631",NA,"",0,"2",18.2142715454102,228051,1162460,465140
"1632",NA,"",0,"2",33.6758232116699,228052,1162960,465140
"1633",NA,"",0,"1",-0.754395723342896,228592,1150460,464640
"1634",NA,"",0,"2",6.31901550292969,228593,1150960,464640
"1635",NA,"",0,"2",11.2017612457275,228596,1152460,464640
"1636",NA,"",0,"1",21.8223400115967,228602,1155460,464640
"1637",NA,"",0,"2",20.1250343322754,228603,1155960,464640
"1638",NA,"",0,"1",1.7565610408783,228615,1161960,464640
"1639",NA,"",0,"2",4.63006401062012,228616,1162460,464640
"1640",NA,"",0,"2",11.0800857543945,228617,1162960,464640
"1641",NA,"",0,"2",23.8150653839111,228618,1163460,464640
"1642",NA,"",0,"2",38.3900032043457,228619,1163960,464640
"1643",NA,"",0,"2",-1.6967601776123,229157,1150460,464140
"1644",NA,"",0,"2",8.15019702911377,229158,1150960,464140
"1645",NA,"",0,"2",6.62146759033203,229159,1151460,464140
"1646",NA,"",0,"2",13.6980485916138,229161,1152460,464140
"1647",NA,"",0,"1",-2.14887809753418,229181,1162460,464140
"1648",NA,"",0,"1",4.75195741653442,229182,1162960,464140
"1649",NA,"",0,"2",12.222785949707,229183,1163460,464140
"1650",NA,"",0,"2",23.6229248046875,229184,1163960,464140
"1651",NA,"",0,"2",30.1350898742676,229185,1164460,464140
"1652",NA,"",0,"2",8.11849117279053,229723,1150960,463640
"1653",NA,"",0,"2",9.68720436096191,229724,1151460,463640
"1654",NA,"",0,"2",9.6467866897583,229725,1151960,463640
"1655",NA,"",0,"2",15.332010269165,229726,1152460,463640
"1656",NA,"",0,"1",31.1276741027832,229728,1153460,463640
"1657",NA,"",0,"1",33.8524742126465,229729,1153960,463640
"1658",NA,"",0,"1",2.11642384529114,229748,1163460,463640
"1659",NA,"",0,"2",7.27281188964844,229749,1163960,463640
"1660",NA,"",0,"2",20.7789516448975,229750,1164460,463640
"1661",NA,"",0,"2",9.37349605560303,230289,1151460,463140
"1662",NA,"",0,"1",1.0442967414856,230290,1151960,463140
"1663",NA,"",0,"1",0.264765828847885,230291,1152460,463140
"1664",NA,"",0,"2",31.7964248657227,230292,1152960,463140
"1665",NA,"",0,"1",2.80300951004028,230293,1153460,463140
"1666",NA,"",0,"1",16.8874244689941,230294,1153960,463140
"1667",NA,"",0,"2",-1.83198463916779,230855,1151960,462640
"1668",NA,"",0,"2",-0.815130412578583,230856,1152460,462640
"1669",NA,"",0,"2",-0.651972711086273,230857,1152960,462640
"1670",NA,"",0,"1",-1.13678634166718,230858,1153460,462640
"1671",NA,"",0,"2",-2.93318486213684,231419,1151460,462140
"1672",NA,"",0,"2",-2.04226231575012,231420,1151960,462140
"1673",NA,"",0,"2",-1.62743628025055,231421,1152460,462140
"1674",NA,"",0,"2",-2.08007097244263,231422,1152960,462140
"1675",NA,"",0,"2",-2.19639611244202,231423,1153460,462140
"1676",NA,"",0,"1",-8.38234806060791,231424,1153960,462140
"1677",NA,"",0,"1",31.0335674285889,231425,1154460,462140
"1678",NA,"",0,"2",-2.81425189971924,231984,1151460,461640
"1679",NA,"",0,"2",-2.27304840087891,231985,1151960,461640
"1680",NA,"",0,"2",-2.66272044181824,231986,1152460,461640
"1681",NA,"",0,"2",-3.33152103424072,231987,1152960,461640
"1682",NA,"",0,"2",-3.18745708465576,231988,1153460,461640
"1683",NA,"",0,"2",-3.04179739952087,231989,1153960,461640
"1684",NA,"",0,"1",27.0202541351318,231991,1154960,461640
"1685",NA,"",0,"2",-2.92339944839478,232549,1151460,461140
"1686",NA,"",0,"2",-2.76271414756775,232550,1151960,461140
"1687",NA,"",0,"2",-2.9555561542511,232551,1152460,461140
"1688",NA,"",0,"2",-3.19362020492554,232552,1152960,461140
"1689",NA,"",0,"2",-3.2311384677887,232553,1153460,461140
"1690",NA,"",0,"2",-3.10034894943237,232554,1153960,461140
"1691",NA,"",0,"2",29.7549247741699,232557,1155460,461140
"1692",NA,"",0,"1",4.4057502746582,232565,1159460,461140
"1693",NA,"",0,"2",-2.9668653011322,233115,1151960,460640
"1694",NA,"",0,"2",-3.04798364639282,233116,1152460,460640
"1695",NA,"",0,"2",-3.1502103805542,233117,1152960,460640
"1696",NA,"",0,"2",-3.13961124420166,233118,1153460,460640
"1697",NA,"",0,"2",-3.05035519599915,233119,1153960,460640
"1698",NA,"",0,"2",-3.00764799118042,233120,1154460,460640
"1699",NA,"",0,"1",4.90377330780029,233123,1155960,460640
"1700",NA,"",0,"1",11.5315494537354,233124,1156460,460640
"1701",NA,"",0,"2",14.8216514587402,233125,1156960,460640
"1702",NA,"",0,"1",12.2872257232666,233126,1157460,460640
"1703",NA,"",0,"2",35.2611618041992,233127,1157960,460640
"1704",2021,"2021-08-24",1,"1",-1.29266846179962,233129,1159384.24843478,460161.806356154
"1705",NA,"",0,"1",24.0383129119873,233131,1159960,460640
"1706",NA,"",0,"2",17.0179176330566,233132,1160460,460640
"1707",2021,"2021-08-24",1,"1",1.67433178424835,233133,1161413.78579758,460267.832512592
"1708",2021,"2021-08-24",1,"2",1.32392656803131,233134,1161920.28125122,460141.539044803
"1709",NA,"",0,"1",-3.00764799118042,233680,1151960,460140
"1710",NA,"",0,"2",-3.05214142799377,233681,1152460,460140
"1711",NA,"",0,"2",-3.07006120681763,233682,1152960,460140
"1712",NA,"",0,"2",-3.04930448532104,233683,1153460,460140
"1713",NA,"",0,"1",-7.70330142974854,233684,1153960,460140
"1714",NA,"",0,"2",-9.39577484130859,233685,1154460,460140
"1715",NA,"",0,"1",-1.86328077316284,233693,1158460,460140
"1716",NA,"",0,"1",-2.13038539886475,233695,1159460,460140
"1717",2021,"2021-08-24",1,"2",1.20270442962646,233699,1161908.40537073,460107.923230546
"1718",2021,"2021-08-24",1,"2",2.25958752632141,233700,1162364.78118459,459929.863446419
"1719",2021,"2021-08-24",1,"2",2.37535071372986,233701,1162565.58888792,459671.604721049
"1720",NA,"",0,"2",-3.00764799118042,234247,1152960,459640
"1721",NA,"",0,"2",-3.00764799118042,234248,1153460,459640
"1722",NA,"",0,"2",-9.35862922668457,234251,1154960,459640
"1723",NA,"",0,"1",1.61464011669159,234261,1159960,459640
"1724",NA,"",0,"1",0.332294076681137,234262,1160460,459640
"1725",2021,"2021-08-24",1,"1",1.28169727325439,234266,1162898.18659241,459437.054575927
"1726",2021,"2021-08-24",1,"1",1.8499356508255,234267,1163103.31917487,459154.200788492
"1727",NA,"",0,"1",-2.53008246421814,234268,1163460,459640
"1728",NA,"",0,"1",-1.35128903388977,234269,1163960,459640
"1729",NA,"",0,"2",-8.51073741912842,234814,1153960,459140
"1730",NA,"",0,"1",25.8469295501709,234827,1160460,459140
"1731",NA,"",0,"1",20.1131286621094,234828,1160960,459140
"1732",NA,"",0,"2",18.594425201416,234829,1161460,459140
"1733",NA,"",0,"1",6.70846700668335,234830,1161960,459140
"1734",NA,"",0,"2",9.49112033843994,234833,1163460,459140
"1735",NA,"",0,"2",14.6313056945801,234834,1163960,459140
"1736",NA,"",0,"2",21.9058418273926,234835,1164460,459140
"1737",NA,"",0,"2",-3.00764799118042,235380,1154460,458640
"1738",NA,"",0,"1",3.95504570007324,235392,1160460,458640
"1739",NA,"",0,"2",27.1913604736328,235393,1160960,458640
"1740",NA,"",0,"2",36.6732177734375,235394,1161460,458640
"1741",NA,"",0,"1",24.0188159942627,235395,1161960,458640
"1742",NA,"",0,"2",27.4995937347412,235396,1162460,458640
"1743",NA,"",0,"1",9.65017795562744,235397,1162960,458640
"1744",NA,"",0,"2",4.48514556884766,235398,1163460,458640
"1745",NA,"",0,"2",23.0682144165039,235399,1163960,458640
"1746",NA,"",0,"2",36.6550331115723,235400,1164460,458640
"1747",NA,"",0,"2",-3.00764799118042,235946,1154960,458140
"1748",NA,"",0,"2",-1.37946736812592,235957,1160460,458140
"1749",NA,"",0,"1",8.61832809448242,235958,1160960,458140
"1750",NA,"",0,"2",25.6167316436768,235959,1161460,458140
"1751",NA,"",0,"2",32.5237274169922,235960,1161960,458140
"1752",NA,"",0,"2",37.6922302246094,235961,1162460,458140
"1753",NA,"",0,"2",20.0951519012451,235964,1163960,458140
"1754",NA,"",0,"2",30.4623832702637,235965,1164460,458140
"1755",NA,"",0,"1",-1.41922104358673,236522,1160460,457640
"1756",NA,"",0,"2",22.3904895782471,236523,1160960,457640
"1757",NA,"",0,"2",29.271276473999,236524,1161460,457640
"1758",NA,"",0,"1",35.0634918212891,236525,1161960,457640
"1759",NA,"",0,"2",35.5535316467285,236526,1162460,457640
"1760",NA,"",0,"1",6.2514066696167,236530,1164460,457640
"1761",NA,"",0,"2",8.20131301879883,237088,1160960,457140
"1762",NA,"",0,"1",18.8515472412109,237089,1161460,457140
"1763",NA,"",0,"1",-8.36501026153564,237094,1163960,457140
"1764",NA,"",0,"2",9.46154975891113,237653,1160960,456640
"1765",NA,"",0,"2",24.1480445861816,237654,1161460,456640
"1766",NA,"",0,"1",2.38497233390808,238218,1160960,456140
"1767",NA,"",0,"2",30.5127639770508,238219,1161460,456140
"1768",NA,"",0,"2",7.5685544013977,238783,1160960,455640
"1769",NA,"",0,"2",27.1315307617188,238784,1161460,455640
"1770",NA,"",0,"2",16.5133743286133,239349,1161460,455140
"1771",NA,"",0,"1",30.953821182251,239915,1161960,454640
"1772",NA,"",0,"1",8.99571800231934,240480,1161960,454140
"1773",NA,"",0,"1",5.16802453994751,241611,1162460,453140
"1774",NA,"",0,"1",39.3576011657715,241615,1164460,453140
"1775",NA,"",0,"1",27.6528511047363,242177,1162960,452640
"1776",NA,"",0,"1",39.4594230651855,242743,1163460,452140
"1777",NA,"",0,"1",14.6715230941772,243308,1163460,451640
"1778",NA,"",0,"1",36.1028938293457,243309,1163960,451640
"1779",NA,"",0,"1",2.70535778999329,243874,1163960,451140
"1780",NA,"",0,"1",-3.03971743583679,244439,1163960,450640
"1781",NA,"",0,"1",6.94745302200317,244440,1164460,450640
"1782",NA,"",0,"1",35.3847160339355,244441,1164960,450640
"1783",NA,"",0,"1",0.592740714550018,245005,1164460,450140
"1784",NA,"",0,"1",-1.11965143680573,245571,1164960,449640
"1785",NA,"",0,"1",1.72231101989746,246135,1164460,449140
"1786",NA,"",0,"1",16.2814083099365,246136,1164960,449140
"1787",NA,"",0,"2",-3.00764799118042,246698,1163460,448640
"1788",NA,"",0,"1",-4.87223863601685,246699,1163960,448640
"1789",NA,"",0,"1",12.5285625457764,246700,1164460,448640
"1790",NA,"",0,"1",-0.531678318977356,247260,1161960,448140
"1791",NA,"",0,"2",18.6608715057373,247261,1162460,448140
"1792",NA,"",0,"2",25.103946685791,247262,1162960,448140
"1793",NA,"",0,"2",23.6229953765869,247263,1163460,448140
"1794",NA,"",0,"1",14.128701210022,247264,1163960,448140
"1795",NA,"",0,"1",36.5763130187988,247265,1164460,448140
"1796",NA,"",0,"2",-3.00764799118042,247815,1156960,447640
"1797",NA,"",0,"2",-2.89997029304504,247816,1157460,447640
"1798",NA,"",0,"1",10.3612794876099,247825,1161960,447640
"1799",NA,"",0,"1",8.85917377471924,247826,1162460,447640
"1800",NA,"",0,"2",31.8715686798096,247827,1162960,447640
"1801",NA,"",0,"1",32.838321685791,247830,1164460,447640
"1802",2020,"2020/09/19",0,"1",17.8301315307617,247839,1168960,447640
"1803",2020,"2020/09/19",0,"1",6.69782590866089,247841,1169960,447640
"1804",2020,"2020/09/19",0,"2",32.918399810791,247842,1170460,447640
"1805",2020,"2020/09/19",0,"2",32.918399810791,247843,1170960,447640
"1806",2020,"2020/09/19",0,"2",33.3465270996094,247844,1171460,447640
"1807",2020,"2020/09/19",0,"2",35.1721992492676,247845,1171960,447640
"1808",2020,"2020/09/19",0,"2",36.680419921875,247846,1172460,447640
"1809",2020,"2020/09/19",0,"1",1.66572487354279,247851,1174960,447640
"1810",2020,"2020/09/19",0,"1",10.2672996520996,247854,1176460,447640
"1811",2020,"2020/09/19",0,"1",23.8877124786377,247856,1177460,447640
"1812",NA,"",0,"2",-3.00764799118042,248380,1156960,447140
"1813",NA,"",0,"2",-2.8534824848175,248381,1157460,447140
"1814",NA,"",0,"2",-1.11323380470276,248382,1157960,447140
"1815",NA,"",0,"1",-2.95916962623596,248391,1162460,447140
"1816",NA,"",0,"1",3.88843083381653,248392,1162960,447140
"1817",2020,"2020/09/19",0,"1",7.28214311599731,248401,1167460,447140
"1818",2020,"2020/09/19",0,"1",3.66672825813293,248404,1168960,447140
"1819",2020,"2020/09/19",0,"1",-0.459403276443481,248405,1169460,447140
"1820",2020,"2020/09/19",0,"2",24.2510662078857,248407,1170460,447140
"1821",2020,"2020/09/19",0,"2",28.7442951202393,248408,1170960,447140
"1822",2020,"2020/09/19",0,"2",29.1124572753906,248409,1171460,447140
"1823",2020,"2020/09/19",0,"2",28.3832664489746,248410,1171960,447140
"1824",2020,"2020/09/19",0,"2",30.9767360687256,248411,1172460,447140
"1825",2020,"2020/09/19",0,"2",34.6316986083984,248412,1172960,447140
"1826",2020,"2020/09/19",0,"1",2.70299553871155,248417,1175460,447140
"1827",2020,"2020/09/19",0,"1",14.8604574203491,248418,1175960,447140
"1828",2022,"2022-07-11",1,"1",-0.471114486455917,248419,1176766.44210402,446970.105106329
"1829",2022,"2022-07-11",1,"1",2.24856185913086,248420,1177403.90514035,446970.967762066
"1830",2020,"2020/09/19",0,"1",9.95934867858887,248421,1177460,447140
"1831",2020,"2020/09/19",0,"1",4.39662170410156,248422,1177960,447140
"1832",NA,"",0,"1",-6.8102297782898,248947,1157960,446640
"1833",NA,"",0,"2",-0.464810520410538,248948,1158460,446640
"1834",NA,"",0,"2",3.43328499794006,248949,1158960,446640
"1835",NA,"",0,"1",-1.13782334327698,248958,1163460,446640
"1836",2020,"2020/09/19",0,"1",12.8885040283203,248966,1167460,446640
"1837",2020,"2020/09/19",0,"1",0.434449434280396,248967,1167960,446640
"1838",2020,"2020/09/19",0,"1",-1.61853802204132,248972,1170460,446640
"1839",2020,"2020/09/19",0,"2",23.9022693634033,248973,1170960,446640
"1840",2020,"2020/09/19",0,"2",25.6032009124756,248974,1171460,446640
"1841",2020,"2020/09/19",0,"2",27.4306411743164,248975,1171960,446640
"1842",2020,"2020/09/19",0,"1",5.1617283821106,248976,1172460,446640
"1843",2020,"2020/09/19",0,"2",25.6531009674072,248977,1172960,446640
"1844",2020,"2020/09/19",0,"2",26.2530479431152,248978,1173460,446640
"1845",2020,"2020/09/19",0,"1",29.3623886108398,248983,1175960,446640
"1846",2020,"2020/09/19",0,"1",27.3199863433838,248984,1176460,446640
"1847",2020,"2020/09/19",0,"1",12.098105430603,248988,1178460,446640
"1848",NA,"",0,"2",3.09106850624084,249514,1158960,446140
"1849",NA,"",0,"2",5.93652629852295,249515,1159460,446140
"1850",NA,"",0,"2",-1.47080838680267,249516,1159960,446140
"1851",NA,"",0,"2",13.2701759338379,249524,1163960,446140
"1852",2020,"2020/09/19",0,"1",16.0056495666504,249532,1167960,446140
"1853",2020,"2020/09/19",0,"2",-3.00764799118042,249536,1169960,446140
"1854",2020,"2020/09/19",0,"1",-2.41063213348389,249538,1170960,446140
"1855",2020,"2020/09/19",0,"2",24.7746887207031,249539,1171460,446140
"1856",2020,"2020/09/19",0,"2",25.6032009124756,249540,1171960,446140
"1857",2020,"2020/09/19",0,"2",25.8022403717041,249541,1172460,446140
"1858",2020,"2020/09/19",0,"1",8.6652660369873,249542,1172960,446140
"1859",2020,"2020/09/19",0,"1",3.2570264339447,249544,1173960,446140
"1860",2020,"2020/09/19",0,"2",34.747200012207,249545,1174460,446140
"1861",2020,"2020/09/19",0,"1",18.5369701385498,249549,1176460,446140
"1862",2020,"2020/09/19",0,"1",-1.67573201656342,249553,1178460,446140
"1863",2020,"2020/09/19",0,"1",17.248607635498,249554,1178960,446140
"1864",NA,"",0,"2",-0.317432284355164,250080,1159460,445640
"1865",NA,"",0,"2",7.61999988555908,250081,1159960,445640
"1866",NA,"",0,"2",1.33045613765717,250082,1160460,445640
"1867",NA,"",0,"2",33.8067970275879,250090,1164460,445640
"1868",2020,"2020/09/19",0,"1",24.2958545684814,250097,1167960,445640
"1869",2020,"2020/09/19",0,"1",1.48404383659363,250104,1171460,445640
"1870",2020,"2020/09/19",0,"2",22.7922744750977,250105,1171960,445640
"1871",2020,"2020/09/19",0,"2",24.7653999328613,250106,1172460,445640
"1872",2020,"2020/09/19",0,"2",27.3918514251709,250107,1172960,445640
"1873",2020,"2020/09/19",0,"1",-9.88983058929443,250108,1173460,445640
"1874",2020,"2020/09/19",0,"1",-1.35057246685028,250110,1174460,445640
"1875",2020,"2020/09/19",0,"1",2.78348016738892,250119,1178960,445640
"1876",2020,"2020/09/19",0,"1",35.031665802002,250120,1179460,445640
"1877",NA,"",0,"2",2.55574798583984,250646,1159960,445140
"1878",NA,"",0,"1",3.05967497825623,250647,1160460,445140
"1879",NA,"",0,"2",6.18060636520386,250648,1160960,445140
"1880",NA,"",0,"2",14.8202075958252,250655,1164460,445140
"1881",2020,"2020/09/19",0,"1",-2.73603534698486,250663,1168460,445140
"1882",2020,"2020/09/19",0,"2",19.1771430969238,250670,1171960,445140
"1883",2020,"2020/09/19",0,"2",22.2421875,250671,1172460,445140
"1884",2020,"2020/09/19",0,"2",23.4414024353027,250672,1172960,445140
"1885",2020,"2020/09/19",0,"1",33.958065032959,250673,1173460,445140
"1886",2020,"2020/09/19",0,"1",15.5367803573608,250674,1173960,445140
"1887",2022,"2022-07-11",1,"1",6.1266827583313,250675,1174910.75149895,444709.893436788
"1888",2020,"2020/09/19",0,"2",35.3075637817383,250676,1174960,445140
"1889",2020,"2020/09/19",0,"1",-7.23424625396729,250680,1176960,445140
"1890",2020,"2020/09/19",0,"1",10.6666393280029,250685,1179460,445140
"1891",2020,"2020/09/19",0,"1",32.3425369262695,250686,1179960,445140
"1892",NA,"",0,"1",4.27746391296387,251212,1160460,444640
"1893",NA,"",0,"1",4.55800247192383,251213,1160960,444640
"1894",NA,"",0,"2",7.59436845779419,251214,1161460,444640
"1895",NA,"",0,"2",-0.569244742393494,251215,1161960,444640
"1896",NA,"",0,"2",5.54987621307373,251220,1164460,444640
"1897",NA,"",0,"2",37.3458251953125,251221,1164960,444640
"1898",2020,"2020/09/19",0,"2",17.5070056915283,251228,1168460,444640
"1899",2020,"2020/09/19",0,"1",-0.102244034409523,251235,1171960,444640
"1900",2020,"2020/09/19",0,"1",14.2797422409058,251236,1172460,444640
"1901",2020,"2020/09/19",0,"2",23.3983592987061,251237,1172960,444640
"1902",2020,"2020/09/19",0,"2",16.6129684448242,251238,1173460,444640
"1903",2020,"2020/09/19",0,"2",31.0731620788574,251239,1173960,444640
"1904",2022,"2022-07-11",1,"1",1.72735559940338,251240,1174884.02034024,444518.63888169
"1905",2020,"2020/09/19",0,"1",7.84407377243042,251241,1174960,444640
"1906",2020,"2020/09/19",0,"2",38.4048004150391,251242,1175460,444640
"1907",2020,"2020/09/19",0,"1",11.5781183242798,251251,1179960,444640
"1908",NA,"",0,"2",10.9019632339478,251778,1160960,444140
"1909",NA,"",0,"2",12.1220111846924,251779,1161460,444140
"1910",NA,"",0,"1",0.312808334827423,251780,1161960,444140
"1911",NA,"",0,"2",18.9042797088623,251781,1162460,444140
"1912",NA,"",0,"1",10.1288547515869,251785,1164460,444140
"1913",NA,"",0,"1",30.7809104919434,251786,1164960,444140
"1914",2020,"2020/09/19",0,"1",30.1541156768799,251793,1168460,444140
"1915",2020,"2020/09/19",0,"1",-0.706786394119263,251800,1171960,444140
"1916",2020,"2020/09/19",0,"1",14.3373899459839,251801,1172460,444140
"1917",2020,"2020/09/19",0,"1",7.47676277160645,251802,1172960,444140
"1918",2020,"2020/09/19",0,"1",15.1187877655029,251803,1173460,444140
"1919",2020,"2020/09/19",0,"2",25.070011138916,251804,1173960,444140
"1920",2022,"2022-07-11",1,"1",-2.33619236946106,251807,1175686.15019554,443855.879349531
"1921",2020,"2020/09/19",0,"1",30.916748046875,251811,1177460,444140
"1922",2022,"2022-07-11",1,"1",-0.757189095020294,251816,1180376.5432435,443789.84210294
"1923",2022,"2022-07-11",1,"1",-1.3279926776886,251817,1180472.73323437,443657.606141289
"1924",NA,"",0,"2",9.09107685089111,252343,1160960,443640
"1925",NA,"",0,"2",12.4500560760498,252344,1161460,443640
"1926",NA,"",0,"2",16.4796371459961,252345,1161960,443640
"1927",NA,"",0,"2",21.3984680175781,252346,1162460,443640
"1928",NA,"",0,"1",3.17432832717896,252347,1162960,443640
"1929",NA,"",0,"1",-1.80448842048645,252348,1163460,443640
"1930",NA,"",0,"1",24.3015689849854,252349,1163960,443640
"1931",NA,"",0,"1",6.84155511856079,252350,1164460,443640
"1932",NA,"",0,"1",9.59411716461182,252351,1164960,443640
"1933",2020,"2020/09/19",0,"2",12.2093048095703,252359,1168960,443640
"1934",2020,"2020/09/19",0,"2",-0.957798779010773,252362,1170460,443640
"1935",2020,"2020/09/19",0,"2",-2.79141139984131,252363,1170960,443640
"1936",2020,"2020/09/19",0,"1",0.503704845905304,252365,1171960,443640
"1937",2020,"2020/09/19",0,"2",11.8875684738159,252366,1172460,443640
"1938",2020,"2020/09/19",0,"1",13.3156042098999,252367,1172960,443640
"1939",2020,"2020/09/19",0,"1",7.10517454147339,252368,1173460,443640
"1940",2020,"2020/09/19",0,"1",10.5369539260864,252369,1173960,443640
"1941",2020,"2020/09/19",0,"2",27.7968826293945,252370,1174460,443640
"1942",2022,"2022-07-11",1,"1",8.90296077728271,252372,1175887.88197323,443219.404119617
"1943",2020,"2020/09/19",0,"1",7.68241786956787,252373,1175960,443640
"1944",2022,"2022-07-11",1,"1",-0.987035512924194,252382,1180728.14236756,443395.391022389
"1945",2020,"2020/09/19",0,"1",28.8606376647949,252383,1180960,443640
"1946",NA,"",0,"2",-3.00172114372253,252908,1160960,443140
"1947",NA,"",0,"2",8.22598266601562,252909,1161460,443140
"1948",NA,"",0,"2",17.9788055419922,252910,1161960,443140
"1949",NA,"",0,"2",21.9456005096436,252911,1162460,443140
"1950",NA,"",0,"2",38.8029365539551,252912,1162960,443140
"1951",NA,"",0,"1",-7.85095167160034,252913,1163460,443140
"1952",NA,"",0,"1",23.1327896118164,252914,1163960,443140
"1953",NA,"",0,"1",33.2321243286133,252915,1164460,443140
"1954",2020,"2020/09/19",0,"1",27.8712940216064,252923,1168460,443140
"1955",2020,"2020/09/19",0,"2",23.7744007110596,252924,1168960,443140
"1956",2020,"2020/09/19",0,"1",0.685286581516266,252925,1169460,443140
"1957",2020,"2020/09/19",0,"2",8.37791538238525,252926,1169960,443140
"1958",2020,"2020/09/19",0,"1",18.1765880584717,252933,1173460,443140
"1959",2020,"2020/09/19",0,"1",20.4286994934082,252934,1173960,443140
"1960",2020,"2020/09/19",0,"1",36.2333755493164,252936,1174960,443140
"1961",2020,"2020/09/19",0,"2",35.7036819458008,252937,1175460,443140
"1962",2020,"2020/09/19",0,"1",14.4068841934204,252938,1175960,443140
"1963",2020,"2020/09/19",0,"1",-0.850953638553619,252948,1180960,443140
"1964",2020,"2020/09/19",0,"2",38.4818572998047,252949,1181460,443140
"1965",NA,"",0,"2",2.1286141872406,253474,1161460,442640
"1966",NA,"",0,"2",18.2880001068115,253475,1161960,442640
"1967",NA,"",0,"2",25.1533832550049,253476,1162460,442640
"1968",NA,"",0,"2",34.7546272277832,253477,1162960,442640
"1969",2020,"2020/09/19",0,"1",27.4447536468506,253488,1168460,442640
"1970",2020,"2020/09/19",0,"1",-0.82132089138031,253489,1168960,442640
"1971",2020,"2020/09/19",0,"1",1.76630306243896,253490,1169460,442640
"1972",2020,"2020/09/19",0,"1",14.1882781982422,253491,1169960,442640
"1973",2020,"2020/09/19",0,"1",1.3484753370285,253493,1170960,442640
"1974",2020,"2020/09/19",0,"1",-1.59841454029083,253498,1173460,442640
"1975",2020,"2020/09/19",0,"1",20.8132629394531,253499,1173960,442640
"1976",2020,"2020/09/19",0,"1",18.3473300933838,253500,1174460,442640
"1977",2020,"2020/09/19",0,"1",19.3497543334961,253501,1174960,442640
"1978",2020,"2020/09/19",0,"1",17.4522495269775,253502,1175460,442640
"1979",2020,"2020/09/19",0,"2",33.3079490661621,253503,1175960,442640
"1980",2020,"2020/09/19",0,"2",38.3238945007324,253504,1176460,442640
"1981",2020,"2020/09/19",0,"1",3.60336112976074,253514,1181460,442640
"1982",NA,"",0,"1",0.801758944988251,254040,1161960,442140
"1983",NA,"",0,"2",20.8687839508057,254041,1162460,442140
"1984",NA,"",0,"2",30.5357284545898,254042,1162960,442140
"1985",2020,"2020/09/19",0,"1",7.64774322509766,254054,1168960,442140
"1986",2020,"2020/09/19",0,"1",0.544306457042694,254055,1169460,442140
"1987",2020,"2020/09/19",0,"2",14.8431835174561,254056,1169960,442140
"1988",2020,"2020/09/19",0,"1",-1.46654403209686,254058,1170960,442140
"1989",2020,"2020/09/19",0,"1",8.80039215087891,254059,1171460,442140
"1990",2020,"2020/09/19",0,"2",21.1213245391846,254064,1173960,442140
"1991",2020,"2020/09/19",0,"1",19.5348968505859,254065,1174460,442140
"1992",2020,"2020/09/19",0,"1",13.4002141952515,254066,1174960,442140
"1993",2020,"2020/09/19",0,"1",10.5822401046753,254067,1175460,442140
"1994",2020,"2020/09/19",0,"2",31.4737243652344,254069,1176460,442140
"1995",2020,"2020/09/19",0,"2",37.8091583251953,254070,1176960,442140
"1996",2020,"2020/09/19",0,"2",35.8929328918457,254074,1178960,442140
"1997",2020,"2020/09/19",0,"1",4.76625108718872,254080,1181960,442140
"1998",2020,"2020/09/19",0,"1",30.1987648010254,254081,1182460,442140
"1999",NA,"",0,"1",5.6769814491272,254607,1162960,441640
"2000",NA,"",0,"2",22.8175354003906,254608,1163460,441640
"2001",2020,"2020/09/19",0,"1",39.2855453491211,254620,1169460,441640
"2002",2020,"2020/09/19",0,"1",2.91912508010864,254622,1170460,441640
"2003",2020,"2020/09/19",0,"2",24.5420570373535,254623,1170960,441640
"2004",2020,"2020/09/19",0,"1",-5.88719034194946,254624,1171460,441640
"2005",2020,"2020/09/19",0,"2",14.0253763198853,254629,1173960,441640
"2006",2020,"2020/09/19",0,"2",25.6032009124756,254630,1174460,441640
"2007",2020,"2020/09/19",0,"2",28.5132732391357,254631,1174960,441640
"2008",2020,"2020/09/19",0,"1",12.972638130188,254632,1175460,441640
"2009",2020,"2020/09/19",0,"1",2.57134246826172,254633,1175960,441640
"2010",2020,"2020/09/19",0,"1",28.2858543395996,254635,1176960,441640
"2011",2020,"2020/09/19",0,"2",39.944709777832,254636,1177460,441640
"2012",2022,"2022-07-11",1,"1",2.1811695098877,254640,1179883.86435593,441300.346141472
"2013",2020,"2020/09/19",0,"1",1.72513139247894,254646,1182460,441640
"2014",2020,"2020/09/19",0,"1",25.9303493499756,254647,1182960,441640
"2015",2020,"2020/09/19",0,"1",37.8859176635742,254648,1183460,441640
"2016",NA,"",0,"1",18.4439888000488,255174,1163960,441140
"2017",NA,"",0,"1",30.0820541381836,255175,1164460,441140
"2018",2020,"2020/09/19",0,"1",-0.135042637586594,255187,1170460,441140
"2019",2020,"2020/09/19",0,"2",38.9076843261719,255188,1170960,441140
"2020",2020,"2020/09/19",0,"1",12.9761638641357,255189,1171460,441140
"2021",2020,"2020/09/19",0,"2",9.37765598297119,255194,1173960,441140
"2022",2020,"2020/09/19",0,"2",25.3679180145264,255195,1174460,441140
"2023",2020,"2020/09/19",0,"2",24.4372749328613,255196,1174960,441140
"2024",2020,"2020/09/19",0,"2",23.7674350738525,255197,1175460,441140
"2025",2020,"2020/09/19",0,"2",25.6304912567139,255198,1175960,441140
"2026",2020,"2020/09/19",0,"1",4.00782155990601,255199,1176460,441140
"2027",2022,"2022-07-11",1,"1",8.66409397125244,255201,1177668.31406178,441005.884855658
"2028",2020,"2020/09/19",0,"1",30.401439666748,255206,1179960,441140
"2029",2020,"2020/09/19",0,"1",14.0132217407227,255213,1183460,441140
"2030",2020,"2020/09/19",0,"1",29.1586112976074,255214,1183960,441140
"2031",NA,"",0,"1",9.34020042419434,255741,1164960,440640
"2032",2020,"2020/09/19",0,"1",29.1680145263672,255750,1169460,440640
"2033",2020,"2020/09/19",0,"1",1.93474841117859,255754,1171460,440640
"2034",2020,"2020/09/19",0,"2",5.52219390869141,255759,1173960,440640
"2035",2020,"2020/09/19",0,"2",24.655387878418,255760,1174460,440640
"2036",2020,"2020/09/19",0,"2",25.6032009124756,255761,1174960,440640
"2037",2020,"2020/09/19",0,"2",27.6295890808105,255762,1175460,440640
"2038",2020,"2020/09/19",0,"2",27.382209777832,255763,1175960,440640
"2039",2020,"2020/09/19",0,"1",26.5257301330566,255764,1176460,440640
"2040",2020,"2020/09/19",0,"1",12.0942153930664,255765,1176960,440640
"2041",2020,"2020/09/19",0,"1",2.46757864952087,255766,1177460,440640
"2042",2020,"2020/09/19",0,"1",4.22824764251709,255767,1177960,440640
"2043",2020,"2020/09/19",0,"2",35.4611892700195,255768,1178460,440640
"2044",2020,"2020/09/19",0,"2",34.9862518310547,255772,1180460,440640
"2045",2020,"2020/09/19",0,"1",-0.0290179513394833,255779,1183960,440640
"2046",2022,"2022-07-11",1,"1",1.22641241550446,255780,1184798.95038826,440340.246236884
"2047",2022,"2022-07-11",1,"1",3.6813952922821,255781,1185015.6872563,440307.717325525
"2048",NA,"",0,"2",32.4474449157715,256307,1165460,440140
"2049",2020,"2020/09/19",0,"1",-0.990465044975281,256324,1173960,440140
"2050",2020,"2020/09/19",0,"1",26.9767189025879,256325,1174460,440140
"2051",2020,"2020/09/19",0,"1",33.8907241821289,256326,1174960,440140
"2052",2020,"2020/09/19",0,"2",31.2424659729004,256327,1175460,440140
"2053",2020,"2020/09/19",0,"1",11.547366142273,256330,1176960,440140
"2054",2020,"2020/09/19",0,"1",14.9920043945312,256331,1177460,440140
"2055",2020,"2020/09/19",0,"1",24.4145412445068,256332,1177960,440140
"2056",2020,"2020/09/19",0,"1",-3.00764799118042,256333,1178460,440140
"2057",2020,"2020/09/19",0,"1",20.4810428619385,256334,1178960,440140
"2058",2020,"2020/09/19",0,"1",2.49968862533569,256347,1185460,440140
"2059",2022,"2022-07-11",1,"1",2.68687534332275,256348,1186008.65844147,439940.003736915
"2060",NA,"",0,"2",14.0685472488403,256872,1165460,439640
"2061",2020,"2020/09/19",0,"1",2.30516767501831,256885,1171960,439640
"2062",2020,"2020/09/19",0,"1",-2.2367627620697,256889,1173960,439640
"2063",2020,"2020/09/19",0,"2",33.8489227294922,256891,1174960,439640
"2064",2020,"2020/09/19",0,"2",36.1417503356934,256892,1175460,439640
"2065",2020,"2020/09/19",0,"2",24.8078689575195,256893,1175960,439640
"2066",2020,"2020/09/19",0,"1",13.1585359573364,256894,1176460,439640
"2067",2020,"2020/09/19",0,"2",31.758752822876,256897,1177960,439640
"2068",2020,"2020/09/19",0,"1",24.9753017425537,256898,1178460,439640
"2069",2020,"2020/09/19",0,"1",7.81311082839966,256899,1178960,439640
"2070",2020,"2020/09/19",0,"1",10.1019248962402,256905,1181960,439640
"2071",2020,"2020/09/19",0,"1",-0.185389548540115,256914,1186460,439640
"2072",2020,"2020/09/19",0,"1",13.7139616012573,256915,1186960,439640
"2073",2020,"2020/09/19",0,"2",26.8485469818115,257438,1165960,439140
"2074",2020,"2020/09/19",0,"1",37.0301055908203,257449,1171460,439140
"2075",2020,"2020/09/19",0,"1",2.84842395782471,257451,1172460,439140
"2076",2020,"2020/09/19",0,"1",-6.4212064743042,257452,1172960,439140
"2077",2020,"2020/09/19",0,"2",25.6032009124756,257456,1174960,439140
"2078",2020,"2020/09/19",0,"2",30.5072994232178,257457,1175460,439140
"2079",2020,"2020/09/19",0,"1",16.0524311065674,257458,1175960,439140
"2080",2020,"2020/09/19",0,"2",23.9963340759277,257461,1177460,439140
"2081",2020,"2020/09/19",0,"2",35.0046730041504,257462,1177960,439140
"2082",2020,"2020/09/19",0,"2",36.3291282653809,257463,1178460,439140
"2083",2020,"2020/09/19",0,"1",24.2040042877197,257464,1178960,439140
"2084",2020,"2020/09/19",0,"1",-0.086416020989418,257465,1179460,439140
"2085",2020,"2020/09/19",0,"1",27.0490188598633,257467,1180460,439140
"2086",2020,"2020/09/19",0,"2",27.2897911071777,257472,1182960,439140
"2087",2020,"2020/09/19",0,"1",-2.78019046783447,257481,1187460,439140
"2088",2022,"2022-07-11",1,"1",-1.10599386692047,257482,1188138.04454273,438721.350925347
"2089",2020,"2020/09/19",0,"1",4.07670736312866,258003,1165960,438640
"2090",2020,"2020/09/19",0,"1",26.5509777069092,258004,1166460,438640
"2091",2020,"2020/09/19",0,"1",37.7125778198242,258014,1171460,438640
"2092",2020,"2020/09/19",0,"1",20.1342163085938,258017,1172960,438640
"2093",2020,"2020/09/19",0,"1",-1.12318289279938,258019,1173960,438640
"2094",2020,"2020/09/19",0,"1",33.5228652954102,258020,1174460,438640
"2095",2020,"2020/09/19",0,"2",23.8143520355225,258021,1174960,438640
"2096",2020,"2020/09/19",0,"2",36.1534576416016,258022,1175460,438640
"2097",2020,"2020/09/19",0,"1",12.9207582473755,258023,1175960,438640
"2098",2020,"2020/09/19",0,"1",3.36511158943176,258027,1177960,438640
"2099",2020,"2020/09/19",0,"2",30.6841621398926,258028,1178460,438640
"2100",2020,"2020/09/19",0,"1",24.577844619751,258030,1179460,438640
"2101",2020,"2020/09/19",0,"1",20.3658599853516,258031,1179960,438640
"2102",2020,"2020/09/19",0,"1",34.0736045837402,258033,1180960,438640
"2103",2020,"2020/09/19",0,"2",30.2416286468506,258038,1183460,438640
"2104",2020,"2020/09/19",0,"2",25.1231346130371,258039,1183960,438640
"2105",2022,"2022-07-11",1,"1",-0.0527223497629166,258047,1188333.40941156,438620.687452368
"2106",2022,"2022-07-11",1,"1",2.99759864807129,258048,1188835.96225688,438324.664667353
"2107",2022,"2022-07-11",1,"1",2.52940154075623,258049,1189127.46261461,438147.844101124
"2108",2020,"2020/09/19",0,"1",5.29993486404419,258569,1166460,438140
"2109",2020,"2020/09/19",0,"1",9.96662998199463,258570,1166960,438140
"2110",2020,"2020/09/19",0,"1",29.6029396057129,258571,1167460,438140
"2111",2020,"2020/09/19",0,"1",1.03389167785645,258583,1173460,438140
"2112",2020,"2020/09/19",0,"1",3.97473120689392,258584,1173960,438140
"2113",2020,"2020/09/19",0,"2",31.089599609375,258585,1174460,438140
"2114",2020,"2020/09/19",0,"1",24.5696907043457,258586,1174960,438140
"2115",2020,"2020/09/19",0,"2",23.7856388092041,258587,1175460,438140
"2116",2020,"2020/09/19",0,"1",38.538516998291,258588,1175960,438140
"2117",2020,"2020/09/19",0,"1",-0.535268545150757,258593,1178460,438140
"2118",2020,"2020/09/19",0,"2",20.1910953521729,258594,1178960,438140
"2119",2020,"2020/09/19",0,"2",36.6485748291016,258597,1180460,438140
"2120",2020,"2020/09/19",0,"1",11.5177097320557,258598,1180960,438140
"2121",2020,"2020/09/19",0,"1",26.1981182098389,258599,1181460,438140
"2122",2020,"2020/09/19",0,"2",38.4082336425781,258600,1181960,438140
"2123",2020,"2020/09/19",0,"2",38.7021179199219,258604,1183960,438140
"2124",2020,"2020/09/19",0,"1",8.26902294158936,258605,1184460,438140
"2125",2020,"2020/09/19",0,"1",-2.53227376937866,258606,1184960,438140
"2126",2020,"2020/09/19",0,"1",13.0883083343506,258615,1189460,438140
"2127",2020,"2020/09/19",0,"2",5.23690128326416,259136,1167460,437640
"2128",2020,"2020/09/19",0,"1",28.3169288635254,259150,1174460,437640
"2129",2020,"2020/09/19",0,"1",30.6183757781982,259151,1174960,437640
"2130",2020,"2020/09/19",0,"2",26.7318172454834,259152,1175460,437640
"2131",2020,"2020/09/19",0,"2",34.093807220459,259153,1175960,437640
"2132",2020,"2020/09/19",0,"2",11.8099756240845,259154,1176460,437640
"2133",2020,"2020/09/19",0,"2",14.1451797485352,259160,1179460,437640
"2134",2020,"2020/09/19",0,"2",30.7403736114502,259161,1179960,437640
"2135",2020,"2020/09/19",0,"1",28.8393115997314,259163,1180960,437640
"2136",2020,"2020/09/19",0,"2",31.4495029449463,259164,1181460,437640
"2137",2020,"2020/09/19",0,"1",27.0053768157959,259165,1181960,437640
"2138",2020,"2020/09/19",0,"2",38.4048004150391,259166,1182460,437640
"2139",2020,"2020/09/19",0,"1",21.9002933502197,259168,1183460,437640
"2140",2020,"2020/09/19",0,"2",29.6533012390137,259170,1184460,437640
"2141",2020,"2020/09/19",0,"1",9.473876953125,259171,1184960,437640
"2142",2020,"2020/09/19",0,"2",4.69013833999634,259172,1185460,437640
"2143",2020,"2020/09/19",0,"1",-1.56522536277771,259173,1185960,437640
"2144",2020,"2020/09/19",0,"1",3.71746349334717,259181,1189960,437640
"2145",2022,"2022-07-11",1,"1",0.608643233776093,259182,1190675.39251861,437225.261536471
"2146",2020,"2020/09/19",0,"2",37.6886177062988,259183,1190960,437640
"2147",2020,"2020/09/19",0,"2",28.6559219360352,259702,1167960,437140
"2148",2020,"2020/09/19",0,"1",23.2819004058838,259704,1168960,437140
"2149",2020,"2020/09/19",0,"1",22.5456581115723,259705,1169460,437140
"2150",2020,"2020/09/19",0,"1",36.9583702087402,259708,1170960,437140
"2151",2020,"2020/09/19",0,"1",-1.54523050785065,259714,1173960,437140
"2152",2020,"2020/09/19",0,"1",9.89964962005615,259715,1174460,437140
"2153",2020,"2020/09/19",0,"1",17.8800277709961,259719,1176460,437140
"2154",2020,"2020/09/19",0,"2",8.44262981414795,259726,1179960,437140
"2155",2020,"2020/09/19",0,"2",20.2167415618896,259727,1180460,437140
"2156",2020,"2020/09/19",0,"1",34.8748245239258,259728,1180960,437140
"2157",2020,"2020/09/19",0,"2",34.6251831054688,259730,1181960,437140
"2158",2020,"2020/09/19",0,"1",31.9165496826172,259731,1182460,437140
"2159",2020,"2020/09/19",0,"2",36.2914085388184,259732,1182960,437140
"2160",2020,"2020/09/19",0,"2",19.7391185760498,259736,1184960,437140
"2161",2020,"2020/09/19",0,"2",13.6384124755859,259737,1185460,437140
"2162",2020,"2020/09/19",0,"2",9.52046298980713,259738,1185960,437140
"2163",2020,"2020/09/19",0,"2",4.7912106513977,259739,1186460,437140
"2164",2020,"2020/09/19",0,"1",-1.08766150474548,259740,1186960,437140
"2165",2022,"2022-07-11",1,"1",-0.0211902186274529,259747,1190848.24629877,437129.263942044
"2166",2020,"2020/09/19",0,"1",4.30548286437988,259748,1190960,437140
"2167",2020,"2020/09/19",0,"1",37.7328224182129,259749,1191460,437140
"2168",2020,"2020/09/19",0,"1",0.717590570449829,260267,1167960,436640
"2169",2020,"2020/09/19",0,"1",-2.89733719825745,260268,1168460,436640
"2170",2020,"2020/09/19",0,"2",11.8809175491333,260269,1168960,436640
"2171",2020,"2020/09/19",0,"1",11.4802026748657,260270,1169460,436640
"2172",2020,"2020/09/19",0,"1",23.59397315979,260271,1169960,436640
"2173",2020,"2020/09/19",0,"1",37.23046875,260279,1173960,436640
"2174",2020,"2020/09/19",0,"1",24.8010940551758,260280,1174460,436640
"2175",2020,"2020/09/19",0,"1",-1.66981112957001,260284,1176460,436640
"2176",2020,"2020/09/19",0,"2",9.19097328186035,260285,1176960,436640
"2177",2020,"2020/09/19",0,"1",0.695996820926666,260292,1180460,436640
"2178",2020,"2020/09/19",0,"2",10.3020715713501,260293,1180960,436640
"2179",2020,"2020/09/19",0,"2",17.8362426757812,260294,1181460,436640
"2180",2020,"2020/09/19",0,"2",31.7852935791016,260295,1181960,436640
"2181",2020,"2020/09/19",0,"1",30.26975440979,260296,1182460,436640
"2182",2020,"2020/09/19",0,"2",29.9594860076904,260297,1182960,436640
"2183",2020,"2020-09-19",1,"1",4.06374740600586,260298,1183545.83781935,436184.447493654
"2184",2020,"2020/09/19",0,"2",22.9135723114014,260302,1185460,436640
"2185",2020,"2020/09/19",0,"2",16.4230079650879,260303,1185960,436640
"2186",2020,"2020/09/19",0,"2",16.1192188262939,260304,1186460,436640
"2187",2020,"2020/09/19",0,"2",11.7583541870117,260305,1186960,436640
"2188",2020,"2020/09/19",0,"2",6.50585889816284,260306,1187460,436640
"2189",2020,"2020/09/19",0,"1",-2.31889820098877,260307,1187960,436640
"2190",2020,"2020/09/19",0,"1",10.6944618225098,260315,1191960,436640
"2191",2020,"2020/09/19",0,"1",34.5030136108398,260316,1192460,436640
"2192",2020,"2020/09/19",0,"1",-9.73134231567383,260834,1168960,436140
"2193",2020,"2020/09/19",0,"2",8.15372848510742,260835,1169460,436140
"2194",2020,"2020/09/19",0,"1",10.5261363983154,260836,1169960,436140
"2195",2020,"2020/09/19",0,"1",19.7702388763428,260844,1173960,436140
"2196",2020,"2020/09/19",0,"1",-0.631400346755981,260859,1181460,436140
"2197",2020,"2020/09/19",0,"2",16.5449924468994,260860,1181960,436140
"2198",2020,"2020/09/19",0,"2",17.5268707275391,260861,1182460,436140
"2199",2020,"2020-09-19",1,"1",17.5908145904541,260862,1183427.09238925,436107.002911722
"2200",2020,"2020/09/19",0,"1",13.1455211639404,260863,1183460,436140
"2201",2020,"2020/09/19",0,"1",20.7198333740234,260868,1185960,436140
"2202",2020,"2020/09/19",0,"2",9.98615455627441,260869,1186460,436140
"2203",2020,"2020/09/19",0,"2",14.7650089263916,260870,1186960,436140
"2204",2020,"2020/09/19",0,"2",16.2664852142334,260871,1187460,436140
"2205",2020,"2020/09/19",0,"2",12.8449354171753,260872,1187960,436140
"2206",2020,"2020/09/19",0,"2",1.97151470184326,260873,1188460,436140
"2207",2020,"2020/09/19",0,"1",-2.25144267082214,260882,1192960,436140
"2208",2020,"2020/09/19",0,"1",11.2363700866699,260883,1193460,436140
"2209",2020,"2020/09/19",0,"1",35.3502540588379,260884,1193960,436140
"2210",2020,"2020/09/19",0,"2",-3.00764799118042,261399,1168960,435640
"2211",2020,"2020/09/19",0,"2",-1.68787610530853,261400,1169460,435640
"2212",2020,"2020/09/19",0,"1",-2.79513096809387,261401,1169960,435640
"2213",2020,"2020/09/19",0,"1",-1.56563103199005,261402,1170460,435640
"2214",2020,"2020/09/19",0,"1",5.73394250869751,261403,1170960,435640
"2215",2020,"2020/09/19",0,"1",22.2047863006592,261410,1174460,435640
"2216",2020,"2020/09/19",0,"1",-2.30633163452148,261425,1181960,435640
"2217",2020,"2020/09/19",0,"2",13.7478380203247,261426,1182460,435640
"2218",2020,"2020/09/19",0,"2",24.4550437927246,261427,1182960,435640
"2219",2020,"2020/09/19",0,"2",30.7089691162109,261428,1183460,435640
"2220",2020,"2020/09/19",0,"2",33.6383285522461,261429,1183960,435640
"2221",2020,"2020/09/19",0,"2",35.14453125,261430,1184460,435640
"2222",2020,"2020/09/19",0,"1",5.67991542816162,261434,1186460,435640
"2223",2020,"2020/09/19",0,"1",9.38704299926758,261435,1186960,435640
"2224",2020,"2020/09/19",0,"1",12.459156036377,261436,1187460,435640
"2225",2020,"2020/09/19",0,"2",7.4915976524353,261437,1187960,435640
"2226",2020,"2020/09/19",0,"2",9.54480361938477,261438,1188460,435640
"2227",2020,"2020/09/19",0,"2",6.12265253067017,261439,1188960,435640
"2228",2020,"2020/09/19",0,"1",-1.60288727283478,261440,1189460,435640
"2229",2022,"2022-07-11",1,"1",1.14299929141998,261451,1195332.75367659,435280.896966024
"2230",2020,"2020/09/19",0,"1",29.0522136688232,261452,1195460,435640
"2231",2020,"2020/09/19",0,"2",-2.91234827041626,261965,1169460,435140
"2232",2020,"2020/09/19",0,"2",-2.80911111831665,261966,1169960,435140
"2233",2020,"2020/09/19",0,"2",-2.88687920570374,261967,1170460,435140
"2234",2020,"2020/09/19",0,"1",-2.60608577728271,261968,1170960,435140
"2235",2020,"2020/09/19",0,"1",19.6185111999512,261969,1171460,435140
"2236",2020,"2020/09/19",0,"2",0.567841589450836,261991,1182460,435140
"2237",2020,"2020/09/19",0,"2",17.7488880157471,261992,1182960,435140
"2238",2020,"2020/09/19",0,"2",23.8028106689453,261993,1183460,435140
"2239",2020,"2020/09/19",0,"2",26.4232082366943,261994,1183960,435140
"2240",2020,"2020/09/19",0,"2",30.2655601501465,261995,1184460,435140
"2241",2020,"2020/09/19",0,"2",34.8484001159668,261996,1184960,435140
"2242",2020,"2020/09/19",0,"2",36.9288482666016,262000,1186960,435140
"2243",2020,"2020/09/19",0,"2",-3.00764799118042,262002,1187960,435140
"2244",2020,"2020/09/19",0,"1",0.22647251188755,262003,1188460,435140
"2245",2020,"2020/09/19",0,"2",10.3582420349121,262004,1188960,435140
"2246",2020,"2020/09/19",0,"2",6.96060037612915,262005,1189460,435140
"2247",2022,"2022-07-11",1,"1",-0.742422580718994,262006,1190012.67593633,434671.168947373
"2248",2022,"2022-07-11",1,"1",0.577658176422119,262017,1195483.03376168,435055.368190211
"2249",2020,"2020-09-19",1,"1",17.8867301940918,262018,1196134.64679083,434971.566953326
"2250",2020,"2020/09/19",0,"1",36.5269470214844,262019,1196460,435140
"2251",2020,"2020/09/19",0,"2",-2.99230241775513,262531,1169960,434640
"2252",2020,"2020/09/19",0,"2",-2.9992527961731,262532,1170460,434640
"2253",2020,"2020/09/19",0,"2",7.34939670562744,262534,1171460,434640
"2254",2020,"2020/09/19",0,"1",16.8505420684814,262535,1171960,434640
"2255",2020,"2020/09/19",0,"1",30.9348239898682,262536,1172460,434640
"2256",2020,"2020/09/19",0,"1",-1.10190069675446,262545,1176960,434640
"2257",2020,"2020/09/19",0,"1",6.29675817489624,262557,1182960,434640
"2258",2020,"2020/09/19",0,"2",18.0596771240234,262558,1183460,434640
"2259",2020,"2020/09/19",0,"2",26.1883754730225,262559,1183960,434640
"2260",2020,"2020/09/19",0,"2",30.4482288360596,262560,1184460,434640
"2261",2020,"2020/09/19",0,"2",32.4664688110352,262561,1184960,434640
"2262",2020,"2020/09/19",0,"2",35.6510543823242,262562,1185460,434640
"2263",2020,"2020/09/19",0,"1",17.6843566894531,262567,1187960,434640
"2264",2020,"2020/09/19",0,"1",-0.29232069849968,262568,1188460,434640
"2265",2020,"2020/09/19",0,"2",5.91810607910156,262569,1188960,434640
"2266",2020,"2020/09/19",0,"1",-0.980504870414734,262570,1189460,434640
"2267",2022,"2022-07-11",1,"2",-1.9566867351532,262571,1190051.85328905,434514.327949146
"2268",2020,"2020/09/19",0,"1",-3.00764799118042,262572,1190460,434640
"2269",2020,"2020/09/19",0,"1",1.09507405757904,262573,1190960,434640
"2270",2020,"2020/09/19",0,"2",13.6118021011353,262583,1195960,434640
"2271",2020,"2020/09/19",0,"1",-3.57911920547485,262584,1196460,434640
"2272",2020,"2020/09/19",0,"1",25.470724105835,262585,1196960,434640
"2273",2020,"2020/09/19",0,"2",-3.00764799118042,263096,1169960,434140
"2274",2020,"2020/09/19",0,"2",-3.00764799118042,263097,1170460,434140
"2275",2020,"2020/09/19",0,"2",-3.00764799118042,263098,1170960,434140
"2276",2020,"2020/09/19",0,"1",-0.97641921043396,263100,1171960,434140
"2277",2020,"2020/09/19",0,"1",-0.664251983165741,263101,1172460,434140
"2278",2020,"2020/09/19",0,"2",7.67280149459839,263124,1183960,434140
"2279",2020,"2020/09/19",0,"2",20.4483814239502,263125,1184460,434140
"2280",2020,"2020/09/19",0,"2",25.8045825958252,263126,1184960,434140
"2281",2020,"2020/09/19",0,"2",31.9660320281982,263127,1185460,434140
"2282",2020,"2020/09/19",0,"2",35.8439178466797,263128,1185960,434140
"2283",2020,"2020/09/19",0,"2",38.7288551330566,263132,1187960,434140
"2284",2020,"2020/09/19",0,"2",38.5027236938477,263133,1188460,434140
"2285",2022,"2022-07-11",1,"1",-2.39316344261169,263134,1189239.34598497,433743.10441007
"2286",2020,"2020/09/19",0,"2",4.04699230194092,263137,1190460,434140
"2287",2020,"2020/09/19",0,"2",3.98392629623413,263138,1190960,434140
"2288",2020,"2020/09/19",0,"2",0.943867802619934,263139,1191460,434140
"2289",2020,"2020-09-19",1,"1",-2.76466226577759,263147,1195640.25831891,434037.749754989
"2290",2020,"2020/09/19",0,"2",11.582350730896,263148,1195960,434140
"2291",2020,"2020/09/19",0,"2",-2.66487264633179,263149,1196460,434140
"2292",2020,"2020-09-19",1,"1",0.518853664398193,263150,1197391.56032504,433828.589680852
"2293",2020,"2020-09-19",1,"1",9.4494800567627,263151,1197725.59124676,433676.724429829
"2294",2020,"2020/09/19",0,"2",-7.03416538238525,263661,1169960,433640
"2295",2020,"2020/09/19",0,"2",-3.00764799118042,263663,1170960,433640
"2296",2020,"2020/09/19",0,"2",-3.00764799118042,263664,1171460,433640
"2297",2020,"2020/09/19",0,"2",-2.82470464706421,263665,1171960,433640
"2298",2020,"2020/09/19",0,"2",-1.73851406574249,263666,1172460,433640
"2299",2020,"2020/09/19",0,"1",-1.14546191692352,263667,1172960,433640
"2300",2020,"2020/09/19",0,"1",13.335693359375,263668,1173460,433640
"2301",2020,"2020/09/19",0,"1",33.8914604187012,263675,1176960,433640
"2302",2020,"2020/09/19",0,"1",-2.24992942810059,263676,1177460,433640
"2303",2020,"2020/09/19",0,"1",-9.00309753417969,263689,1183960,433640
"2304",2020,"2020/09/19",0,"2",4.87436628341675,263690,1184460,433640
"2305",2020,"2020/09/19",0,"2",15.5853366851807,263691,1184960,433640
"2306",2020,"2020/09/19",0,"2",26.4134922027588,263692,1185460,433640
"2307",2020,"2020/09/19",0,"2",31.9367561340332,263693,1185960,433640
"2308",2020,"2020/09/19",0,"2",36.126537322998,263694,1186460,433640
"2309",2020,"2020/09/19",0,"2",39.7934722900391,263695,1186960,433640
"2310",2022,"2022-07-11",1,"1",-0.228250920772552,263699,1189336.75072699,433634.241618941
"2311",2022,"2022-07-11",1,"1",-1.45526099205017,263700,1189465.4710849,433536.243329981
"2312",2020,"2020-09-19",1,"1",-17.0518913269043,263701,1190412.64873326,433454.62149271
"2313",2020,"2020/09/19",0,"2",7.38295125961304,263702,1190460,433640
"2314",2020,"2020/09/19",0,"1",-0.564789175987244,263703,1190960,433640
"2315",2020,"2020/09/19",0,"2",-0.331846803426743,263704,1191460,433640
"2316",2022,"2022-07-11",1,"1",2.82697129249573,263714,1196938.48822051,433599.068329865
"2317",2022,"2022-07-11",1,"1",5.5836672782898,263715,1197155.97774661,433627.172552366
"2318",2020,"2020-09-19",1,"1",17.9303588867188,263716,1197695.94548752,433456.428380564
"2319",2020,"2020/09/19",0,"1",17.820764541626,263717,1197960,433640
"2320",2020,"2020/09/19",0,"2",-6.42475128173828,264228,1170960,433140
"2321",2020,"2020/09/19",0,"2",-3.00764799118042,264229,1171460,433140
"2322",2020,"2020/09/19",0,"2",-3.00764799118042,264230,1171960,433140
"2323",2020,"2020/09/19",0,"2",-3.00764799118042,264231,1172460,433140
"2324",2020,"2020/09/19",0,"2",-2.7518515586853,264232,1172960,433140
"2325",2020,"2020/09/19",0,"2",-1.44175088405609,264233,1173460,433140
"2326",2020,"2020/09/19",0,"1",3.38449025154114,264234,1173960,433140
"2327",2020,"2020/09/19",0,"1",31.0855903625488,264241,1177460,433140
"2328",2020,"2020/09/19",0,"1",-2.48048424720764,264242,1177960,433140
"2329",2020,"2020/09/19",0,"1",-2.57077860832214,264255,1184460,433140
"2330",2022,"2022-07-11",1,"2",-2.19289326667786,264256,1185167.41201706,432651.145133251
"2331",2020,"2020/09/19",0,"2",21.0572986602783,264257,1185460,433140
"2332",2020,"2020/09/19",0,"2",29.5155181884766,264258,1185960,433140
"2333",2020,"2020/09/19",0,"2",32.6633529663086,264259,1186460,433140
"2334",2020,"2020/09/19",0,"2",36.7031288146973,264260,1186960,433140
"2335",2020,"2020/09/19",0,"2",39.1637649536133,264261,1187460,433140
"2336",2020,"2020/09/19",0,"2",39.4024467468262,264262,1187960,433140
"2337",2020,"2020/09/19",0,"2",39.2764625549316,264263,1188460,433140
"2338",2022,"2022-07-11",1,"1",0.122937813401222,264265,1189851.36096646,433086.742427874
"2339",2022,"2022-07-11",1,"1",0.506974518299103,264266,1190341.97395752,432684.870877041
"2340",2022,"2022-07-11",1,"1",-3.00764799118042,264267,1190944.48207611,433021.236477561
"2341",2022,"2022-07-11",1,"1",-3.00764799118042,264268,1190984.87043039,432962.325979714
"2342",2020,"2020/09/19",0,"2",-1.39634132385254,264279,1196460,433140
"2343",2021,"2021-06-02",1,"1",0.166751563549042,264280,1197437.67026669,433040.927451046
"2344",2021,"2021-06-02",1,"1",18.3427352905273,264281,1197918.88303983,432956.451862498
"2345",2020,"2020/09/19",0,"1",28.0095653533936,264282,1197960,433140
"2346",2020,"2020/09/19",0,"1",37.3657455444336,264284,1198960,433140
"2347",2020,"2020/09/19",0,"1",30.3077545166016,264285,1199460,433140
"2348",2020,"2020/09/19",0,"1",28.9147071838379,264286,1199960,433140
"2349",2020,"2020/09/19",0,"1",-8.66132736206055,264794,1171460,432640
"2350",2020,"2020/09/19",0,"2",-3.00764799118042,264795,1171960,432640
"2351",2020,"2020/09/19",0,"2",-3.00764799118042,264796,1172460,432640
"2352",2020,"2020/09/19",0,"2",-3.00764799118042,264797,1172960,432640
"2353",2020,"2020/09/19",0,"1",-2.71402144432068,264798,1173460,432640
"2354",2020,"2020/09/19",0,"1",23.0539302825928,264799,1173960,432640
"2355",2020,"2020/09/19",0,"1",19.0193004608154,264807,1177960,432640
"2356",2020,"2020-09-19",1,"1",-26.949291229248,264821,1185339.59041562,432462.393046482
"2357",2022,"2022-07-11",1,"2",-2.6604700088501,264822,1185539.69461748,432365.531937665
"2358",2020,"2020/09/19",0,"2",8.88218688964844,264823,1185960,432640
"2359",2020,"2020/09/19",0,"2",14.3583984375,264824,1186460,432640
"2360",2020,"2020/09/19",0,"2",33.7861328125,264825,1186960,432640
"2361",2020,"2020/09/19",0,"2",36.975471496582,264826,1187460,432640
"2362",2020,"2020/09/19",0,"2",38.0066719055176,264827,1187960,432640
"2363",2020,"2020/09/19",0,"2",37.9048118591309,264828,1188460,432640
"2364",2020,"2020/09/19",0,"2",37.7480087280273,264829,1188960,432640
"2365",2020,"2020/09/19",0,"2",38.601261138916,264830,1189460,432640
"2366",2020,"2020/09/19",0,"2",35.261848449707,264831,1189960,432640
"2367",2021,"2021-06-02",1,"1",-16.8085803985596,264832,1190955.75457565,432393.258217055
"2368",2020,"2020-09-19",1,"1",-14.2133378982544,264833,1191277.43158038,432257.825375154
"2369",2020,"2020/09/19",0,"2",8.42341613769531,264834,1191460,432640
"2370",2021,"2021-06-02",1,"2",5.91662740707397,264845,1197233.74046476,432604.460802526
"2371",2020,"2020/09/19",0,"1",17.0040912628174,264846,1197460,432640
"2372",2020,"2020/09/19",0,"2",34.8502235412598,264847,1197960,432640
"2373",2022,"2022-07-11",1,"1",2.360511302948,264848,1198621.0795866,432160.783546431
"2374",2020,"2020/09/19",0,"1",8.29273509979248,264849,1198960,432640
"2375",2021,"2021-06-02",1,"1",4.79095077514648,264850,1199622.55493362,432245.740971314
"2376",2020,"2020/09/19",0,"1",11.6473255157471,264851,1199960,432640
"2377",2020,"2020/09/19",0,"1",-8.01386642456055,265362,1172960,432140
"2378",2020,"2020/09/19",0,"2",-0.0802281573414803,265363,1173460,432140
"2379",2020,"2020/09/19",0,"1",15.384162902832,265364,1173960,432140
"2380",2020,"2020/09/19",0,"1",-4.04344987869263,265373,1178460,432140
"2381",2022,"2022-07-11",1,"1",-0.206435859203339,265388,1186093.53337212,431839.729994626
"2382",2020,"2020/09/19",0,"2",12.9301271438599,265389,1186460,432140
"2383",2020,"2020/09/19",0,"1",16.4880485534668,265390,1186960,432140
"2384",2020,"2020/09/19",0,"2",34.1079254150391,265391,1187460,432140
"2385",2020,"2020/09/19",0,"2",36.4755325317383,265392,1187960,432140
"2386",2020,"2020/09/19",0,"2",37.297004699707,265393,1188460,432140
"2387",2020,"2020/09/19",0,"2",37.019718170166,265394,1188960,432140
"2388",2020,"2020/09/19",0,"2",36.8942184448242,265395,1189460,432140
"2389",2020,"2020/09/19",0,"2",37.4927177429199,265396,1189960,432140
"2390",2020,"2020/09/19",0,"1",37.2987251281738,265398,1190960,432140
"2391",2021,"2021-06-02",1,"1",-0.211516335606575,265399,1191634.82909187,431781.556756051
"2392",2021,"2021-06-02",1,"1",1.34238052368164,265410,1197453.65511949,432048.671921852
"2393",2020,"2020-09-19",1,"1",23.2079448699951,265411,1197740.99196642,432082.627749444
"2394",2020,"2020/09/19",0,"1",33.7265510559082,265412,1197960,432140
"2395",2020,"2020/09/19",0,"1",15.5932474136353,265413,1198460,432140
"2396",2021,"2021-06-02",1,"1",5.23919916152954,265416,1200124.14314166,431650.663449609
"2397",2020,"2020/09/19",0,"2",23.4753227233887,265928,1173460,431640
"2398",2020,"2020/09/19",0,"1",9.29403877258301,265939,1178960,431640
"2399",2020,"2020/09/19",0,"2",2.78957629203796,265954,1186460,431640
"2400",2020,"2020/09/19",0,"2",23.6560192108154,265955,1186960,431640
"2401",2020,"2020/09/19",0,"2",28.7943840026855,265956,1187460,431640
"2402",2020,"2020/09/19",0,"2",33.692066192627,265957,1187960,431640
"2403",2020,"2020/09/19",0,"2",36.318733215332,265958,1188460,431640
"2404",2020,"2020/09/19",0,"2",36.6107597351074,265959,1188960,431640
"2405",2020,"2020/09/19",0,"2",35.9918518066406,265960,1189460,431640
"2406",2020,"2020/09/19",0,"2",37.7718734741211,265961,1189960,431640
"2407",2020,"2020/09/19",0,"2",38.3758163452148,265962,1190460,431640
"2408",2020,"2020/09/19",0,"2",39.1138954162598,265963,1190960,431640
"2409",2021,"2021-06-02",1,"2",22.2746734619141,265964,1191696.15464362,431465.791230041
"2410",2021,"2021-06-02",1,"1",26.4122638702393,265965,1192192.92581371,431141.455553514
"2411",2020,"2020-09-19",1,"1",5.56766319274902,265970,1194864.39402505,431285.83058345
"2412",2020,"2020-09-19",1,"1",5.38659524917603,265971,1194996.76144961,431460.394073837
"2413",2020,"2020-09-19",1,"1",11.0247001647949,265972,1195943.14704999,431144.321582529
"2414",2021,"2021-06-02",1,"1",-12.0097055435181,265975,1197318.65401826,431550.511272156
"2415",2020,"2020/09/19",0,"1",7.44954442977905,265976,1197460,431640
"2416",2021,"2021-06-02",1,"1",9.261887550354,265977,1197963.51911014,431361.652967483
"2417",2022,"2022-07-11",1,"1",3.04595351219177,265981,1200451.8370897,431620.847039284
"2418",2021,"2021-06-02",1,"1",-2.8556923866272,265982,1200824.20271983,431307.047721556
"2419",2020,"2020/09/19",0,"1",14.9065246582031,265983,1200960,431640
"2420",2020,"2020/09/19",0,"1",20.2031497955322,265984,1201460,431640
"2421",2020,"2020/09/19",0,"2",17.4593238830566,266493,1173460,431140
"2422",2020,"2020/09/19",0,"1",24.4166927337646,266505,1179460,431140
"2423",2020,"2020/09/19",0,"1",-2.8298134803772,266506,1179960,431140
"2424",2020,"2020/09/19",0,"2",-3.00764799118042,266517,1185460,431140
"2425",2020,"2020/09/19",0,"1",-2.27184867858887,266520,1186960,431140
"2426",2020,"2020/09/19",0,"2",14.8328294754028,266521,1187460,431140
"2427",2020,"2020/09/19",0,"2",28.8082180023193,266522,1187960,431140
"2428",2020,"2020/09/19",0,"2",33.3148078918457,266523,1188460,431140
"2429",2020,"2020/09/19",0,"2",36.7616882324219,266524,1188960,431140
"2430",2020,"2020/09/19",0,"2",38.4701881408691,266525,1189460,431140
"2431",2020,"2020/09/19",0,"2",38.2616348266602,266526,1189960,431140
"2432",2020,"2020/09/19",0,"2",37.8165817260742,266527,1190460,431140
"2433",2020,"2020/09/19",0,"2",30.8611145019531,266528,1190960,431140
"2434",2020,"2020-09-19",1,"1",13.7088203430176,266529,1191657.48520803,430651.199846921
"2435",2021,"2021-06-02",1,"1",18.3696956634521,266531,1192648.48144072,431048.706925145
"2436",2022,"2022-07-11",1,"1",2.46100759506226,266533,1193801.40325241,430692.981898066
"2437",2021,"2021-06-02",1,"1",-2.09953236579895,266534,1194425.57958967,430642.854917133
"2438",2021,"2021-06-02",1,"1",-3.00764799118042,266535,1194556.84904584,430791.531754528
"2439",2020,"2020/09/19",0,"1",27.6545352935791,266536,1194960,431140
"2440",2020,"2020/09/19",0,"1",33.1498908996582,266537,1195460,431140
"2441",2020,"2020-09-19",1,"1",1.83966040611267,266538,1196292.81275582,430906.299635677
"2442",2020,"2020-09-19",1,"1",8.25895881652832,266540,1196985.48645544,430954.489485834
"2443",2020,"2020/09/19",0,"1",16.0755310058594,266541,1197460,431140
"2444",2020,"2020-09-19",1,"1",4.94327878952026,266542,1198358.46171504,430890.750657175
"2445",2020,"2020/09/19",0,"1",-1.14960694313049,266549,1201460,431140
"2446",2020,"2020/09/19",0,"1",27.6852722167969,266550,1201960,431140
"2447",2020,"2020/09/19",0,"1",31.8697776794434,266551,1202460,431140
"2448",2020,"2020/09/19",0,"1",-2.04797267913818,267058,1173460,430640
"2449",2020,"2020/09/19",0,"2",12.1715307235718,267059,1173960,430640
"2450",2020,"2020/09/19",0,"2",14.4505996704102,267060,1174460,430640
"2451",2020,"2020/09/19",0,"2",21.3406105041504,267070,1179460,430640
"2452",2020,"2020/09/19",0,"2",-3.00764799118042,267073,1180960,430640
"2453",2020,"2020/09/19",0,"2",17.4769840240479,267087,1187960,430640
"2454",2020,"2020/09/19",0,"2",28.7524070739746,267088,1188460,430640
"2455",2020,"2020/09/19",0,"2",35.8813629150391,267089,1188960,430640
"2456",2020,"2020/09/19",0,"1",38.6464385986328,267093,1190960,430640
"2457",2020,"2020/09/19",0,"2",28.9545116424561,267094,1191460,430640
"2458",2020,"2020/09/19",0,"1",32.0050163269043,267095,1191960,430640
"2459",2020,"2020-09-19",1,"1",1.60540378093719,267099,1194373.08712324,430627.131361235
"2460",2020,"2020/09/19",0,"1",9.80753040313721,267100,1194460,430640
"2461",2021,"2021-06-02",1,"1",2.81281113624573,267101,1195175.39836805,430239.549504537
"2462",2020,"2020-09-19",1,"1",-3.59310841560364,267102,1195736.77261811,430434.789896689
"2463",2022,"2022-07-11",1,"1",-1.76720952987671,267103,1196089.77596167,430356.616866489
"2464",2022,"2022-07-11",1,"1",1.46043264865875,267104,1196641.09111741,430295.263532435
"2465",2022,"2022-07-11",1,"1",0.218819066882133,267105,1197131.61837978,430195.336412084
"2466",2020,"2020/09/19",0,"1",27.4765892028809,267107,1197960,430640
"2467",2022,"2022-07-11",1,"2",4.12522459030151,267108,1198472.42572662,430321.970418746
"2468",2020,"2020/09/19",0,"1",8.86858177185059,267113,1200960,430640
"2469",2020,"2020/09/19",0,"1",10.7276477813721,267114,1201460,430640
"2470",2022,"2022-07-11",1,"1",-0.24547752737999,267115,1202395.11799134,430540.105025449
"2471",2020,"2020/09/19",0,"1",12.5847339630127,267116,1202460,430640
"2472",2020,"2020/09/19",0,"1",-1.11222922801971,267626,1174960,430140
"2473",2020,"2020/09/19",0,"1",1.97295618057251,267650,1186960,430140
"2474",2020,"2020/09/19",0,"2",5.22710466384888,267651,1187460,430140
"2475",2020,"2020/09/19",0,"1",5.46066331863403,267653,1188460,430140
"2476",2020,"2020/09/19",0,"2",31.314136505127,267654,1188960,430140
"2477",2020,"2020/09/19",0,"2",37.3190498352051,267659,1191460,430140
"2478",2020,"2020/09/19",0,"2",38.0041847229004,267661,1192460,430140
"2479",2020,"2020-09-19",1,"1",10.6245288848877,267666,1195452.33622466,430010.296354791
"2480",2020,"2020-09-19",1,"1",10.7607908248901,267667,1195635.1703424,429934.664554227
"2481",2020,"2020-09-19",1,"1",-6.71763610839844,267670,1197318.10354674,429798.716081368
"2482",2021,"2021-06-02",1,"1",4.79556179046631,267671,1197595.98631631,430056.723797468
"2483",2021,"2021-06-02",1,"2",5.93274593353271,267672,1198091.11168654,429916.39058579
"2484",2020,"2020/09/19",0,"1",-0.0305556673556566,267673,1198460,430140
"2485",2021,"2021-06-02",1,"1",-0.987365007400513,267680,1202236.81592324,429741.56983617
"2486",2022,"2022-07-11",1,"1",0.420199662446976,267681,1202462.37493833,429662.895863773
"2487",2020,"2020/09/19",0,"1",5.79942512512207,268209,1183960,429640
"2488",2020,"2020/09/19",0,"2",7.16525030136108,268210,1184460,429640
"2489",2020,"2020/09/19",0,"1",5.65171813964844,268211,1184960,429640
"2490",2020,"2020/09/19",0,"1",0.552363574504852,268212,1185460,429640
"2491",2020,"2020/09/19",0,"1",-3.00764799118042,268217,1187960,429640
"2492",2022,"2022-07-11",1,"1",-1.67693328857422,268219,1189287.57589168,429472.833341204
"2493",2021,"2021-06-02",1,"1",16.3726253509521,268231,1195059.39603783,429145.186421457
"2494",2020,"2020/09/19",0,"1",20.9147834777832,268233,1195960,429640
"2495",2020,"2020-09-19",1,"1",0.900421440601349,268246,1202605.38963414,429627.512904931
"2496",2022,"2022-07-11",1,"1",8.08327960968018,268247,1203341.36078899,429187.098702657
"2497",2021,"2022/06/02",0,"1",13.5097789764404,268249,1203960,429640
"2498",2020,"2020/09/19",0,"1",-8.72012138366699,268758,1175960,429140
"2499",2020,"2020/09/19",0,"1",31.4454154968262,268763,1178460,429140
"2500",2020,"2020/09/19",0,"2",1.27795958518982,268774,1183960,429140
"2501",2020,"2020/09/19",0,"2",5.74090051651001,268775,1184460,429140
"2502",2020,"2020/09/19",0,"2",8.25999450683594,268776,1184960,429140
"2503",2020,"2020/09/19",0,"1",1.37277317047119,268777,1185460,429140
"2504",2020,"2020/09/19",0,"1",6.92842435836792,268778,1185960,429140
"2505",2020,"2020/09/19",0,"2",10.5629863739014,268779,1186460,429140
"2506",2020,"2020-09-19",1,"1",3.43299698829651,268780,1187373.18868615,428763.256992117
"2507",2020,"2020-09-19",1,"2",9.18520164489746,268781,1187771.77470869,428673.671855129
"2508",2020,"2020-09-19",1,"1",6.13737726211548,268782,1188420.30051155,428799.784566167
"2509",2020,"2020-09-19",1,"1",3.11504769325256,268783,1188659.92970868,428646.311204335
"2510",2022,"2022-07-11",1,"1",3.96556663513184,268784,1189074.56489938,428907.906488793
"2511",2020,"2020-09-19",1,"1",10.2607927322388,268785,1189504.40119146,428671.060382452
"2512",2020,"2020-09-19",1,"1",0.986451506614685,268787,1190923.49742987,429018.808774735
"2513",2020,"2020/09/19",0,"1",-5.72559785842896,268789,1191460,429140
"2514",2020,"2020-09-19",1,"1",6.72575378417969,268790,1192402.99790561,428959.826147664
"2515",2020,"2020-09-19",1,"1",5.09610509872437,268791,1192917.67627719,428680.951049941
"2516",2020,"2020-09-19",1,"1",3.05601263046265,268795,1194886.6638244,429067.390431557
"2517",2020,"2020-09-19",1,"1",4.32739496231079,268796,1195296.4103116,429002.144407246
"2518",2020,"2020/09/19",0,"1",37.9553298950195,268797,1195460,429140
"2519",2020,"2020/09/19",0,"2",38.1810989379883,268798,1195960,429140
"2520",2020,"2020/09/19",0,"2",14.6576519012451,268799,1196460,429140
"2521",2020,"2020/09/19",0,"2",6.1566162109375,268811,1202460,429140
"2522",2021,"2021-06-02",1,"1",0.94666862487793,268812,1203265.63353274,428990.35082199
"2523",2022,"2022-07-11",1,"1",-0.605540871620178,268813,1203846.93125501,428758.221517803
"2524",2022,"2022-07-11",1,"1",3.05106973648071,268815,1204953.57162516,428838.912442199
"2525",2022,"2022-07-11",1,"1",11.4459638595581,268816,1205056.94646976,428769.234731737
"2526",2020,"2020/09/19",0,"1",7.98324012756348,269325,1176960,428640
"2527",2020,"2020/09/19",0,"1",7.31581020355225,269328,1178460,428640
"2528",2020,"2020/09/19",0,"2",-4.35888624191284,269341,1184960,428640
"2529",2020,"2020/09/19",0,"2",8.16922378540039,269342,1185460,428640
"2530",2020,"2020/09/19",0,"2",10.2458381652832,269343,1185960,428640
"2531",2020,"2020/09/19",0,"2",7.43849992752075,269344,1186460,428640
"2532",2020,"2020-09-19",1,"1",-8.60829067230225,269345,1187019.38613181,428393.951089379
"2533",2020,"2020/09/19",0,"2",13.8044567108154,269346,1187460,428640
"2534",2022,"2022-07-11",1,"1",2.9185152053833,269347,1188061.68441796,428633.190553119
"2535",2020,"2020-09-19",1,"1",6.81793642044067,269348,1188671.74390159,428149.283780735
"2536",2020,"2020-09-19",1,"1",-15.6250152587891,269349,1189251.75457298,428367.434886352
"2537",2020,"2020/09/19",0,"1",21.7044525146484,269350,1189460,428640
"2538",2020,"2020-09-19",1,"1",5.28881454467773,269352,1190771.21851167,428250.178950713
"2539",2021,"2021-06-02",1,"1",2.12951135635376,269353,1191209.55229126,428477.993207049
"2540",2022,"2022-07-11",1,"1",11.2462558746338,269356,1192950.80475016,428575.230787644
"2541",2020,"2020-09-19",1,"1",-0.778390109539032,269357,1193356.22951243,428314.519407825
"2542",2020,"2020-09-19",1,"1",1.49861168861389,269358,1193465.25240589,428292.231136278
"2543",2022,"2022-07-11",1,"1",3.10322499275208,269363,1196375.80715032,428418.256578691
"2544",2020,"2020-09-19",1,"1",-1.21652960777283,269364,1196722.8994749,428229.781391781
"2545",2021,"2021-06-02",1,"1",-3.42570424079895,269376,1202681.36790513,428196.60486497
"2546",2021,"2021-06-02",1,"1",0.950704038143158,269377,1203274.07596392,428153.850065694
"2547",2022,"2022-07-11",1,"1",-0.169867157936096,269378,1203477.10003535,428194.960081398
"2548",2022,"2022-07-11",1,"1",4.83652210235596,269379,1204456.46237731,428388.139935007
"2549",2022,"2022-07-11",1,"1",6.47011852264404,269380,1204512.45610628,428406.618111013
"2550",2022,"2022-07-11",1,"1",4.76085519790649,269381,1205289.24473718,428564.295471351
"2551",2022,"2022/07/11",0,"1",15.4052352905273,269382,1205460,428640
"2552",2020,"2020-09-19",1,"1",2.27041101455688,269893,1178579.51760507,427716.177061128
"2553",2020,"2020/09/19",0,"2",7.88120079040527,269908,1185960,428140
"2554",2020,"2020/09/19",0,"2",11.7627573013306,269909,1186460,428140
"2555",2020,"2020-09-19",1,"1",6.23868227005005,269910,1186977.38414725,428027.505302572
"2556",2020,"2020/09/19",0,"2",13.591682434082,269911,1187460,428140
"2557",2020,"2020/09/19",0,"2",16.3995742797852,269912,1187960,428140
"2558",2020,"2020-09-19",1,"1",4.60801887512207,269913,1188683.54564456,428133.084549067
"2559",2020,"2020/09/19",0,"2",32.0216751098633,269914,1188960,428140
"2560",2020,"2020/09/19",0,"2",37.3172225952148,269915,1189460,428140
"2561",2022,"2022-07-11",1,"1",6.03079080581665,269917,1190848.17894045,427912.040108152
"2562",2020,"2020-09-19",1,"1",5.45185470581055,269918,1191031.97084027,428034.948100642
"2563",2020,"2020/09/19",0,"1",13.0854845046997,269923,1193460,428140
"2564",2021,"2021-06-02",1,"1",20.4682540893555,269928,1196340.88977582,427831.431462884
"2565",2020,"2020-09-19",1,"1",3.86602592468262,269929,1196635.94860938,427724.93581571
"2566",2021,"2021-06-02",1,"1",-2.40232467651367,269940,1202452.07350068,427954.844055507
"2567",2022,"2022-07-11",1,"1",-2.05075454711914,269941,1202479.11493638,427952.835120395
"2568",2021,"2021-06-02",1,"1",-2.94115924835205,269942,1202992.99367344,427767.280255096
"2569",2022,"2022-07-11",1,"1",-2.71025013923645,269943,1203909.62236049,428070.630219326
"2570",2022,"2022-07-11",1,"1",-2.26964068412781,269944,1203983.81716015,428023.362749881
"2571",2022,"2022-07-11",1,"1",-0.176732793450356,269945,1204942.6060526,428118.705033321
"2572",2022,"2022-07-11",1,"1",13.1531553268433,269946,1205088.3692496,428067.734902978
"2573",2022,"2022-07-11",1,"1",16.9378967285156,269948,1206412.68242885,427781.584112305
"2574",2022,"2022-07-11",1,"1",16.2932186126709,269949,1206493.14330147,427704.53852242
"2575",2020,"2020/09/19",0,"2",-2.06385922431946,270473,1185960,427640
"2576",2020,"2020/09/19",0,"2",8.20243740081787,270474,1186460,427640
"2577",2020,"2020/09/19",0,"2",13.0660581588745,270475,1186960,427640
"2578",2020,"2020/09/19",0,"2",14.7254199981689,270476,1187460,427640
"2579",2020,"2020/09/19",0,"2",17.1568908691406,270477,1187960,427640
"2580",2020,"2020/09/19",0,"2",21.9456005096436,270478,1188460,427640
"2581",2020,"2020/09/19",0,"2",27.1875438690186,270479,1188960,427640
"2582",2022,"2022-07-11",1,"1",10.3806409835815,270482,1190912.07090457,427393.878082217
"2583",2021,"2021-06-02",1,"1",5.46957921981812,270483,1190961.79867083,427321.126111031
"2584",2020,"2020/09/19",0,"1",-7.16555976867676,270484,1191460,427640
"2585",2020,"2020/09/19",0,"1",9.0565767288208,270489,1193960,427640
"2586",2020,"2020/09/19",0,"1",32.1190338134766,270490,1194460,427640
"2587",2020,"2020-09-19",1,"1",2.11791515350342,270495,1197276.3991341,427565.547659775
"2588",2021,"2021-06-02",1,"1",-1.62768864631653,270496,1197797.87275172,427515.863562636
"2589",2020,"2020-09-19",1,"1",14.4882850646973,270497,1198088.84837687,427344.17625815
"2590",2021,"2021-06-02",1,"1",-2.15734958648682,270505,1202357.45639135,427280.427119743
"2591",2021,"2021-06-02",1,"1",-2.92154836654663,270506,1202874.91693541,427186.076701541
"2592",2021,"2021-06-02",1,"1",-3.00764799118042,270507,1203075.37526305,427292.101318492
"2593",2021,"2021-06-02",1,"1",-3.07906103134155,270508,1203460.88375383,427500.597653807
"2594",2022,"2022-07-11",1,"1",0,270512,1205632.36721787,427189.165468351
"2595",2022,"2022-07-11",1,"1",5.99747180938721,270514,1206951.3251544,427383.469993305
"2596",2022,"2022-07-11",1,"1",11.1899852752686,270515,1207351.59306785,427146.189868836
"2597",2020,"2020/09/19",0,"2",8.80360984802246,271040,1186960,427140
"2598",2020,"2020/09/19",0,"2",14.3723363876343,271041,1187460,427140
"2599",2020,"2020/09/19",0,"2",18.5569591522217,271042,1187960,427140
"2600",2020,"2020/09/19",0,"2",19.8120002746582,271043,1188460,427140
"2601",2020,"2020/09/19",0,"2",22.0277271270752,271044,1188960,427140
"2602",2020,"2020/09/19",0,"1",18.2433013916016,271048,1190960,427140
"2603",2021,"2021-06-02",1,"1",-1.082364320755,271049,1191918.28298572,426975.975456288
"2604",2021,"2021-06-02",1,"1",10.9109163284302,271055,1194749.07628791,427078.123459837
"2605",2020,"2020/09/19",0,"1",38.7150535583496,271062,1197960,427140
"2606",2020,"2020/09/19",0,"1",12.4767475128174,271063,1198460,427140
"2607",2020,"2020-09-19",1,"1",4.15149545669556,271064,1199136.17389924,426895.233404407
"2608",2020,"2020-09-19",1,"1",3.85992050170898,271065,1199511.81258461,426705.466119708
"2609",2021,"2021-06-02",1,"1",2.29910492897034,271066,1200249.43659209,426900.459134916
"2610",2021,"2021-06-02",1,"1",1.61155164241791,271067,1200671.53040152,426878.496682743
"2611",2021,"2021-06-02",1,"1",-2.42109727859497,271072,1203346.32771774,427116.333119297
"2612",2021,"2021-06-02",1,"1",-2.8464183807373,271073,1203642.89216364,426650.198052678
"2613",2021,"2021-06-02",1,"1",-3.00764799118042,271074,1204410.93468828,426779.692112949
"2614",2022,"2022-07-11",1,"1",-2.47808861732483,271075,1204826.62300368,426640.421510806
"2615",2022,"2022-07-11",1,"1",0.126011252403259,271077,1205761.44410288,427113.484499023
"2616",2022,"2022-07-11",1,"1",0.095894381403923,271078,1206428.11312176,426662.249616828
"2617",2022,"2022-07-11",1,"1",7.01462173461914,271080,1207400.51371741,427073.922274399
"2618",2022,"2022/07/11",0,"1",23.8729934692383,271081,1207460,427140
"2619",2020,"2020/09/19",0,"1",21.0071353912354,271588,1178460,426640
"2620",2020,"2020/09/19",0,"2",7.70394086837769,271606,1187460,426640
"2621",2020,"2020/09/19",0,"2",17.1001586914062,271607,1187960,426640
"2622",2020,"2020/09/19",0,"2",18.860933303833,271608,1188460,426640
"2623",2020,"2020/09/19",0,"2",19.4989814758301,271609,1188960,426640
"2624",2020,"2020/09/19",0,"2",27.0723533630371,271610,1189460,426640
"2625",2020,"2020/09/19",0,"2",30.5408897399902,271611,1189960,426640
"2626",2020,"2020/09/19",0,"1",-4.81754159927368,271614,1191460,426640
"2627",2021,"2021-06-02",1,"1",-2.60287833213806,271615,1192247.86184058,426433.442481625
"2628",2020,"2020/09/19",0,"2",-0.806631505489349,271616,1192460,426640
"2629",2021,"2021-06-02",1,"1",-1.91733825206757,271617,1193292.47436581,426187.422757642
"2630",2020,"2020-09-19",1,"1",-2.1316282749176,271618,1193473.20314145,426170.272368645
"2631",2020,"2020-09-19",1,"1",1.59838819503784,271619,1194097.39759494,426635.380186817
"2632",2020,"2020-09-19",1,"1",3.7996928691864,271620,1194679.09097851,426281.911869963
"2633",2021,"2021-06-02",1,"1",5.30615520477295,271624,1196811.70026309,426530.661964969
"2634",2020,"2020/09/19",0,"1",12.8544073104858,271625,1196960,426640
"2635",2020,"2020/09/19",0,"1",4.67264890670776,271626,1197460,426640
"2636",2020,"2020-09-19",1,"1",10.8739356994629,271627,1198433.56729917,426284.667740689
"2637",2020,"2020/09/19",0,"1",35.5002708435059,271629,1198960,426640
"2638",2020,"2020/09/19",0,"1",26.9697933197021,271630,1199460,426640
"2639",2020,"2020/09/19",0,"1",24.7498359680176,271631,1199960,426640
"2640",2020,"2020/09/19",0,"2",23.0632095336914,271632,1200460,426640
"2641",2020,"2020/09/19",0,"2",9.26999187469482,271633,1200960,426640
"2642",2021,"2021-06-02",1,"1",0.860231280326843,271634,1201835.63926062,426481.747896847
"2643",2020,"2020-09-19",1,"1",-3.00764799118042,271635,1202340.88326503,426443.93312197
"2644",2020,"2020-09-19",1,"1",-3.00764799118042,271636,1202762.48640668,426462.189909668
"2645",2022,"2022-07-11",1,"1",-2.87517094612122,271637,1203146.05309637,426169.839020211
"2646",2021,"2021-06-02",1,"1",-2.75025582313538,271639,1204336.67710743,426545.543644458
"2647",2022,"2022-07-11",1,"1",-2.13933563232422,271640,1204894.97100371,426638.127221436
"2648",2022,"2022/07/11",0,"1",-2.3344349861145,271641,1204960,426640
"2649",2022,"2022/07/11",0,"1",-3.00764799118042,271642,1205460,426640
"2650",2022,"2022-07-11",1,"1",-0.623102307319641,271644,1206784.10688068,426143.278303307
"2651",2022,"2022-07-11",1,"1",5.02440071105957,271645,1207223.92300586,426161.696519336
"2652",2022,"2022/07/11",0,"1",36.299373626709,271650,1209460,426640
"2653",2020,"2020/09/19",0,"1",2.82202744483948,272153,1178460,426140
"2654",2022,"2022-07-11",1,"1",-3.98463106155396,272172,1188233.49592891,425790.260185529
"2655",2020,"2020/09/19",0,"2",19.1201839447021,272173,1188460,426140
"2656",2020,"2020/09/19",0,"2",19.377857208252,272174,1188960,426140
"2657",2020,"2020/09/19",0,"2",21.971830368042,272175,1189460,426140
"2658",2020,"2020/09/19",0,"2",25.9277896881104,272176,1189960,426140
"2659",2020,"2020/09/19",0,"2",39.4985313415527,272177,1190460,426140
"2660",2020,"2020/09/19",0,"2",37.2822608947754,272179,1191460,426140
"2661",2021,"2021-06-02",1,"1",-13.9192504882812,272180,1192340.9331172,426022.272132418
"2662",2021,"2021-06-02",1,"1",-2.20209431648254,272181,1192730.91249438,425668.116576096
"2663",2020,"2020-09-19",1,"1",2.02975058555603,272182,1193356.24702644,425664.741712494
"2664",2020,"2020-09-19",1,"1",3.08041191101074,272183,1193742.75158769,426034.542450387
"2665",2020,"2020-09-19",1,"1",3.92192077636719,272184,1194447.60725302,425883.625870237
"2666",2020,"2020-09-19",1,"1",9.93415641784668,272185,1194580.41763949,425738.595378218
"2667",2020,"2020/09/19",0,"1",25.8170108795166,272189,1196460,426140
"2668",2020,"2020/09/19",0,"1",-1.13903081417084,272193,1198460,426140
"2669",2020,"2020-09-19",1,"1",0.445566356182098,272195,1199650.75748625,425994.109784963
"2670",2020,"2020/09/19",0,"2",32.1499404907227,272200,1201960,426140
"2671",2020,"2020/09/19",0,"2",23.2699871063232,272201,1202460,426140
"2672",2021,"2021-06-02",1,"1",3.55857539176941,272202,1202995.47965037,426063.241230645
"2673",2021,"2021-06-02",1,"1",-0.310113936662674,272203,1203527.4444881,426045.927522462
"2674",2021,"2022/06/02",0,"1",5.51168489456177,272204,1203960,426140
"2675",2021,"2022/06/02",0,"2",27.4509429931641,272205,1204460,426140
"2676",2022,"2022-07-11",1,"1",-0.314069509506226,272206,1205177.56559277,426003.44068768
"2677",2022,"2022/07/11",0,"1",-3.0745689868927,272207,1205460,426140
"2678",2022,"2022-07-11",1,"1",-1.61022126674652,272208,1206211.89040477,426003.80284741
"2679",2022,"2022-07-11",1,"1",-2.02987241744995,272209,1206562.69375347,426133.599134008
"2680",2022,"2022-07-11",1,"1",3.13260936737061,272210,1207238.53758788,426137.9650384
"2681",2022,"2022-07-11",1,"1",0.0651588886976242,272211,1207829.24680701,425855.799947662
"2682",2022,"2022-07-11",1,"1",0.257725983858109,272212,1208220.67428029,425705.495374967
"2683",2022,"2022/07/11",0,"1",36.6879463195801,272217,1210460,426140
"2684",2022,"2022-07-11",1,"1",0.272430449724197,272737,1188431.3886998,425600.951457975
"2685",2022,"2022-07-11",1,"1",-3.23735642433167,272738,1188901.8101783,425257.637233897
"2686",2022,"2022-07-11",1,"1",-0.560742199420929,272739,1189142.79842737,425187.657297704
"2687",2020,"2020/09/19",0,"2",25.2556705474854,272740,1189460,425640
"2688",2020,"2020/09/19",0,"2",28.4222393035889,272741,1189960,425640
"2689",2020,"2020/09/19",0,"2",30.747917175293,272742,1190460,425640
"2690",2020,"2020/09/19",0,"2",39.4967155456543,272744,1191460,425640
"2691",2020,"2020-09-19",1,"1",7.88891077041626,272745,1192403.92941702,425612.880493518
"2692",2020,"2020-09-19",1,"1",-0.55863881111145,272746,1192740.94501949,425326.791179405
"2693",2020,"2020-09-19",1,"1",1.56087911128998,272747,1193252.48985393,425198.733990358
"2694",2021,"2021-06-02",1,"1",7.84270477294922,272748,1193636.19342183,425369.582056693
"2695",2020,"2020/09/19",0,"1",32.6950759887695,272749,1193960,425640
"2696",2020,"2020/09/19",0,"1",16.9060745239258,272750,1194460,425640
"2697",2020,"2020-09-19",1,"1",-1.86642634868622,272754,1196852.33195598,425405.608876226
"2698",2020,"2020/09/19",0,"1",3.03331661224365,272755,1196960,425640
"2699",2020,"2020-09-19",1,"1",4.03933525085449,272761,1200242.6426535,425431.17461362
"2700",2020,"2020-09-19",1,"2",14.3012552261353,272762,1200830.76528381,425140.972723437
"2701",2020,"2020/09/19",0,"2",30.4672870635986,272765,1201960,425640
"2702",2020,"2020/09/19",0,"2",24.9847927093506,272766,1202460,425640
"2703",2020,"2020/09/19",0,"2",11.8172101974487,272767,1202960,425640
"2704",2021,"2022/06/02",0,"2",18.5543594360352,272768,1203460,425640
"2705",2021,"2022/06/02",0,"2",34.9318351745605,272769,1203960,425640
"2706",2021,"2022/06/02",0,"2",37.712963104248,272770,1204460,425640
"2707",2022,"2022-07-11",1,"1",4.53627347946167,272771,1205294.8344832,425181.606705429
"2708",2022,"2022-07-11",1,"2",-2.90329647064209,272772,1205662.25646327,425198.866371784
"2709",2022,"2022/07/11",0,"1",-2.62557911872864,272773,1205960,425640
"2710",2022,"2022/07/11",0,"2",-0.822429418563843,272774,1206460,425640
"2711",2022,"2022-07-11",1,"1",-0.397495955228806,272777,1208398.72469719,425637.638382301
"2712",2022,"2022-07-11",1,"1",-2.24212789535522,272778,1208913.6245662,425290.316134787
"2713",2022,"2022-07-11",1,"1",1.38266158103943,272779,1209094.64698156,425234.440930233
"2714",2020,"2020/09/19",0,"2",21.9782848358154,273278,1175960,425140
"2715",2020,"2020/09/19",0,"2",30.140718460083,273305,1189460,425140
"2716",2020,"2020/09/19",0,"2",27.431999206543,273306,1189960,425140
"2717",2020,"2020/09/19",0,"2",29.6028575897217,273307,1190460,425140
"2718",2020,"2020/09/19",0,"2",36.596809387207,273308,1190960,425140
"2719",2020,"2020/09/19",0,"2",38.1021041870117,273309,1191460,425140
"2720",2020,"2020/09/19",0,"1",37.945987701416,273311,1192460,425140
"2721",2020,"2020-09-19",1,"1",0.207815304398537,273312,1193326.61233332,425087.445857915
"2722",2020,"2020-09-19",1,"1",3.3364839553833,273313,1193716.47339885,425044.72509514
"2723",2020,"2020-09-19",1,"1",8.59717178344727,273314,1194072.78734187,424954.351911031
"2724",2020,"2020/09/19",0,"2",17.134298324585,273320,1196960,425140
"2725",2020,"2020-09-19",1,"1",-1.54641890525818,273326,1200296.66508369,424959.829161144
"2726",2020,"2020-09-19",1,"2",14.9639101028442,273327,1200824.38777833,425066.202317114
"2727",2020,"2020-09-19",1,"2",19.2394866943359,273328,1200979.20883167,425071.435652435
"2728",2020,"2020/09/19",0,"2",25.0482940673828,273332,1202960,425140
"2729",2021,"2022/06/02",0,"2",14.5220184326172,273333,1203460,425140
"2730",2021,"2022/06/02",0,"2",17.1841526031494,273334,1203960,425140
"2731",2021,"2022/06/02",0,"2",26.0764007568359,273335,1204460,425140
"2732",2022,"2022/07/11",0,"2",39.3404006958008,273336,1204960,425140
"2733",2022,"2022/07/11",0,"1",-3.00764799118042,273337,1205460,425140
"2734",2022,"2022-07-11",1,"1",3.0590455532074,273345,1209936.20008542,424948.601244795
"2735",2022,"2022-07-11",1,"1",5.16858625411987,273346,1210086.93880862,424866.162022794
"2736",2022,"2022-07-11",1,"1",21.6220378875732,273349,1211939.46481536,425000.014465077
"2737",2022,"2022-07-11",1,"1",3.12881875038147,273350,1212090.56109103,424945.658383849
"2738",2022,"2022-07-11",1,"1",13.5152034759521,273351,1212887.1852599,424660.329548813
"2739",2022,"2022/07/11",0,"1",15.4968156814575,273352,1212960,425140
"2740",2022,"2022-07-11",1,"1",5.01342010498047,273357,1215621.65808686,424695.280344239
"2741",2022,"2022-07-11",1,"1",-0.435599237680435,273358,1216273.45778789,424652.700264545
"2742",2021,"2022/06/16",0,"1",21.2912044525146,273361,1217460,425140
"2743",2021,"2022/06/16",0,"1",8.84608745574951,273362,1217960,425140
"2744",2021,"2022/06/16",0,"1",32.8181228637695,273363,1218460,425140
"2745",2020,"2020/09/19",0,"2",32.3755569458008,273871,1189960,424640
"2746",2020,"2020/09/19",0,"2",29.260799407959,273872,1190460,424640
"2747",2020,"2020/09/19",0,"2",39.8592338562012,273875,1191960,424640
"2748",2020,"2020-09-19",1,"1",7.93610668182373,273885,1197239.37730786,424279.793246601
"2749",2020,"2020-09-19",1,"1",-3.00764799118042,273891,1200285.66316508,424518.96758067
"2750",2020,"2020-09-19",1,"2",16.9557991027832,273892,1200930.26329859,424535.937184476
"2751",2020,"2020-09-19",1,"1",-1.93872690200806,273893,1201178.4751039,424169.042619706
"2752",2021,"2022/06/02",0,"2",29.8518562316895,273898,1203460,424640
"2753",2021,"2022/06/02",0,"2",19.4210433959961,273899,1203960,424640
"2754",2021,"2022/06/02",0,"2",17.4458332061768,273900,1204460,424640
"2755",2022,"2022/07/11",0,"2",18.3150329589844,273901,1204960,424640
"2756",2022,"2022/07/11",0,"2",11.4512577056885,273902,1205460,424640
"2757",2022,"2022/07/11",0,"2",9.0228214263916,273903,1205960,424640
"2758",2022,"2022/07/11",0,"2",5.57300996780396,273904,1206460,424640
"2759",2022,"2022-07-11",1,"1",10.6082420349121,273912,1210941.78038982,424547.566565732
"2760",2022,"2022-07-11",1,"1",7.88955497741699,273913,1211439.67227911,424399.657885108
"2761",2022,"2022-07-11",1,"1",16.7236309051514,273914,1211838.59374997,424298.925091409
"2762",2022,"2022-07-11",1,"1",23.1052551269531,273915,1212036.80459615,424275.232932151
"2763",2022,"2022-07-11",1,"1",7.77796220779419,273916,1212942.5052532,424629.405987242
"2764",2022,"2022-07-11",1,"1",18.7874317169189,273917,1212989.15976664,424635.710461042
"2765",2022,"2022/07/11",0,"1",1.62028443813324,273918,1213460,424640
"2766",2022,"2022/07/11",0,"1",-1.74545741081238,273919,1213960,424640
"2767",2022,"2022/07/11",0,"1",-2.29847645759583,273920,1214460,424640
"2768",2022,"2022/07/11",0,"1",0.295947432518005,273921,1214960,424640
"2769",2022,"2022/07/11",0,"1",-6.34389352798462,273922,1215460,424640
"2770",2022,"2022/07/11",0,"1",2.71663165092468,273924,1216460,424640
"2771",2021,"2021-06-16",1,"1",-0.102471321821213,273925,1216974.58042889,424202.870780951
"2772",2021,"2022/06/16",0,"1",8.16174507141113,273926,1217460,424640
"2773",2021,"2022/06/16",0,"1",36.3764152526855,273927,1217960,424640
"2774",2020,"2020/09/19",0,"2",34.255744934082,274409,1176460,424140
"2775",2020,"2020/09/19",0,"1",8.09625720977783,274410,1176960,424140
"2776",2020,"2020/09/19",0,"1",32.1757926940918,274412,1177960,424140
"2777",2021,"2021-06-02",1,"1",-1.85859382152557,274436,1190071.95021458,424036.49232789
"2778",2021,"2021-06-02",1,"1",7.5044093132019,274437,1190731.53204228,423788.372978614
"2779",2022,"2022-07-11",1,"1",7.84729194641113,274438,1191088.74471718,423722.004525904
"2780",2020,"2020-09-19",1,"1",-5.60298442840576,274439,1191781.5086149,423677.486270194
"2781",2020,"2020-09-19",1,"1",6.39900207519531,274440,1192405.65091956,424022.673849193
"2782",2020,"2020/09/19",0,"1",22.46142578125,274441,1192460,424140
"2783",2020,"2020/09/19",0,"2",30.0429859161377,274450,1196960,424140
"2784",2020,"2020-09-19",1,"1",4.30849075317383,274451,1197603.60564042,423688.469710193
"2785",2021,"2021-06-02",1,"1",-0.0499513857066631,274452,1198066.85300568,423714.635702801
"2786",2020,"2020-09-19",1,"1",-3.26595568656921,274458,1201394.62943182,423911.654924459
"2787",2020,"2020-09-19",1,"1",-1.38229751586914,274459,1201606.17725771,423814.352929303
"2788",2020,"2020/09/19",0,"2",34.2369766235352,274460,1201960,424140
"2789",2020,"2020/09/19",0,"2",34.9102745056152,274461,1202460,424140
"2790",2020,"2020/09/19",0,"2",31.48415184021,274462,1202960,424140
"2791",2021,"2022/06/02",0,"2",34.7400016784668,274463,1203460,424140
"2792",2021,"2022/06/02",0,"2",26.1780986785889,274464,1203960,424140
"2793",2021,"2022/06/02",0,"2",18.9559917449951,274465,1204460,424140
"2794",2022,"2022-07-11",1,"1",1.49229514598846,274466,1204964.60764511,423940.01760859
"2795",2022,"2022-07-11",1,"1",-1.77520513534546,274467,1205507.85049261,424067.489927093
"2796",2022,"2022/07/11",0,"2",2.52066397666931,274470,1206960,424140
"2797",2022,"2022/07/11",0,"2",0.369252294301987,274471,1207460,424140
"2798",2022,"2022/07/11",0,"1",-3.00764799118042,274472,1207960,424140
"2799",2022,"2022/07/11",0,"1",0.496133297681808,274480,1211960,424140
"2800",2022,"2022-07-11",1,"1",6.85570955276489,274481,1212923.83620947,423983.528417999
"2801",2022,"2022-07-11",1,"1",2.81638121604919,274482,1212976.04419331,423963.853121966
"2802",2022,"2022/07/11",0,"1",4.467857837677,274485,1214460,424140
"2803",2021,"2022/06/16",0,"1",8.19995212554932,274490,1216960,424140
"2804",2022,"2022-07-11",1,"1",0.830378592014313,274491,1217579.58880682,423679.060780126
"2805",2021,"2022/06/16",0,"1",13.4770908355713,274492,1217960,424140
"2806",2020,"2020/09/19",0,"1",7.47168302536011,274974,1176460,423640
"2807",2020,"2020/09/19",0,"1",10.4850969314575,274979,1178960,423640
"2808",2021,"2021-06-02",1,"1",0.29042911529541,275004,1191900.69450371,423608.87836646
"2809",2020,"2020/09/19",0,"1",32.0781440734863,275005,1191960,423640
"2810",2020,"2020/09/19",0,"1",29.7967205047607,275008,1193460,423640
"2811",2020,"2020/09/19",0,"1",29.9647274017334,275015,1196960,423640
"2812",2020,"2020/09/19",0,"1",23.1947937011719,275016,1197460,423640
"2813",2020,"2020/09/19",0,"1",1.57253515720367,275017,1197960,423640
"2814",2022,"2022-07-11",1,"1",4.22806119918823,275025,1202041.48698691,423248.833318886
"2815",2020,"2020/09/19",0,"2",18.50071144104,275026,1202460,423640
"2816",2020,"2020/09/19",0,"2",18.5078754425049,275027,1202960,423640
"2817",2021,"2022/06/02",0,"2",19.7745018005371,275028,1203460,423640
"2818",2021,"2022/06/02",0,"2",21.1592407226562,275029,1203960,423640
"2819",2022,"2022-07-11",1,"1",4.96905708312988,275030,1204938.64196065,423585.296873676
"2820",2022,"2022/07/11",0,"1",-1.90755152702332,275033,1205960,423640
"2821",2022,"2022-07-11",1,"1",-0.212446838617325,275048,1213821.160122,423495.815639288
"2822",2022,"2022-07-11",1,"1",2.86108064651489,275049,1214292.11568199,423417.439004106
"2823",2022,"2022-07-11",1,"1",5.6563229560852,275050,1214958.7267197,423270.941599263
"2824",2022,"2022-07-11",1,"1",3.63068962097168,275051,1215228.61812334,423245.995527359
"2825",2022,"2022-07-11",1,"1",5.39498376846313,275052,1215478.24607658,423227.880763158
"2826",2022,"2022-07-11",1,"1",5.60674571990967,275053,1216407.76022847,423142.092591689
"2827",2021,"2021-06-16",1,"1",-0.496993333101273,275054,1216495.73414003,423157.426598925
"2828",2021,"2021-06-16",1,"1",3.5973482131958,275055,1217011.1794427,423234.260136921
"2829",2021,"2021-06-16",1,"1",0.370782405138016,275056,1217506.1786556,423345.423841544
"2830",2020,"2020/09/19",0,"2",8.86257553100586,275539,1176460,423140
"2831",2020,"2020/09/19",0,"1",0.570130169391632,275550,1181960,423140
"2832",2022,"2022-07-11",1,"1",-1.0008293390274,275570,1192325.93657491,422857.469825942
"2833",2020,"2020/09/19",0,"2",33.9497756958008,275571,1192460,423140
"2834",2020,"2020/09/19",0,"2",32.9059562683105,275572,1192960,423140
"2835",2022,"2022-07-11",1,"1",0.38482478260994,275580,1197283.88398168,422906.767050352
"2836",2020,"2020-09-19",1,"1",6.48953485488892,275591,1202802.08712482,422701.341245305
"2837",2020,"2020/09/19",0,"2",13.0679130554199,275592,1202960,423140
"2838",2021,"2022/06/02",0,"2",15.9289770126343,275593,1203460,423140
"2839",2021,"2022/06/02",0,"2",19.2520713806152,275594,1203960,423140
"2840",2021,"2022/06/02",0,"2",26.5137329101562,275595,1204460,423140
"2841",2022,"2022-07-11",1,"1",0.248309075832367,275596,1205275.12124618,422932.689130266
"2842",2022,"2022/07/11",0,"2",-3.00764799118042,275598,1205960,423140
"2843",2022,"2022-07-11",1,"1",2.77510213851929,275618,1216172.24747141,423095.014380808
"2844",2021,"2021-06-16",1,"1",5.53131437301636,275619,1216676.89421669,422665.963512911
"2845",2021,"2021-06-16",1,"1",5.60784387588501,275620,1217034.63343173,422778.661889843
"2846",2021,"2022/06/16",0,"1",2.65040183067322,275621,1217460,423140
"2847",2020,"2020/09/19",0,"2",-2.06411504745483,276104,1176460,422640
"2848",2020,"2020/09/19",0,"1",21.6192874908447,276112,1180460,422640
"2849",2020,"2020/09/19",0,"1",8.94039821624756,276114,1181460,422640
"2850",2020,"2020/09/19",0,"1",35.225269317627,276115,1181960,422640
"2851",2020,"2020/09/19",0,"2",0.168927758932114,276116,1182460,422640
"2852",2021,"2021-06-02",1,"1",-5.99990510940552,276135,1192415.65418939,422615.4432662
"2853",2020,"2020/09/19",0,"1",2.76871848106384,276136,1192460,422640
"2854",2020,"2020-09-19",1,"1",23.6103801727295,276137,1193109.03040573,422457.322185727
"2855",2020,"2020/09/19",0,"1",27.3737125396729,276146,1197460,422640
"2856",2020,"2020-09-19",1,"1",0.279976606369019,276155,1202428.37071607,422156.944339504
"2857",2020,"2020-09-19",1,"2",8.7065258026123,276156,1202772.51127559,422175.74649842
"2858",2020,"2020/09/19",0,"2",6.04801273345947,276157,1202960,422640
"2859",2021,"2022/06/02",0,"2",13.9041376113892,276158,1203460,422640
"2860",2021,"2022/06/02",0,"2",16.7643527984619,276159,1203960,422640
"2861",2021,"2022/06/02",0,"2",28.3282661437988,276160,1204460,422640
"2862",2022,"2022/07/11",0,"2",29.1208171844482,276161,1204960,422640
"2863",2022,"2022/07/11",0,"2",5.97288751602173,276162,1205460,422640
"2864",2022,"2022-07-11",1,"1",0.458899199962616,276177,1213341.07111313,422419.739943425
"2865",2022,"2022-07-11",1,"1",-2.19970941543579,276178,1213842.79373774,422320.802614106
"2866",2022,"2022-07-11",1,"1",-2.21974730491638,276180,1214540.79471638,422467.970490339
"2867",2022,"2022/07/11",0,"1",11.0275115966797,276181,1214960,422640
"2868",2022,"2022/07/11",0,"1",-1.11500918865204,276182,1215460,422640
"2869",2022,"2022/07/11",0,"1",-0.719471156597137,276183,1215960,422640
"2870",2022,"2022/07/11",0,"1",6.71230840682983,276184,1216460,422640
"2871",2020,"2020/09/19",0,"1",23.1615371704102,276675,1179460,422140
"2872",2020,"2020/09/19",0,"1",5.34293222427368,276676,1179960,422140
"2873",2020,"2020-09-19",1,"1",7.6765775680542,276702,1193365.61657911,421653.011106363
"2874",2020,"2020/09/19",0,"2",35.3813934326172,276703,1193460,422140
"2875",2021,"2021-06-02",1,"1",6.84437942504883,276710,1197271.49222116,421713.807928611
"2876",2020,"2020/09/19",0,"2",24.6275596618652,276711,1197460,422140
"2877",2020,"2020/09/19",0,"1",-3.00764799118042,276712,1197960,422140
"2878",2020,"2020-09-19",1,"1",-3.00764799118042,276721,1202797.1982035,421856.162703672
"2879",2020,"2020/09/19",0,"2",9.17208194732666,276722,1202960,422140
"2880",2021,"2022/06/02",0,"2",12.9055557250977,276723,1203460,422140
"2881",2021,"2022/06/02",0,"2",15.25670337677,276724,1203960,422140
"2882",2021,"2022/06/02",0,"2",19.0098114013672,276725,1204460,422140
"2883",2022,"2022/07/11",0,"2",29.7669868469238,276726,1204960,422140
"2884",2022,"2022/07/11",0,"2",10.3423357009888,276727,1205460,422140
"2885",2022,"2022/07/11",0,"1",2.28838610649109,276742,1212960,422140
"2886",2022,"2022/07/11",0,"2",9.96549224853516,276743,1213460,422140
"2887",2022,"2022-07-11",1,"1",-1.92800438404083,276744,1214173.07396072,421707.367964369
"2888",2020,"2020-09-19",1,"1",6.37875318527222,277239,1179125.42059899,421184.008457873
"2889",2020,"2020-09-19",1,"1",15.0464839935303,277240,1179581.71424258,421226.898399243
"2890",2020,"2020/09/19",0,"1",17.9505023956299,277242,1180460,421640
"2891",2020,"2020/09/19",0,"1",9.03075218200684,277268,1193460,421640
"2892",2022,"2022-07-11",1,"1",4.37575578689575,277275,1197256.47828445,421633.580399919
"2893",2020,"2020/09/19",0,"2",2.18127799034119,277283,1200960,421640
"2894",2020,"2020-09-19",1,"1",-0.92254364490509,277284,1201499.46974453,421363.093213673
"2895",2020,"2020-09-19",1,"1",-2.37551641464233,277286,1202929.64128202,421341.52272796
"2896",2022,"2022-07-11",1,"1",1.36255967617035,277287,1203425.36896235,421142.147850885
"2897",2021,"2022/06/02",0,"2",11.8629455566406,277288,1203460,421640
"2898",2021,"2022/06/02",0,"2",16.2528343200684,277289,1203960,421640
"2899",2021,"2022/06/02",0,"2",23.6614151000977,277290,1204460,421640
"2900",2022,"2022/07/11",0,"2",28.111047744751,277292,1205460,421640
"2901",2022,"2022/07/11",0,"1",-2.39718461036682,277293,1205960,421640
"2902",2022,"2022-07-11",1,"1",-0.44586181640625,277309,1214165.91642164,421195.057962699
"2903",2020,"2020-09-19",1,"1",9.25939655303955,277803,1178805.20466037,420692.714760352
"2904",2020,"2020-09-19",1,"1",3.93074703216553,277804,1179030.7965077,420950.119641267
"2905",2020,"2020/09/19",0,"2",37.2895240783691,277805,1179460,421140
"2906",2020,"2020/09/19",0,"1",22.0813236236572,277807,1180460,421140
"2907",2020,"2020-09-19",1,"1",-1.99952006340027,277833,1193822.49063863,421022.370974913
"2908",2020,"2020-09-19",1,"1",7.77328109741211,277841,1197678.77673131,420963.005532336
"2909",2020,"2020-09-19",1,"1",-1.46403348445892,277848,1201420.0886171,420880.124136234
"2910",2020,"2020-09-19",1,"1",-7.94088220596313,277849,1201496.30447611,420832.49615913
"2911",2020,"2020/09/19",0,"2",6.6793327331543,277850,1201960,421140
"2912",2020,"2020-09-19",1,"1",-2.51660633087158,277851,1202877.10549357,421057.206192605
"2913",2020,"2020-09-19",1,"1",0.988118886947632,277852,1203091.00925832,421048.789511994
"2914",2021,"2022/06/02",0,"1",1.27439105510712,277853,1203460,421140
"2915",2021,"2022/06/02",0,"2",18.7526435852051,277854,1203960,421140
"2916",2021,"2022/06/02",0,"2",18.0493545532227,277855,1204460,421140
"2917",2021,"2022/06/02",0,"2",29.1280708312988,277856,1204960,421140
"2918",2022,"2022/07/11",0,"2",24.0113620758057,277858,1205960,421140
"2919",2022,"2022/07/11",0,"2",14.6662359237671,277859,1206460,421140
"2920",2022,"2022/07/11",0,"2",10.1779460906982,277860,1206960,421140
"2921",2022,"2022-07-11",1,"1",0.352004498243332,277862,1208423.59142438,420769.537697144
"2922",2022,"2022-07-11",1,"1",0.525406837463379,277863,1208848.57913915,420646.636483632
"2923",2022,"2022-07-11",1,"1",-1.02486288547516,277868,1211186.87805873,420644.521903778
"2924",2022,"2022-07-11",1,"1",-1.60089421272278,277873,1213743.51106579,420840.385317094
"2925",2022,"2022-07-11",1,"1",1.32940685749054,277874,1214031.22559129,420872.420955238
"2926",2020,"2020/09/19",0,"2",-3.00764799118042,278358,1173460,420640
"2927",2020,"2020-09-19",1,"1",-9.09763431549072,278367,1178331.41764088,420156.534717273
"2928",2020,"2020-09-19",1,"1",10.3853130340576,278368,1178625.03061596,420353.359383523
"2929",2020,"2020/09/19",0,"1",38.3830909729004,278369,1178960,420640
"2930",2020,"2020/09/19",0,"1",36.3038139343262,278371,1179960,420640
"2931",2020,"2020/09/19",0,"2",13.4715824127197,278372,1180460,420640
"2932",2020,"2020/09/19",0,"2",-3.00764799118042,278385,1186960,420640
"2933",2020,"2020-09-19",1,"2",12.6742477416992,278386,1187883.03947049,420177.446892698
"2934",2022,"2022-07-11",1,"1",-0.366354137659073,278396,1192886.9600374,420140.529669637
"2935",2020,"2020-09-19",1,"1",-0.64715176820755,278397,1193025.86445276,420225.955491477
"2936",2020,"2020-09-19",1,"1",14.0345163345337,278398,1193857.41058722,420568.913644865
"2937",2020,"2020/09/19",0,"1",36.9200744628906,278399,1193960,420640
"2938",2020,"2020-09-19",1,"1",13.0275802612305,278407,1198395.4459482,420255.117982999
"2939",2020,"2020-09-19",1,"1",7.42920303344727,278408,1198464.24491088,420317.805821094
"2940",2020,"2020/09/19",0,"1",-9.81888675689697,278415,1201960,420640
"2941",2020,"2020-09-19",1,"1",2.04118776321411,278417,1203189.20598032,420474.160864524
"2942",2021,"2021-06-02",1,"1",2.10577368736267,278418,1203776.19757761,420187.923248168
"2943",2022,"2022-07-11",1,"1",1.65391635894775,278419,1204010.50914112,420155.009400754
"2944",2021,"2022/06/02",0,"2",15.9678373336792,278420,1204460,420640
"2945",2021,"2022/06/02",0,"2",23.2474002838135,278421,1204960,420640
"2946",2022,"2022/07/11",0,"1",32.1714782714844,278422,1205460,420640
"2947",2022,"2022/07/11",0,"1",26.8765506744385,278426,1207460,420640
"2948",2022,"2022/07/11",0,"2",21.1345806121826,278427,1207960,420640
"2949",2022,"2022-07-11",1,"1",3.03086113929749,278428,1208918.87192392,420634.484164301
"2950",2022,"2022-07-11",1,"1",5.83428192138672,278429,1209234.69295459,420597.352413378
"2951",2022,"2022-07-11",1,"1",2.32437324523926,278430,1209911.24095581,420613.485903219
"2952",2022,"2022-07-11",1,"1",-0.134932801127434,278431,1210310.28876632,420620.284639077
"2953",2022,"2022-07-11",1,"1",1.95691275596619,278432,1210764.18231283,420586.058171153
"2954",2022,"2022/07/11",0,"1",14.3676147460938,278434,1211460,420640
"2955",2022,"2022/07/11",0,"1",23.6336040496826,278435,1211960,420640
"2956",2022,"2022/07/11",0,"1",19.374906539917,278436,1212460,420640
"2957",2022,"2022/07/11",0,"1",21.4431838989258,278437,1212960,420640
"2958",2022,"2022/07/11",0,"1",32.4970855712891,278438,1213460,420640
"2959",2020,"2020/09/19",0,"2",-3.00764799118042,278924,1173960,420140
"2960",2020,"2020-09-19",1,"1",2.66442656517029,278932,1178104.56091214,419897.618518378
"2961",2020,"2020-09-19",1,"1",0.638418674468994,278934,1179440.0632018,419655.031177763
"2962",2020,"2020/09/19",0,"1",14.7804908752441,278935,1179460,420140
"2963",2020,"2020/09/19",0,"2",10.5442953109741,278951,1187460,420140
"2964",2020,"2020-09-19",1,"1",3.54689788818359,278952,1188424.82615526,419760.374307237
"2965",2020,"2020-09-19",1,"1",1.25163805484772,278961,1192890.30631574,419683.135258609
"2966",2020,"2020-09-19",1,"1",6.76444864273071,278962,1193011.29312329,420094.305624591
"2967",2020,"2020/09/19",0,"2",35.3233947753906,278963,1193460,420140
"2968",2020,"2020/09/19",0,"1",34.1974411010742,278964,1193960,420140
"2969",2020,"2020-09-19",1,"1",1.05899178981781,278974,1199165.976608,419933.057088551
"2970",2020,"2020-09-19",1,"1",-2.85765910148621,278978,1201210.82168263,419863.884376799
"2971",2020,"2020-09-19",1,"1",0.762497007846832,278979,1201807.38297291,419880.030940003
"2972",2020,"2020/09/19",0,"1",-1.94440996646881,278980,1201960,420140
"2973",2022,"2022-07-11",1,"1",0.794294059276581,278983,1203949.38338172,420135.706921658
"2974",2021,"2021-06-02",1,"1",1.6172491312027,278984,1204409.3061007,420004.840722098
"2975",2021,"2021-06-02",1,"1",-0.542169690132141,278985,1204640.33725109,419973.960039709
"2976",2022,"2022-07-11",1,"1",2.10680627822876,278986,1205336.68563383,419864.580029946
"2977",2022,"2022-07-11",1,"1",2.34164214134216,278987,1205855.24007037,419752.499472085
"2978",2022,"2022/07/11",0,"2",20.1637573242188,278988,1205960,420140
"2979",2020,"2020/09/19",0,"2",-3.00764799118042,279489,1173960,419640
"2980",2020,"2020-09-19",1,"1",0.0293632261455059,279495,1177011.31914708,419397.149137424
"2981",2020,"2020-09-19",1,"1",-5.8908748626709,279497,1178263.20849457,419185.428301906
"2982",2020,"2020/09/19",0,"1",38.0071754455566,279499,1178960,419640
"2983",2020,"2020/09/19",0,"1",-5.87487030029297,279500,1179460,419640
"2984",2020,"2020/09/19",0,"1",-1.53352534770966,279516,1187460,419640
"2985",2020,"2020/09/19",0,"2",17.8503131866455,279517,1187960,419640
"2986",2020,"2020/09/19",0,"2",16.9222660064697,279518,1188460,419640
"2987",2021,"2021-06-02",1,"1",0.528111815452576,279522,1190757.07406416,419272.289247613
"2988",2020,"2020-09-19",1,"1",4.81735372543335,279523,1191456.23679435,419201.810814124
"2989",2021,"2021-06-02",1,"2",10.022723197937,279524,1191529.73661429,419229.500941635
"2990",2020,"2020-09-19",1,"1",1.84807455539703,279526,1192620.36021604,419291.841880603
"2991",2020,"2020/09/19",0,"1",17.4046173095703,279527,1192960,419640
"2992",2020,"2020-09-19",1,"1",13.0448427200317,279540,1199708.29295201,419545.04494027
"2993",2021,"2021-06-02",1,"1",1.83759164810181,279541,1200181.29709218,419382.737996787
"2994",2020,"2020-09-19",1,"1",-2.03805661201477,279544,1201597.48048944,419281.802326867
"2995",2020,"2020/09/19",0,"1",3.08959245681763,279545,1201960,419640
"2996",2020,"2020-09-19",1,"1",-0.358607411384583,279546,1202903.52115212,419313.925933391
"2997",2020,"2020-09-19",1,"1",0.0788944363594055,279547,1203139.9448778,419189.443180383
"2998",2022,"2022/07/11",0,"1",2.58210587501526,279553,1205960,419640
"2999",2022,"2022-07-11",1,"1",-2.28263521194458,279554,1206936.48753165,419263.579182488
"3000",2022,"2022-07-11",1,"1",1.68502187728882,279555,1207012.20939867,419200.637235824
"3001",2020,"2020/09/19",0,"2",-6.92174243927002,280054,1173960,419140
"3002",2020,"2020/09/19",0,"2",-2.66964364051819,280055,1174460,419140
"3003",2020,"2020/09/19",0,"2",-2.20895910263062,280056,1174960,419140
"3004",2020,"2020/09/19",0,"1",-1.53853821754456,280057,1175460,419140
"3005",2020,"2020-09-19",1,"1",1.30002462863922,280058,1176030.54893875,418676.802609322
"3006",2020,"2020-09-19",1,"1",-2.01535320281982,280059,1176918.12265278,418719.310374521
"3007",2020,"2020-09-19",1,"1",1.05981993675232,280060,1177189.1488824,418722.661894901
"3008",2020,"2020-09-19",1,"1",-8.3449878692627,280062,1178331.36359725,419003.43079835
"3009",2020,"2020-09-19",1,"1",-13.3001861572266,280063,1178546.21319894,418648.164532076
"3010",2020,"2020-09-19",1,"1",3.86279535293579,280065,1179727.23272334,418828.770817805
"3011",2020,"2020/09/19",0,"2",6.62746715545654,280082,1187960,419140
"3012",2020,"2020-09-19",1,"1",11.2453136444092,280083,1188949.42585216,418843.44722022
"3013",2020,"2020-09-19",1,"1",-2.49418091773987,280084,1189455.96540316,418689.468716045
"3014",2020,"2020-09-19",1,"1",2.26284885406494,280085,1189515.25900678,418646.837190094
"3015",2020,"2020-09-19",1,"1",9.35444831848145,280086,1189973.36701456,419021.474255164
"3016",2021,"2021-06-02",1,"1",4.29554557800293,280087,1190879.65522455,419004.387755546
"3017",2020,"2020-09-19",1,"1",12.0484590530396,280088,1191170.86793243,418954.131518288
"3018",2020,"2020-09-19",1,"1",12.9910135269165,280089,1191919.65261254,418778.178394448
"3019",2020,"2020/09/19",0,"1",20.0786952972412,280092,1192960,419140
"3020",2020,"2020/09/19",0,"1",30.7541160583496,280107,1200460,419140
"3021",2020,"2020-09-19",1,"1",0.342009752988815,280110,1202165.20298774,418969.758758847
"3022",2020,"2020/09/19",0,"2",7.73628091812134,280111,1202460,419140
"3023",2022,"2022-07-11",1,"1",0.13055545091629,280112,1203422.15625509,419040.804440517
"3024",2022,"2022-07-11",1,"1",-0.595955491065979,280113,1203491.07345238,419134.629789238
"3025",2021,"2022/06/02",0,"1",-1.41499495506287,280114,1203960,419140
"3026",2022,"2022-07-11",1,"1",-2.64205837249756,280120,1207354.97528003,418896.853216702
"3027",2022,"2022-07-11",1,"1",0.461993128061295,280121,1207684.72227509,418735.254433879
"3028",2020,"2020/09/19",0,"2",-4.91791009902954,280618,1173460,418640
"3029",2020,"2020/09/19",0,"2",-2.99360823631287,280619,1173960,418640
"3030",2020,"2020/09/19",0,"2",-2.25384664535522,280620,1174460,418640
"3031",2020,"2020/09/19",0,"2",-1.21519804000854,280621,1174960,418640
"3032",2020,"2020/09/19",0,"1",14.9315185546875,280622,1175460,418640
"3033",2020,"2020-09-19",1,"1",0.980838358402252,280623,1176363.13910401,418482.845253639
"3034",2020,"2020-09-19",1,"1",2.95197653770447,280624,1176497.98724711,418503.714916954
"3035",2020,"2020-09-19",1,"1",2.6805260181427,280625,1177412.91132723,418475.842730873
"3036",2020,"2020-09-19",1,"1",0.477819204330444,280626,1177819.42404322,418167.677225725
"3037",2020,"2020-09-19",1,"1",4.09101104736328,280627,1178082.96452691,418150.826026221
"3038",2020,"2020-09-19",1,"1",-3.92111921310425,280628,1178872.14969799,418167.455047887
"3039",2020,"2020-09-19",1,"1",1.50501346588135,280630,1179920.38133308,418536.581495741
"3040",2020,"2020-09-19",1,"1",-0.00178023672197014,280631,1180385.79409087,418152.041668314
"3041",2020,"2020/09/19",0,"2",14.3287725448608,280648,1188460,418640
"3042",2022,"2022-07-11",1,"1",6.461510181427,280649,1189349.5820455,418616.545625989
"3043",2020,"2020-09-19",1,"1",13.646728515625,280650,1189565.44291033,418603.783825563
"3044",2020,"2020/09/19",0,"1",22.6194686889648,280651,1189960,418640
"3045",2021,"2021-06-02",1,"1",4.25037336349487,280652,1190917.95547648,418402.165906226
"3046",2021,"2021-06-02",1,"1",0.669263541698456,280653,1191156.99087295,418231.316117845
"3047",2020,"2020/09/19",0,"2",38.695240020752,280654,1191460,418640
"3048",2020,"2020/09/19",0,"2",30.3920040130615,280655,1191960,418640
"3049",2020,"2020/09/19",0,"1",35.201904296875,280656,1192460,418640
"3050",2020,"2020-09-19",1,"1",2.66653990745544,280673,1201007.09794167,418611.973405448
"3051",2020,"2020-09-19",1,"1",0.76197099685669,280677,1203216.38230847,418532.073152822
"3052",2021,"2022/06/02",0,"2",10.1196908950806,280678,1203460,418640
"3053",2021,"2022/06/02",0,"1",7.41690874099731,280679,1203960,418640
"3054",2022,"2022-07-11",1,"2",1.96218228340149,280685,1207232.7057939,418345.204586589
"3055",2022,"2022-07-11",1,"1",-1.25510895252228,280686,1207899.51282855,418561.631137524
"3056",2022,"2022-07-11",1,"1",-3.99033975601196,280687,1208040.21427832,418352.246788494
"3057",2022,"2022-07-11",1,"1",-3.02309393882751,280688,1208526.61705099,418353.415940304
"3058",2020,"2020/09/19",0,"2",-8.29807758331299,281182,1172960,418140
"3059",2020,"2020/09/19",0,"2",-3.00764799118042,281184,1173960,418140
"3060",2020,"2020/09/19",0,"2",-2.38907980918884,281185,1174460,418140
"3061",2020,"2020/09/19",0,"1",-0.250956565141678,281186,1174960,418140
"3062",2020,"2020/09/19",0,"1",35.3586921691895,281191,1177460,418140
"3063",2020,"2020-09-19",1,"1",-0.7357577085495,281192,1178329.02742794,417683.234477771
"3064",2020,"2020-09-19",1,"1",-0.299195855855942,281193,1178948.30867854,417966.335666296
"3065",2020,"2020-09-19",1,"1",-0.959668934345245,281194,1178996.0448816,417828.893994797
"3066",2020,"2020-09-19",1,"1",2.24743103981018,281196,1180370.72435976,417858.171112522
"3067",2020,"2020-09-19",1,"1",-0.00227622152306139,281197,1180463.01657332,417679.039705615
"3068",2022,"2022-07-11",1,"1",0.670725703239441,281214,1189113.65356205,417757.085045483
"3069",2020,"2020/09/19",0,"2",38.536792755127,281215,1189460,418140
"3070",2020,"2020/09/19",0,"2",32.3307876586914,281216,1189960,418140
"3071",2022,"2022-07-11",1,"1",-2.34041309356689,281217,1190890.13899063,418109.1784924
"3072",2020,"2020/09/19",0,"1",8.89856719970703,281218,1190960,418140
"3073",2021,"2021-06-02",1,"1",15.9052085876465,281219,1191509.98322122,417884.526652926
"3074",2020,"2020/09/19",0,"1",23.3089752197266,281224,1193960,418140
"3075",2020,"2020/09/19",0,"1",8.45228481292725,281240,1201960,418140
"3076",2020,"2020-09-19",1,"1",-2.998690366745,281241,1202888.91256115,417688.18340134
"3077",2020,"2020-09-19",1,"1",-0.267875671386719,281242,1203087.19260083,417671.077543914
"3078",2022,"2022-07-11",1,"1",-0.334371507167816,281243,1203939.89575813,417758.075255574
"3079",2022,"2022-07-11",1,"1",3.60318160057068,281244,1203972.01113424,417762.732867848
"3080",2022,"2022-07-11",1,"1",-0.0514074489474297,281251,1207704.8045453,417877.525296834
"3081",2022,"2022/07/11",0,"1",24.2265300750732,281252,1207960,418140
"3082",2020,"2020/09/19",0,"2",-4.28084659576416,281748,1173460,417640
"3083",2020,"2020/09/19",0,"2",-3.00764799118042,281749,1173960,417640
"3084",2020,"2020/09/19",0,"2",-2.81369042396545,281750,1174460,417640
"3085",2020,"2020/09/19",0,"1",2.98458909988403,281751,1174960,417640
"3086",2020,"2020-09-19",1,"1",16.1895847320557,281757,1178426.36259047,417425.134564191
"3087",2020,"2020-09-19",1,"1",-2.16111040115356,281758,1178900.18283236,417202.723047183
"3088",2020,"2020-09-19",1,"1",3.69118404388428,281759,1179000.21251196,417169.153225682
"3089",2020,"2020-09-19",1,"1",-0.783957839012146,281762,1180920.0306374,417243.738383799
"3090",2020,"2020-09-19",1,"1",-0.62319940328598,281763,1181022.69613168,417240.504855684
"3091",2020,"2020-09-19",1,"1",0.378744840621948,281779,1189285.24438893,417224.6035929
"3092",2020,"2020/09/19",0,"2",31.7548847198486,281780,1189460,417640
"3093",2020,"2020/09/19",0,"2",35.0688171386719,281781,1189960,417640
"3094",2020,"2020/09/19",0,"2",39.7807388305664,281782,1190460,417640
"3095",2020,"2020/09/19",0,"1",26.4039344787598,281789,1193960,417640
"3096",2020,"2020-09-19",1,"1",-2.53924322128296,281807,1203251.80337974,417603.369958324
"3097",2022,"2022-07-11",1,"1",-1.52313137054443,281808,1203495.46941126,417467.016010371
"3098",2021,"2022/06/02",0,"1",0.539635896682739,281809,1203960,417640
"3099",2021,"2022/06/02",0,"1",24.2311038970947,281810,1204460,417640
"3100",2021,"2022/06/02",0,"1",18.5435676574707,281811,1204960,417640
"3101",2022,"2022-07-11",1,"1",-2.46841192245483,281814,1206849.74083479,417205.461279118
"3102",2022,"2022-07-11",1,"1",0.714116096496582,281815,1207248.35128759,417164.830131315
"3103",2022,"2022-07-11",1,"1",2.12482714653015,281816,1207503.40857434,417452.897120006
"3104",2022,"2022/07/11",0,"1",30.0545654296875,281817,1207960,417640
"3105",2020,"2020/09/19",0,"2",-2.86413669586182,282315,1174460,417140
"3106",2020,"2020/09/19",0,"2",-0.646335601806641,282316,1174960,417140
"3107",2020,"2020-09-19",1,"1",-1.38573396205902,282317,1175769.98532793,416837.805053992
"3108",2020,"2020/09/19",0,"1",2.1008288860321,282324,1178960,417140
"3109",2020,"2020/09/19",0,"1",28.3798809051514,282327,1180460,417140
"3110",2020,"2020-09-19",1,"1",-1.58084106445312,282328,1181332.47840345,417069.584706608
"3111",2020,"2020-09-19",1,"1",-0.484258860349655,282329,1181470.70424289,416951.041136917
"3112",2022,"2022-07-11",1,"1",-1.22988927364349,282344,1189453.14761263,416985.003230695
"3113",2020,"2020-09-19",1,"1",0.258397370576859,282345,1189520.64337126,416815.163228449
"3114",2020,"2020/09/19",0,"2",38.575366973877,282346,1189960,417140
"3115",2021,"2021-06-28",1,"1",1.2239328622818,282353,1193528.02937864,416755.51133347
"3116",2020,"2020-09-19",1,"1",3.59651470184326,282354,1194373.45289647,416696.392666087
"3117",2020,"2020-09-19",1,"1",3.72178101539612,282355,1194747.55570742,416643.304463824
"3118",2020,"2020/09/19",0,"1",34.8771781921387,282356,1194960,417140
"3119",2020,"2020-09-19",1,"1",10.2747383117676,282357,1195933.86477196,416666.993697093
"3120",2020,"2020-09-19",1,"1",6.31483268737793,282358,1195978.49298752,416736.086269134
"3121",2020,"2020/09/19",0,"1",27.6657791137695,282360,1196960,417140
"3122",2020,"2020/09/19",0,"1",31.8836936950684,282372,1202960,417140
"3123",2021,"2022/06/02",0,"1",20.5022392272949,282373,1203460,417140
"3124",2021,"2022/06/02",0,"1",33.6726570129395,282374,1203960,417140
"3125",2022,"2022-07-11",1,"1",7.39796829223633,282377,1205908.13271082,416913.761161739
"3126",2022,"2022-07-11",1,"1",1.10518109798431,282378,1206286.08575754,416985.460150122
"3127",2022,"2022/07/11",0,"1",6.02097368240356,282379,1206460,417140
"3128",2022,"2022/07/11",0,"1",19.0473880767822,282380,1206960,417140
"3129",2020,"2020/09/19",0,"1",2.0368161201477,282884,1176460,416640
"3130",2020,"2020/09/19",0,"1",28.3530445098877,282885,1176960,416640
"3131",2020,"2020-09-19",1,"1",-0.827596604824066,282895,1182414.80999136,416226.63809455
"3132",2020,"2020-09-19",1,"1",6.77271747589111,282909,1189323.33650541,416172.050198717
"3133",2020,"2020-09-19",1,"1",0.539048731327057,282910,1189662.81425658,416585.790223413
"3134",2020,"2020/09/19",0,"2",36.8087425231934,282917,1192960,416640
"3135",2020,"2020/09/19",0,"1",-9.23474979400635,282918,1193460,416640
"3136",2020,"2020-09-19",1,"1",-0.217492088675499,282919,1194430.93065369,416349.030796426
"3137",2020,"2020-09-19",1,"1",1.41392302513123,282920,1194730.70955631,416185.647682959
"3138",2020,"2020-09-19",1,"1",5.25988626480103,282921,1194977.71787142,416278.074484631
"3139",2020,"2020/09/19",0,"1",30.7535781860352,282922,1195460,416640
"3140",2020,"2020-09-19",1,"1",7.35529565811157,282923,1196418.84461258,416342.926815349
"3141",2020,"2020-09-19",1,"1",9.22971630096436,282924,1196584.26038452,416484.595557359
"3142",2020,"2020/09/19",0,"1",8.52923774719238,282925,1196960,416640
"3143",2020,"2020/09/19",0,"1",7.33884859085083,282926,1197460,416640
"3144",2020,"2020/09/19",0,"1",7.59358072280884,282927,1197960,416640
"3145",2020,"2020/09/19",0,"1",22.8394947052002,282928,1198460,416640
"3146",2022,"2022-07-11",1,"1",1.25074899196625,283451,1177925.64117063,416072.941325985
"3147",2020,"2020-09-19",1,"1",-5.02377557754517,283452,1178372.74052895,415693.390088263
"3148",2020,"2020-09-19",1,"1",0.55156821012497,283461,1182633.65693761,415976.380902527
"3149",2022,"2022-07-11",1,"1",-1.64623594284058,283462,1183020.30738036,415640.576084996
"3150",2022,"2022-07-11",1,"1",-1.54264485836029,283472,1188100.47296162,415683.457106869
"3151",2022,"2022-07-11",1,"1",-2.64647674560547,283473,1188845.46132328,415902.945501644
"3152",2020,"2020/09/19",0,"1",36.269474029541,283475,1189460,416140
"3153",2020,"2020/09/19",0,"1",2.7195360660553,283482,1192960,416140
"3154",2020,"2020-09-19",1,"2",4.76081848144531,283485,1194812.41705164,416015.365573024
"3155",2020,"2020-09-19",1,"2",13.9429702758789,283486,1195148.75143445,416044.312784176
"3156",2020,"2020/09/19",0,"1",29.0739479064941,283487,1195460,416140
"3157",2020,"2020/09/19",0,"2",36.8918533325195,283488,1195960,416140
"3158",2020,"2020/09/19",0,"2",15.586576461792,283489,1196460,416140
"3159",2020,"2020/09/19",0,"1",-1.49083256721497,283490,1196960,416140
"3160",2020,"2020/09/19",0,"1",-5.11878967285156,283493,1198460,416140
"3161",2020,"2020-09-19",1,"1",-6.22258615493774,284018,1178611.58158416,415398.659273817
"3162",2022,"2022-07-11",1,"1",2.03016495704651,284019,1179180.98052754,415145.702853598
"3163",2020,"2020-09-19",1,"1",-1.1912704706192,284027,1183064.95447604,415600.777878143
"3164",2020,"2020-09-19",1,"2",3.17221069335938,284035,1187340.19551011,415278.636544392
"3165",2020,"2020-09-19",1,"1",6.82385063171387,284036,1187629.9424094,415451.265218511
"3166",2020,"2020-09-19",1,"1",6.04347515106201,284037,1187981.57287437,415557.721770759
"3167",2020,"2020-09-19",1,"1",5.8175048828125,284046,1192465.10428559,415442.148658976
"3168",2020,"2020-09-19",1,"1",-2.73593640327454,284049,1194076.63572373,415203.22020451
"3169",2020,"2020-09-19",1,"1",3.08508729934692,284050,1194890.57354242,415579.070963709
"3170",2020,"2020/09/19",0,"1",5.21593713760376,284051,1194960,415640
"3171",2020,"2020/09/19",0,"1",23.2046146392822,284052,1195460,415640
"3172",2020,"2020/09/19",0,"2",39.8217620849609,284053,1195960,415640
"3173",2020,"2020/09/19",0,"1",19.5290069580078,284054,1196460,415640
"3174",2020,"2020/09/19",0,"1",12.5982904434204,284059,1198960,415640
"3175",2020,"2020-09-19",1,"1",-2.77668595314026,284584,1179306.33296948,414997.162637022
"3176",2020,"2020/09/19",0,"2",28.8762531280518,284585,1179460,415140
"3177",2020,"2020/09/19",0,"1",8.84817790985107,284593,1183460,415140
"3178",2020,"2020-09-19",1,"1",1.99633407592773,284599,1186605.41180964,414644.856101615
"3179",2020,"2020/09/19",0,"1",25.3493404388428,284601,1187460,415140
"3180",2020,"2020/09/19",0,"1",1.53758609294891,284611,1192460,415140
"3181",2020,"2020/09/19",0,"1",-2.78681421279907,284612,1192960,415140
"3182",2020,"2020-09-19",1,"1",0.845421195030212,284613,1193882.89090063,414651.343828765
"3183",2020,"2020-09-19",1,"1",-2.09738087654114,284614,1194081.51316987,415085.475097911
"3184",2020,"2020/09/19",0,"2",25.9466915130615,284615,1194460,415140
"3185",2020,"2020/09/19",0,"1",33.0968933105469,284616,1194960,415140
"3186",2020,"2020/09/19",0,"1",11.2037544250488,284619,1196460,415140
"3187",2020,"2020/09/19",0,"1",-8.5285005569458,284624,1198960,415140
"3188",2020,"2020-09-19",1,"1",-0.13539519906044,284625,1199536.13009525,415002.736982464
"3189",2020,"2020/09/19",0,"2",20.5513515472412,285151,1179960,414640
"3190",2020,"2020/09/19",0,"1",-0.404321521520615,285159,1183960,414640
"3191",2020,"2020-09-19",1,"1",7.55159521102905,285161,1185398.68444238,414154.50541402
"3192",2020,"2020-09-19",1,"2",8.29464054107666,285162,1185469.27261633,414176.536508874
"3193",2020,"2020-09-19",1,"1",15.9140090942383,285163,1186080.05972124,414352.156762943
"3194",2020,"2020-09-19",1,"1",6.71198034286499,285164,1186477.7148958,414592.202085772
"3195",2020,"2020-09-19",1,"1",5.76047897338867,285176,1192848.04122474,414284.688886888
"3196",2020,"2020/09/19",0,"1",9.79474544525146,285177,1192960,414640
"3197",2020,"2020-09-19",1,"1",2.22310757637024,285178,1193721.02695051,414574.066746894
"3198",2020,"2020/09/19",0,"1",7.15643310546875,285179,1193960,414640
"3199",2020,"2020/09/19",0,"2",39.4729309082031,285180,1194460,414640
"3200",2020,"2020/09/19",0,"1",17.1254272460938,285185,1196960,414640
"3201",2020,"2020-09-19",1,"1",-0.27065047621727,285190,1199693.70933169,414525.255375033
"3202",2020,"2020-09-19",1,"2",4.62785911560059,285717,1180595.78516802,413950.654919906
"3203",2020,"2020/09/19",0,"1",25.3232154846191,285718,1180960,414140
"3204",2020,"2020/09/19",0,"1",32.4929733276367,285719,1181460,414140
"3205",2020,"2020/09/19",0,"1",17.5398712158203,285725,1184460,414140
"3206",2020,"2020-09-19",1,"1",9.55168437957764,285726,1185364.64552258,414124.344167553
"3207",2020,"2020/09/19",0,"2",17.7864665985107,285727,1185460,414140
"3208",2020,"2020-09-19",1,"1",20.4792041778564,285734,1189186.65656347,413858.728748855
"3209",2020,"2020/09/19",0,"1",36.183292388916,285735,1189460,414140
"3210",2020,"2020/09/19",0,"1",32.6070365905762,285736,1189960,414140
"3211",2020,"2020/09/19",0,"1",17.8972854614258,285737,1190460,414140
"3212",2020,"2020/09/19",0,"1",19.1991996765137,285738,1190960,414140
"3213",2020,"2020/09/19",0,"1",15.4819107055664,285739,1191460,414140
"3214",2020,"2020/09/19",0,"1",18.2312355041504,285742,1192960,414140
"3215",2020,"2020/09/19",0,"1",29.0994205474854,285743,1193460,414140
"3216",2022,"2022-07-01",1,"1",0.674026429653168,285751,1197782.60463083,413821.176251111
"3217",2020,"2020-09-19",1,"1",-4.38771295547485,285754,1199311.26625536,413708.881106151
"3218",2020,"2020/09/19",0,"1",5.02397537231445,285755,1199460,414140
"3219",2020,"2020-09-19",1,"2",8.37140274047852,286282,1180945.41598692,413365.366127424
"3220",2020,"2020/09/19",0,"2",8.61910152435303,286283,1180960,413640
"3221",2020,"2020/09/19",0,"2",15.2596158981323,286284,1181460,413640
"3222",2020,"2020-09-19",1,"1",7.7978048324585,286299,1188981.98788027,413432.219423086
"3223",2020,"2020/09/19",0,"1",12.5353174209595,286300,1189460,413640
"3224",2020,"2020/09/19",0,"1",-8.13053131103516,286301,1189960,413640
"3225",2020,"2020/09/19",0,"1",0.475704044103622,286303,1190960,413640
"3226",2020,"2020/09/19",0,"2",32.6851768493652,286304,1191460,413640
"3227",2020,"2020-09-19",1,"1",2.88506507873535,286317,1198385.47931246,413361.705379994
"3228",2020,"2020-09-19",1,"1",-0.0366608574986458,286319,1199320.71337129,413630.846993042
"3229",2020,"2020/09/19",0,"1",30.2771034240723,286320,1199460,413640
"3230",2020,"2020/09/19",0,"2",-1.16948068141937,286847,1180460,413140
"3231",2020,"2020/09/19",0,"1",5.74140977859497,286848,1180960,413140
"3232",2020,"2020/09/19",0,"2",21.8188629150391,286849,1181460,413140
"3233",2020,"2020/09/19",0,"2",21.1310501098633,286864,1188960,413140
"3234",2020,"2020/09/19",0,"1",12.4989910125732,286865,1189460,413140
"3235",2020,"2020/09/19",0,"1",10.038613319397,286869,1191460,413140
"3236",2020,"2020/09/19",0,"2",9.27409362792969,286870,1191960,413140
"3237",2020,"2020/09/19",0,"1",8.37372207641602,286871,1192460,413140
"3238",2020,"2020/09/19",0,"1",29.6179103851318,286872,1192960,413140
"3239",2021,"2021-06-28",1,"1",8.56269836425781,286883,1198823.74008601,413114.694530843
"3240",2020,"2020-09-19",1,"1",2.86503982543945,286884,1199192.26982559,413026.409803582
"3241",2022,"2022-07-11",1,"1",-3.17664790153503,287413,1181322.8420723,412197.773649964
"3242",2020,"2020/09/19",0,"2",33.1497192382812,287414,1181460,412640
"3243",2020,"2020-09-19",1,"1",4.20331382751465,287416,1182756.152979,412582.533246041
"3244",2020,"2020/09/19",0,"1",31.1240940093994,287417,1182960,412640
"3245",2020,"2020/09/19",0,"2",33.3486785888672,287425,1186960,412640
"3246",2020,"2020/09/19",0,"2",25.7935600280762,287426,1187460,412640
"3247",2020,"2020/09/19",0,"2",7.68265390396118,287427,1187960,412640
"3248",2020,"2020/09/19",0,"1",-0.354465216398239,287428,1188460,412640
"3249",2020,"2020/09/19",0,"1",3.09563279151917,287429,1188960,412640
"3250",2020,"2020/09/19",0,"2",16.3300857543945,287430,1189460,412640
"3251",2020,"2020/09/19",0,"1",13.5038414001465,287431,1189960,412640
"3252",2020,"2020/09/19",0,"1",8.96243381500244,287432,1190460,412640
"3253",2020,"2020/09/19",0,"1",9.2607011795044,287433,1190960,412640
"3254",2020,"2020/09/19",0,"1",5.46667003631592,287434,1191460,412640
"3255",2020,"2020/09/19",0,"1",-1.33912003040314,287435,1191960,412640
"3256",2020,"2020/09/19",0,"1",3.84682250022888,287436,1192460,412640
"3257",2020,"2020/09/19",0,"1",5.02459955215454,287437,1192960,412640
"3258",2020,"2020/09/19",0,"1",33.4588012695312,287438,1193460,412640
"3259",2020,"2020-09-19",1,"1",2.57049083709717,287443,1196420.50300428,412296.712900638
"3260",2020,"2020-09-19",1,"1",0.330852061510086,287444,1196507.3209896,412328.374375367
"3261",2022,"2022-07-11",1,"1",-2.52209043502808,287978,1181429.92594349,412075.238878702
"3262",2022,"2022-07-11",1,"1",-7.55714416503906,287979,1181612.67090524,411956.116119982
"3263",2020,"2020/09/19",0,"2",39.9463424682617,287987,1185460,412140
"3264",2020,"2020/09/19",0,"1",3.7797544002533,287988,1185960,412140
"3265",2022,"2022-07-01",1,"1",2.12777018547058,287996,1190140.82017571,412038.296652956
"3266",2020,"2020/09/19",0,"2",25.3084354400635,287997,1190460,412140
"3267",2020,"2020/09/19",0,"2",24.1536655426025,287998,1190960,412140
"3268",2020,"2020/09/19",0,"2",20.3628253936768,287999,1191460,412140
"3269",2020,"2020/09/19",0,"1",25.2535095214844,288000,1191960,412140
"3270",2020,"2020-09-19",1,"1",-4.27198696136475,288001,1192823.48012888,411671.624788466
"3271",2020,"2020/09/19",0,"1",21.4369812011719,288002,1192960,412140
"3272",2020,"2020/09/19",0,"1",24.4307041168213,288003,1193460,412140
"3273",2020,"2020/09/19",0,"1",36.5505867004395,288004,1193960,412140
"3274",2020,"2020/09/19",0,"1",34.7135467529297,288007,1195460,412140
"3275",2020,"2020/09/19",0,"1",8.3570499420166,288008,1195960,412140
"3276",2020,"2020/09/19",0,"1",15.7907762527466,288009,1196460,412140
"3277",2020,"2020-09-19",1,"1",3.84317302703857,288011,1197722.39898724,411691.245120082
"3278",2020,"2020/09/19",0,"2",28.6809310913086,288545,1181960,411640
"3279",2020,"2020/09/19",0,"1",0.307876974344254,288552,1185460,411640
"3280",2021,"2021-06-28",1,"1",1.27300643920898,288563,1191349.28652839,411491.45184494
"3281",2020,"2020-09-19",1,"1",1.49066078662872,288564,1191784.42231933,411141.862577545
"3282",2020,"2020-09-19",1,"1",-0.988476872444153,288565,1192029.02945504,411448.080179876
"3283",2020,"2020-09-19",1,"1",0.695874989032745,288566,1192898.05233936,411479.463666596
"3284",2020,"2020-09-19",1,"1",1.51734280586243,288569,1194285.03448481,411425.897201212
"3285",2020,"2020/09/19",0,"1",31.8052635192871,288573,1195960,411640
"3286",2020,"2020-09-19",1,"1",2.20331168174744,288574,1196957.64661866,411337.502390394
"3287",2021,"2021-06-28",1,"1",-7.01221561431885,288575,1196981.25009319,411202.447932497
"3288",2021,"2021-06-28",1,"1",7.40810918807983,288576,1197566.04565898,411158.62539643
"3289",2020,"2020-09-19",1,"1",12.6081600189209,288580,1199666.26067534,411445.398243211
"3290",2020,"2020/09/19",0,"1",22.8698539733887,288581,1199960,411640
"3291",2020,"2020/09/19",0,"2",26.6992664337158,289110,1181960,411140
"3292",2020,"2020/09/19",0,"1",16.1928901672363,289117,1185460,411140
"3293",2020,"2020/09/19",0,"1",16.5184574127197,289118,1185960,411140
"3294",2021,"2021-06-28",1,"1",-1.77031338214874,289129,1191869.96392561,410642.297101734
"3295",2020,"2020-09-19",1,"1",-2.8370099067688,289130,1192436.68602127,410873.822211164
"3296",2020,"2020-09-19",1,"1",1.56017482280731,289131,1192466.69779439,410863.667518217
"3297",2021,"2021-06-28",1,"1",-0.346287548542023,289134,1194116.34446846,411027.280488195
"3298",2020,"2020/09/19",0,"1",18.5051708221436,289135,1194460,411140
"3299",2020,"2020-09-19",1,"1",4.46618223190308,289138,1196235.95198549,410794.604861926
"3300",2020,"2020-09-19",1,"1",6.40844202041626,289140,1197176.01187756,410794.716433275
"3301",2020,"2020-09-19",1,"1",5.92684125900269,289141,1197729.93397848,411093.932857287
"3302",2020,"2020-09-19",1,"1",1.5099686384201,289142,1197985.71180341,410711.30590421
"3303",2020,"2020/09/19",0,"1",4.93362092971802,289675,1181960,410640
"3304",2020,"2020/09/19",0,"2",26.4866619110107,289682,1185460,410640
"3305",2020,"2020/09/19",0,"1",5.89827060699463,289683,1185960,410640
"3306",2020,"2020-09-19",1,"1",-3.20807075500488,289694,1191950.91074828,410493.861968814
"3307",2020,"2020-09-19",1,"1",0.236203491687775,289695,1192246.07070053,410464.966947414
"3308",2020,"2020-09-19",1,"1",6.82148313522339,289696,1192830.56561835,410471.582303095
"3309",2020,"2020-09-19",1,"1",2.13489532470703,289697,1193360.14418541,410577.943853758
"3310",2020,"2020-09-19",1,"1",7.99642419815063,289698,1193521.41094635,410407.832094022
"3311",2020,"2020-09-19",1,"1",2.48745369911194,289699,1194411.74189233,410244.648921238
"3312",2020,"2020-09-19",1,"1",6.49412488937378,289703,1196172.48692805,410623.438347112
"3313",2021,"2021-06-28",1,"1",6.23592901229858,289704,1196945.24966604,410451.502697984
"3314",2020,"2020-09-19",1,"1",3.50346684455872,289705,1196973.7858457,410453.034051072
"3315",2021,"2021-06-28",1,"1",2.50583672523499,289706,1197873.14646977,410266.366882402
"3316",2020,"2020-09-19",1,"1",0.0278649870306253,289707,1198279.77257166,410384.474435075
"3317",2020,"2020/09/19",0,"1",39.9936752319336,289708,1198460,410640
"3318",2020,"2020/09/19",0,"2",-6.0585675239563,290256,1189960,410140
"3319",2021,"2021-06-28",1,"1",-0.0291729234158993,290258,1191374.69052271,409749.853015076
"3320",2020,"2020-09-19",1,"1",-0.0263719148933887,290259,1191894.77351468,409943.075593541
"3321",2020,"2020-09-19",1,"1",0.522318601608276,290260,1191997.70178629,409981.70029162
"3322",2020,"2020/09/19",0,"2",19.1124496459961,290261,1192460,410140
"3323",2020,"2020-09-19",1,"1",-0.682626307010651,290262,1193447.99853932,409666.989061273
"3324",2020,"2020-09-19",1,"1",-0.00320983049459755,290263,1193468.67373216,409661.836483974
"3325",2020,"2020-09-19",1,"1",-0.0207998789846897,290264,1194422.44445077,409794.552058973
"3326",2020,"2020-09-19",1,"1",2.04569697380066,290265,1194930.39375644,409658.947851443
"3327",2020,"2020-09-19",1,"1",-7.22740030288696,290266,1194967.46449045,409814.466898579
"3328",2021,"2021-06-28",1,"1",9.25737285614014,290270,1197391.32910808,409725.80851191
"3329",2022,"2022-07-01",1,"1",-1.74371433258057,290271,1197762.54071123,409989.578278754
"3330",2020,"2020/09/19",0,"1",15.2424573898315,290272,1197960,410140
"3331",2020,"2020/09/19",0,"1",18.9217510223389,290273,1198460,410140
"3332",2020,"2020-09-19",1,"1",-2.44050621986389,290274,1199096.99822473,409829.919221559
"3333",2020,"2020-09-19",1,"1",3.99949717521667,290275,1199618.6058799,409656.231820369
"3334",2020,"2020/09/19",0,"1",39.6946258544922,290276,1199960,410140
"3335",2020,"2020-09-19",1,"1",-0.174074590206146,290277,1200898.52389791,409994.03841492
"3336",2020,"2020-09-19",1,"1",10.2998733520508,290278,1200995.0537554,409943.941485434
"3337",2020,"2020/09/19",0,"1",7.06644248962402,290812,1185460,409640
"3338",2020,"2020/09/19",0,"2",-3.1387619972229,290822,1190460,409640
"3339",2020,"2020/09/19",0,"2",0.738758265972137,290823,1190960,409640
"3340",2020,"2020-09-19",1,"1",-11.5476865768433,290824,1191775.82560838,409336.901432867
"3341",2020,"2020/09/19",0,"2",8.11191177368164,290825,1191960,409640
"3342",2020,"2020/09/19",0,"1",8.78067016601562,290826,1192460,409640
"3343",2020,"2020-09-19",1,"1",4.12051439285278,290827,1193363.12549472,409522.31436904
"3344",2020,"2020-09-19",1,"1",3.99580097198486,290828,1193510.64202096,409409.544324733
"3345",2020,"2020-09-19",1,"1",5.12837266921997,290829,1194108.55466754,409293.970097687
"3346",2020,"2020/09/19",0,"1",4.90544939041138,290830,1194460,409640
"3347",2020,"2020/09/19",0,"1",0.282287985086441,290831,1194960,409640
"3348",2020,"2020/09/19",0,"1",25.0364513397217,290832,1195460,409640
"3349",2020,"2020-09-19",1,"1",-0.235259532928467,290833,1196048.6192296,409217.169160498
"3350",2020,"2020-09-19",1,"1",-2.44413995742798,290834,1196484.23014965,409155.084647928
"3351",2021,"2021-06-28",1,"1",8.59430694580078,290836,1197760.47197194,409353.584782224
"3352",2020,"2020-09-19",1,"1",4.62249040603638,290837,1198327.15820532,409325.270874722
"3353",2020,"2020-09-19",1,"1",1.51172578334808,290839,1199400.81626534,409389.876268318
"3354",2020,"2020-09-19",1,"1",0.862645506858826,290840,1199566.43249812,409282.8394514
"3355",2020,"2020-09-19",1,"1",3.39611124992371,290841,1200458.62201959,409185.231371971
"3356",2020,"2020-09-19",1,"1",5.30455923080444,290842,1200539.84768619,409158.774598784
"3357",2020,"2020-09-19",1,"1",5.42236995697021,290843,1200968.95533639,409154.443789816
"3358",2020,"2020/09/19",0,"2",38.5151977539062,291377,1185460,409140
"3359",2020,"2020/09/19",0,"1",4.37627172470093,291378,1185960,409140
"3360",2020,"2020/09/19",0,"1",-2.9270977973938,291379,1186460,409140
"3361",2020,"2020/09/19",0,"2",-3.00764799118042,291388,1190960,409140
"3362",2020,"2020/09/19",0,"1",-2.43487071990967,291390,1191960,409140
"3363",2020,"2020/09/19",0,"1",11.4901390075684,291391,1192460,409140
"3364",2020,"2020/09/19",0,"2",24.2409248352051,291392,1192960,409140
"3365",2020,"2020/09/19",0,"2",21.5752830505371,291393,1193460,409140
"3366",2020,"2020/09/19",0,"1",9.86884307861328,291394,1193960,409140
"3367",2020,"2020/09/19",0,"1",16.5894680023193,291395,1194460,409140
"3368",2020,"2020/09/19",0,"1",23.7799491882324,291396,1194960,409140
"3369",2020,"2020/09/19",0,"2",34.1040687561035,291397,1195460,409140
"3370",2021,"2021-06-28",1,"1",8.65902137756348,291398,1196388.68531941,408695.973090431
"3371",2020,"2020-09-19",1,"1",-8.82282638549805,291399,1196870.06661352,408715.973263357
"3372",2020,"2020-09-19",1,"1",2.83237886428833,291400,1196977.36641323,408824.432416917
"3373",2020,"2020-09-19",1,"1",-1.49499452114105,291402,1198343.23545226,409100.902772744
"3374",2020,"2020/09/19",0,"1",7.9176287651062,291403,1198460,409140
"3375",2021,"2021-06-28",1,"1",0.172353982925415,291404,1199215.93663021,408888.650372887
"3376",2021,"2021-06-28",1,"1",3.56707501411438,291406,1200410.36288672,408890.047056335
"3377",2020,"2020-09-19",1,"1",3.5377938747406,291407,1200623.06765759,409112.770971781
"3378",2020,"2020-09-19",1,"1",-0.800554037094116,291408,1201092.04440435,409027.900141513
"3379",2020,"2020/09/19",0,"1",1.21352005004883,291935,1181960,408640
"3380",2020,"2020/09/19",0,"2",22.4810028076172,291943,1185960,408640
"3381",2020,"2020/09/19",0,"1",3.2545952796936,291944,1186460,408640
"3382",2020,"2020/09/19",0,"2",5.92446422576904,291945,1186960,408640
"3383",2020,"2020/09/19",0,"2",4.5236291885376,291946,1187460,408640
"3384",2020,"2020/09/19",0,"2",-2.86986327171326,291947,1187960,408640
"3385",2020,"2020/09/19",0,"2",-1.43877422809601,291955,1191960,408640
"3386",2020,"2020/09/19",0,"1",0.625787973403931,291956,1192460,408640
"3387",2020,"2020/09/19",0,"1",16.0065536499023,291957,1192960,408640
"3388",2020,"2020/09/19",0,"1",22.2040405273438,291958,1193460,408640
"3389",2020,"2020/09/19",0,"2",23.2472629547119,291959,1193960,408640
"3390",2020,"2020/09/19",0,"2",27.9738273620605,291960,1194460,408640
"3391",2020,"2020/09/19",0,"1",39.0713005065918,291961,1194960,408640
"3392",2020,"2020/09/19",0,"1",37.254207611084,291962,1195460,408640
"3393",2020,"2020/09/19",0,"1",31.3216323852539,291963,1195960,408640
"3394",2020,"2020-09-19",1,"1",2.02638792991638,291964,1196952.3828135,408351.430329142
"3395",2020,"2020-09-19",1,"1",2.41075587272644,291965,1197339.34183834,408167.088868776
"3396",2020,"2020-09-19",1,"1",5.18974113464355,291969,1199164.89333932,408268.342683165
"3397",2020,"2020/09/19",0,"1",22.4035224914551,291970,1199460,408640
"3398",2020,"2020/09/19",0,"1",15.2627716064453,291971,1199960,408640
"3399",2020,"2020/09/19",0,"2",30.1573810577393,291972,1200460,408640
"3400",2020,"2020/09/19",0,"1",-3.70683908462524,292500,1181960,408140
"3401",2020,"2020/09/19",0,"1",27.1111354827881,292508,1185960,408140
"3402",2020,"2020/09/19",0,"1",14.434588432312,292509,1186460,408140
"3403",2020,"2020/09/19",0,"2",23.2277965545654,292510,1186960,408140
"3404",2020,"2020/09/19",0,"2",16.1149215698242,292511,1187460,408140
"3405",2020,"2020/09/19",0,"2",2.88088536262512,292512,1187960,408140
"3406",2020,"2020-09-19",1,"1",-3.00764799118042,292520,1192455.19269551,407737.291737449
"3407",2021,"2021-06-28",1,"1",-3.00764799118042,292521,1192493.05371253,407661.117723832
"3408",2020,"2020/09/19",0,"1",14.9505481719971,292522,1192960,408140
"3409",2020,"2020/09/19",0,"2",26.6751308441162,292523,1193460,408140
"3410",2020,"2020/09/19",0,"2",28.7243366241455,292524,1193960,408140
"3411",2020,"2020/09/19",0,"2",36.4327392578125,292525,1194460,408140
"3412",2020,"2020/09/19",0,"1",34.3074493408203,292527,1195460,408140
"3413",2020,"2020/09/19",0,"1",18.745475769043,292528,1195960,408140
"3414",2020,"2020/09/19",0,"1",21.0386390686035,292529,1196460,408140
"3415",2020,"2020-09-19",1,"1",6.81377077102661,292530,1197451.97644392,408090.022374962
"3416",2020,"2020-09-19",1,"1",8.45544719696045,292531,1197470.41043263,408069.718619514
"3417",2020,"2020-09-19",1,"1",6.57616138458252,292534,1199139.33098642,407779.36077148
"3418",2020,"2020/09/19",0,"2",35.0391120910645,292536,1199960,408140
"3419",2020,"2020/09/19",0,"1",37.8025360107422,292537,1200460,408140
"3420",2022,"2022/07/01",0,"2",-2.95565700531006,293062,1180460,407640
"3421",2020,"2020/09/19",0,"2",39.6389122009277,293065,1181960,407640
"3422",2020,"2020/09/19",0,"2",35.239990234375,293075,1186960,407640
"3423",2020,"2020/09/19",0,"2",20.5970191955566,293076,1187460,407640
"3424",2020,"2020/09/19",0,"2",6.81769371032715,293077,1187960,407640
"3425",2020,"2020/09/19",0,"1",-1.23059630393982,293078,1188460,407640
"3426",2021,"2021-06-28",1,"2",-3.00764799118042,293085,1192397.83940731,407514.497568933
"3427",2020,"2020/09/19",0,"1",-3.00764799118042,293086,1192460,407640
"3428",2020,"2020/09/19",0,"1",14.8899278640747,293087,1192960,407640
"3429",2020,"2020/09/19",0,"2",25.1585273742676,293088,1193460,407640
"3430",2020,"2020/09/19",0,"2",29.4069995880127,293089,1193960,407640
"3431",2020,"2020/09/19",0,"2",37.867115020752,293090,1194460,407640
"3432",2020,"2020/09/19",0,"1",26.7063369750977,293092,1195460,407640
"3433",2020,"2020/09/19",0,"1",0.517426550388336,293093,1195960,407640
"3434",2020,"2020/09/19",0,"1",5.63173818588257,293094,1196460,407640
"3435",2020,"2020/09/19",0,"1",16.9692916870117,293095,1196960,407640
"3436",2020,"2020/09/19",0,"1",26.7719612121582,293096,1197460,407640
"3437",2022,"2022/07/01",0,"2",10.1959609985352,293628,1180960,407140
"3438",2022,"2022/07/01",0,"2",19.1488208770752,293629,1181460,407140
"3439",2020,"2020/09/19",0,"2",35.2336959838867,293640,1186960,407140
"3440",2020,"2020/09/19",0,"2",9.50145530700684,293641,1187460,407140
"3441",2020,"2020/09/19",0,"1",-1.79233014583588,293651,1192460,407140
"3442",2020,"2020/09/19",0,"1",9.98032665252686,293652,1192960,407140
"3443",2020,"2020/09/19",0,"2",29.5675144195557,293653,1193460,407140
"3444",2020,"2020/09/19",0,"2",31.3119583129883,293654,1193960,407140
"3445",2020,"2020/09/19",0,"2",37.9462471008301,293655,1194460,407140
"3446",2020,"2020/09/19",0,"2",39.1293067932129,293656,1194960,407140
"3447",2020,"2020/09/19",0,"1",33.3385543823242,293657,1195460,407140
"3448",2020,"2020/09/19",0,"1",5.02304792404175,293658,1195960,407140
"3449",2020,"2020/09/19",0,"1",0.77436351776123,293659,1196460,407140
"3450",2020,"2020/09/19",0,"1",3.98058700561523,293660,1196960,407140
"3451",2020,"2020/09/19",0,"1",11.7003316879272,293661,1197460,407140
"3452",2020,"2020/09/19",0,"1",32.5875205993652,293662,1197960,407140
"3453",2022,"2022/07/01",0,"2",6.61858320236206,294193,1180960,406640
"3454",2022,"2022/07/01",0,"2",22.3663578033447,294194,1181460,406640
"3455",2020,"2020/09/19",0,"1",37.1402435302734,294204,1186460,406640
"3456",2020,"2020/09/19",0,"1",2.61149668693542,294205,1186960,406640
"3457",2020,"2020/09/19",0,"1",3.52557063102722,294216,1192460,406640
"3458",2020,"2020/09/19",0,"1",14.3546295166016,294217,1192960,406640
"3459",2020,"2020/09/19",0,"2",25.6247329711914,294218,1193460,406640
"3460",2020,"2020/09/19",0,"2",28.9580993652344,294219,1193960,406640
"3461",2020,"2020/09/19",0,"2",36.0329360961914,294220,1194460,406640
"3462",2020,"2020/09/19",0,"2",36.5796966552734,294221,1194960,406640
"3463",2020,"2020/09/19",0,"2",33.4567642211914,294222,1195460,406640
"3464",2020,"2020/09/19",0,"1",7.45355606079102,294223,1195960,406640
"3465",2020,"2020/09/19",0,"2",1.80773317813873,294224,1196460,406640
"3466",2020,"2020/09/19",0,"1",-2.78875041007996,294225,1196960,406640
"3467",2020,"2020/09/19",0,"1",4.05668210983276,294226,1197460,406640
"3468",2020,"2020/09/19",0,"2",8.50113582611084,294227,1197960,406640
"3469",2020,"2020-09-19",1,"1",16.3617916107178,294229,1199447.27787053,406318.11893805
"3470",2020,"2020-09-19",1,"1",14.0956878662109,294230,1199514.72979529,406291.758280868
"3471",2022,"2022/07/01",0,"2",8.68362998962402,294759,1181460,406140
"3472",2020,"2020/09/19",0,"1",2.62319421768188,294769,1186460,406140
"3473",2020,"2020/09/19",0,"1",0.57924473285675,294780,1191960,406140
"3474",2020,"2020/09/19",0,"2",11.3720808029175,294781,1192460,406140
"3475",2020,"2020/09/19",0,"2",18.3321285247803,294782,1192960,406140
"3476",2020,"2020/09/19",0,"2",23.8298358917236,294783,1193460,406140
"3477",2020,"2020/09/19",0,"2",26.4489803314209,294784,1193960,406140
"3478",2020,"2020/09/19",0,"2",35.1143341064453,294785,1194460,406140
"3479",2020,"2020/09/19",0,"2",34.925724029541,294786,1194960,406140
"3480",2020,"2020/09/19",0,"2",31.3171215057373,294787,1195460,406140
"3481",2020,"2020/09/19",0,"1",12.8034610748291,294788,1195960,406140
"3482",2020,"2020/09/19",0,"1",-2.2597770690918,294789,1196460,406140
"3483",2020,"2020/09/19",0,"2",-2.38246083259583,294790,1196960,406140
"3484",2020,"2020/09/19",0,"1",6.66283321380615,294792,1197960,406140
"3485",2020,"2020/09/19",0,"1",23.9500045776367,294793,1198460,406140
"3486",2020,"2020/09/19",0,"2",36.1567497253418,294794,1198960,406140
"3487",2020,"2020-09-19",1,"1",14.2446613311768,294795,1199677.41510528,406117.511622217
"3488",2020,"2020-09-19",1,"1",4.70508575439453,294796,1200121.66335449,405961.617296606
"3489",2020,"2020-09-19",1,"1",0.751006782054901,294797,1200656.20018313,405649.002253599
"3490",2022,"2022/07/01",0,"2",18.932861328125,295325,1181960,405640
"3491",2020,"2020/09/19",0,"1",37.7176208496094,295333,1185960,405640
"3492",2020,"2020/09/19",0,"1",6.46046209335327,295345,1191960,405640
"3493",2020,"2020/09/19",0,"2",14.4955320358276,295346,1192460,405640
"3494",2020,"2020/09/19",0,"2",21.4664554595947,295347,1192960,405640
"3495",2020,"2020/09/19",0,"2",20.8767185211182,295348,1193460,405640
"3496",2020,"2020/09/19",0,"2",22.4259300231934,295349,1193960,405640
"3497",2020,"2020/09/19",0,"2",33.4491806030273,295350,1194460,405640
"3498",2020,"2020/09/19",0,"2",37.0944061279297,295351,1194960,405640
"3499",2020,"2020/09/19",0,"2",30.831600189209,295352,1195460,405640
"3500",2020,"2020/09/19",0,"1",17.0411109924316,295353,1195960,405640
"3501",2020,"2020/09/19",0,"2",-3.56935691833496,295354,1196460,405640
"3502",2020,"2020/09/19",0,"1",-3.00764799118042,295355,1196960,405640
"3503",2020,"2020/09/19",0,"1",-2.64543318748474,295357,1197960,405640
"3504",2020,"2020/09/19",0,"1",10.2949504852295,295358,1198460,405640
"3505",2020,"2020/09/19",0,"2",22.1192932128906,295359,1198960,405640
"3506",2020,"2020/09/19",0,"1",28.2924709320068,295360,1199460,405640
"3507",2021,"2021-06-28",1,"1",-0.534943044185638,295361,1200434.03078248,405621.385950342
"3508",2020,"2020-09-19",1,"1",-0.139130935072899,295362,1200547.77531911,405599.516228007
"3509",2020,"2020-09-19",1,"1",6.23379802703857,295363,1201432.3591923,405195.965619872
"3510",2020,"2020-09-19",1,"1",7.38728141784668,295364,1201543.96256351,405142.669750362
"3511",2020,"2020/09/19",0,"2",24.1428909301758,295891,1182460,405140
"3512",2020,"2020/09/19",0,"1",15.7981662750244,295898,1185960,405140
"3513",2020,"2020/09/19",0,"2",4.34512805938721,295909,1191460,405140
"3514",2020,"2020/09/19",0,"1",5.7272367477417,295910,1191960,405140
"3515",2020,"2020/09/19",0,"2",18.4543972015381,295911,1192460,405140
"3516",2020,"2020/09/19",0,"2",26.2025623321533,295912,1192960,405140
"3517",2020,"2020/09/19",0,"2",23.1683597564697,295913,1193460,405140
"3518",2020,"2020/09/19",0,"2",21.8678550720215,295914,1193960,405140
"3519",2020,"2020/09/19",0,"2",28.0491504669189,295915,1194460,405140
"3520",2020,"2020/09/19",0,"2",38.2629661560059,295916,1194960,405140
"3521",2020,"2020/09/19",0,"2",30.544303894043,295917,1195460,405140
"3522",2020,"2020-09-19",1,"1",7.09665107727051,295918,1196383.84081566,404672.563776125
"3523",2020,"2020/09/19",0,"1",-0.125750347971916,295919,1196460,405140
"3524",2020,"2020/09/19",0,"2",-3.00764799118042,295920,1196960,405140
"3525",2020,"2020/09/19",0,"1",1.69844245910645,295923,1198460,405140
"3526",2020,"2020/09/19",0,"1",16.1201705932617,295924,1198960,405140
"3527",2020,"2020/09/19",0,"2",23.6381855010986,295925,1199460,405140
"3528",2020,"2020/09/19",0,"2",24.9191741943359,295926,1199960,405140
"3529",2020,"2020/09/19",0,"1",25.0878887176514,295927,1200460,405140
"3530",2020,"2020/09/19",0,"1",21.5904426574707,295928,1200960,405140
"3531",2020,"2020-09-19",1,"1",2.78887534141541,295929,1201538.7638819,405137.097703318
"3532",2020,"2020/09/19",0,"1",-1.68452405929565,296456,1182460,404640
"3533",2020,"2020/09/19",0,"1",5.36071586608887,296463,1185960,404640
"3534",2020,"2020/09/19",0,"1",3.66236352920532,296464,1186460,404640
"3535",2020,"2020/09/19",0,"2",3.49147820472717,296465,1186960,404640
"3536",2020,"2020/09/19",0,"2",0.0352332070469856,296474,1191460,404640
"3537",2020,"2020/09/19",0,"2",12.2271976470947,296475,1191960,404640
"3538",2020,"2020/09/19",0,"2",20.5854263305664,296476,1192460,404640
"3539",2020,"2020/09/19",0,"2",28.6636638641357,296477,1192960,404640
"3540",2020,"2020/09/19",0,"2",25.5025653839111,296478,1193460,404640
"3541",2020,"2020/09/19",0,"2",20.8519878387451,296479,1193960,404640
"3542",2020,"2020/09/19",0,"2",23.504695892334,296480,1194460,404640
"3543",2020,"2020/09/19",0,"2",35.8357582092285,296481,1194960,404640
"3544",2020,"2020/09/19",0,"1",29.2135677337646,296483,1195960,404640
"3545",2020,"2020/09/19",0,"1",12.10573387146,296484,1196460,404640
"3546",2020,"2020/09/19",0,"2",-6.01160526275635,296485,1196960,404640
"3547",2020,"2020/09/19",0,"1",-0.233054846525192,296488,1198460,404640
"3548",2020,"2020/09/19",0,"1",6.52513217926025,296489,1198960,404640
"3549",2020,"2020/09/19",0,"2",16.0146350860596,296490,1199460,404640
"3550",2020,"2020/09/19",0,"2",17.9781379699707,296491,1199960,404640
"3551",2020,"2020/09/19",0,"1",22.7939376831055,296492,1200460,404640
"3552",2020,"2020-09-19",1,"1",4.595383644104,296493,1201069.217735,404535.502513946
"3553",2020,"2020-09-19",1,"1",6.27775382995605,296494,1201724.25564117,404192.803007551
"3554",2020,"2020/09/19",0,"2",17.4768409729004,297028,1185960,404140
"3555",2020,"2020/09/19",0,"2",30.0027256011963,297029,1186460,404140
"3556",2020,"2020/09/19",0,"2",9.23457527160645,297040,1191960,404140
"3557",2020,"2020/09/19",0,"2",20.3600921630859,297041,1192460,404140
"3558",2020,"2020/09/19",0,"2",29.2497272491455,297042,1192960,404140
"3559",2020,"2020/09/19",0,"2",29.1237831115723,297043,1193460,404140
"3560",2020,"2020/09/19",0,"2",20.4903392791748,297044,1193960,404140
"3561",2020,"2020/09/19",0,"1",15.4732427597046,297045,1194460,404140
"3562",2020,"2020/09/19",0,"2",18.120002746582,297046,1194960,404140
"3563",2020,"2020/09/19",0,"1",26.080623626709,297047,1195460,404140
"3564",2020,"2020/09/19",0,"1",37.8912620544434,297048,1195960,404140
"3565",2020,"2020/09/19",0,"2",30.7049655914307,297049,1196460,404140
"3566",2020,"2020/09/19",0,"1",17.4863929748535,297050,1196960,404140
"3567",2020,"2020/09/19",0,"1",-0.866122424602509,297051,1197460,404140
"3568",2020,"2020/09/19",0,"1",2.54528903961182,297054,1198960,404140
"3569",2021,"2021-06-28",1,"1",-5.00828790664673,297055,1199679.93663434,403958.642882163
"3570",2020,"2020/09/19",0,"1",15.9469833374023,297056,1199960,404140
"3571",2020,"2020/09/19",0,"1",22.4127159118652,297057,1200460,404140
"3572",2020,"2020-09-19",1,"1",5.71271371841431,297058,1201229.48679164,404042.408144355
"3573",2020,"2020-09-19",1,"1",14.4330062866211,297059,1201849.97596074,404112.765620529
"3574",2020,"2020/09/19",0,"1",17.2401962280273,297060,1201960,404140
"3575",2020,"2020/09/19",0,"1",1.28967750072479,297587,1182960,403640
"3576",2020,"2020/09/19",0,"2",21.9169216156006,297594,1186460,403640
"3577",2020,"2020/09/19",0,"1",0.21461746096611,297605,1191960,403640
"3578",2020,"2020/09/19",0,"2",19.0009613037109,297606,1192460,403640
"3579",2020,"2020/09/19",0,"2",22.9863605499268,297607,1192960,403640
"3580",2020,"2020/09/19",0,"2",26.1906967163086,297608,1193460,403640
"3581",2020,"2020/09/19",0,"1",-9.45147132873535,297609,1193960,403640
"3582",2020,"2020/09/19",0,"2",8.48015594482422,297612,1195460,403640
"3583",2020,"2020/09/19",0,"2",32.1578636169434,297613,1195960,403640
"3584",2020,"2020/09/19",0,"1",38.965145111084,297614,1196460,403640
"3585",2020,"2020/09/19",0,"2",30.7406768798828,297615,1196960,403640
"3586",2020,"2020/09/19",0,"2",13.6932382583618,297616,1197460,403640
"3587",2020,"2020/09/19",0,"1",-0.88748562335968,297617,1197960,403640
"3588",2020,"2020/09/19",0,"1",-4.26207256317139,297620,1199460,403640
"3589",2021,"2021-06-28",1,"1",-2.86834907531738,297622,1200626.93895032,403355.413907945
"3590",2020,"2020/09/19",0,"1",22.5746917724609,297623,1200960,403640
"3591",2020,"2020/09/19",0,"1",21.2457027435303,297624,1201460,403640
"3592",2020,"2020/09/19",0,"1",27.9557952880859,297625,1201960,403640
"3593",2020,"2020/09/19",0,"1",21.9974746704102,297626,1202460,403640
"3594",2020,"2020/09/19",0,"1",13.5335474014282,298153,1183460,403140
"3595",2020,"2020/09/19",0,"2",33.4517288208008,298158,1185960,403140
"3596",2020,"2020/09/19",0,"2",13.0758895874023,298171,1192460,403140
"3597",2020,"2020/09/19",0,"2",16.4313888549805,298172,1192960,403140
"3598",2020,"2020/09/19",0,"2",19.6233253479004,298173,1193460,403140
"3599",2020,"2020/09/19",0,"2",21.3422203063965,298174,1193960,403140
"3600",2020,"2020/09/19",0,"1",-0.546855390071869,298175,1194460,403140
"3601",2020,"2020/09/19",0,"2",17.414041519165,298178,1195960,403140
"3602",2020,"2020/09/19",0,"2",38.3116264343262,298179,1196460,403140
"3603",2020,"2020/09/19",0,"1",38.3218803405762,298180,1196960,403140
"3604",2020,"2020/09/19",0,"2",26.5195713043213,298181,1197460,403140
"3605",2020,"2020/09/19",0,"1",14.7738237380981,298182,1197960,403140
"3606",2020,"2020/09/19",0,"1",-0.373034983873367,298183,1198460,403140
"3607",2022,"2022-07-01",1,"1",-2.83341932296753,298188,1201253.70426616,402850.015753415
"3608",2020,"2020/09/19",0,"2",36.6524848937988,298189,1201460,403140
"3609",2020,"2020/09/19",0,"1",33.2194862365723,298718,1183460,402640
"3610",2020,"2020/09/19",0,"2",28.40452003479,298723,1185960,402640
"3611",2020,"2020/09/19",0,"1",-1.11077809333801,298736,1192460,402640
"3612",2020,"2020/09/19",0,"2",21.6320285797119,298737,1192960,402640
"3613",2020,"2020/09/19",0,"2",16.8946495056152,298738,1193460,402640
"3614",2020,"2020/09/19",0,"2",26.1920433044434,298739,1193960,402640
"3615",2020,"2020/09/19",0,"2",22.3808746337891,298740,1194460,402640
"3616",2020,"2020/09/19",0,"1",2.64876961708069,298741,1194960,402640
"3617",2020,"2020/09/19",0,"1",-1.73828935623169,298743,1195960,402640
"3618",2020,"2020/09/19",0,"1",4.42097759246826,298744,1196460,402640
"3619",2020,"2020/09/19",0,"1",38.0115203857422,298745,1196960,402640
"3620",2020,"2020/09/19",0,"1",36.4071044921875,298746,1197460,402640
"3621",2020,"2020/09/19",0,"2",19.218376159668,298747,1197960,402640
"3622",2020,"2020/09/19",0,"1",5.45877933502197,298748,1198460,402640
"3623",2020,"2020-09-19",1,"1",0.948205173015594,298754,1201864.13860744,402167.816706753
"3624",2020,"2020/09/19",0,"2",30.3776340484619,299288,1185960,402140
"3625",2020,"2020/09/19",0,"2",15.4651756286621,299302,1192960,402140
"3626",2020,"2020/09/19",0,"2",19.6854515075684,299303,1193460,402140
"3627",2020,"2020/09/19",0,"2",22.5432224273682,299304,1193960,402140
"3628",2020,"2020/09/19",0,"2",32.8098602294922,299305,1194460,402140
"3629",2020,"2020/09/19",0,"2",13.4253377914429,299306,1194960,402140
"3630",2020,"2020/09/19",0,"1",-2.13630151748657,299307,1195460,402140
"3631",2020,"2020/09/19",0,"1",-1.28179717063904,299310,1196960,402140
"3632",2020,"2020/09/19",0,"1",39.6994476318359,299311,1197460,402140
"3633",2020,"2020/09/19",0,"1",30.1534652709961,299312,1197960,402140
"3634",2020,"2020-09-19",1,"1",-0.892881155014038,299313,1198745.34689852,402127.083452174
"3635",2020,"2020/09/19",0,"1",9.587477684021,299320,1201960,402140
"3636",2020,"2020/09/19",0,"1",-0.159071460366249,299867,1192960,401640
"3637",2020,"2020/09/19",0,"2",15.5278577804565,299868,1193460,401640
"3638",2020,"2020/09/19",0,"2",22.5125293731689,299869,1193960,401640
"3639",2020,"2020/09/19",0,"2",25.7058353424072,299870,1194460,401640
"3640",2021,"2021-06-28",1,"1",12.1446895599365,299871,1195264.54055982,401210.881654862
"3641",2020,"2020/09/19",0,"1",-2.92595171928406,299872,1195460,401640
"3642",2020,"2020-09-19",1,"1",2.11232542991638,299874,1196950.13450862,401216.690502314
"3643",2020,"2020-09-19",1,"1",3.58554863929749,299875,1197043.08088536,401146.651693966
"3644",2020,"2020/09/19",0,"1",25.7486457824707,299876,1197460,401640
"3645",2020,"2020/09/19",0,"1",39.4261207580566,299877,1197960,401640
"3646",2020,"2020/09/19",0,"2",29.5475616455078,299878,1198460,401640
"3647",2022,"2022-07-01",1,"1",2.05725812911987,299879,1199386.92884466,401166.828727257
"3648",2022,"2022-07-01",1,"1",1.07041132450104,299880,1199555.94629733,401255.200807464
"3649",2021,"2021-06-28",1,"1",-1.14929819107056,299884,1201791.01312046,401211.161839306
"3650",2020,"2020/09/19",0,"1",9.0670804977417,299885,1201960,401640
"3651",2020,"2020/09/19",0,"1",-0.198887601494789,300419,1186460,401140
"3652",2020,"2020/09/19",0,"2",-1.98774325847626,300432,1192960,401140
"3653",2020,"2020/09/19",0,"2",7.04516649246216,300433,1193460,401140
"3654",2020,"2020/09/19",0,"1",-2.53237819671631,300434,1193960,401140
"3655",2020,"2020/09/19",0,"2",4.32335901260376,300435,1194460,401140
"3656",2021,"2021-06-28",1,"1",-0.266076743602753,300436,1195419.30442565,401042.411163773
"3657",2021,"2021-06-28",1,"1",0.648231327533722,300437,1195600.71151288,400767.168479251
"3658",2020,"2020-09-19",1,"1",3.05721664428711,300438,1196227.87546015,400671.346905285
"3659",2020,"2020-09-19",1,"1",3.4330141544342,300439,1196464.72627812,400918.521589691
"3660",2020,"2020-09-19",1,"2",3.70864844322205,300440,1197088.09327719,401057.860475688
"3661",2020,"2020/09/19",0,"1",8.12056636810303,300441,1197460,401140
"3662",2020,"2020/09/19",0,"2",35.9505424499512,300442,1197960,401140
"3663",2020,"2020/09/19",0,"1",36.8679962158203,300443,1198460,401140
"3664",2021,"2021-06-28",1,"1",4.46089601516724,300444,1199425.02643133,400976.202305708
"3665",2020,"2020-09-19",1,"1",2.78534245491028,300445,1199720.94488648,400682.492277299
"3666",2021,"2021-06-28",1,"1",-1.86926960945129,300446,1200119.20496252,400649.82401297
"3667",2020,"2020/09/19",0,"1",-0.098621279001236,300447,1200460,401140
"3668",2020,"2020-09-19",1,"1",4.77397108078003,300448,1201291.63580332,401109.012263083
"3669",2020,"2020-09-19",1,"1",1.97808241844177,300449,1201593.20429277,401021.72059906
"3670",2020,"2020/09/19",0,"1",14.0349349975586,300450,1201960,401140
"3671",2020,"2020/09/19",0,"1",17.8646144866943,300982,1185460,400640
"3672",2020,"2020/09/19",0,"1",12.8267631530762,300983,1185960,400640
"3673",2020,"2020/09/19",0,"2",9.78264713287354,300985,1186960,400640
"3674",2020,"2020/09/19",0,"1",-9.74360847473145,300999,1193960,400640
"3675",2020,"2020/09/19",0,"1",1.36572170257568,301000,1194460,400640
"3676",2020,"2020/09/19",0,"2",28.0922737121582,301001,1194960,400640
"3677",2021,"2021-06-28",1,"1",-0.0610539205372334,301002,1195813.72375112,400596.304945913
"3678",2020,"2020-09-19",1,"2",3.82425427436829,301003,1196276.31531127,400612.782044233
"3679",2020,"2020/09/19",0,"2",4.02549409866333,301004,1196460,400640
"3680",2020,"2020/09/19",0,"2",3.86602163314819,301005,1196960,400640
"3681",2020,"2020/09/19",0,"1",1.94506824016571,301006,1197460,400640
"3682",2020,"2020/09/19",0,"2",32.9822196960449,301007,1197960,400640
"3683",2020,"2020/09/19",0,"1",23.0016059875488,301009,1198960,400640
"3684",2020,"2020-09-19",1,"1",3.11495637893677,301010,1199823.99351125,400556.975649212
"3685",2020,"2020-09-19",1,"1",-0.421640843153,301011,1200209.6547898,400428.667268203
"3686",2020,"2020-09-19",1,"1",6.07004070281982,301012,1200888.14422191,400171.250481267
"3687",2020,"2020/09/19",0,"1",20.3111534118652,301013,1200960,400640
"3688",2020,"2020/09/19",0,"1",31.2723064422607,301014,1201460,400640
"3689",2020,"2020/09/19",0,"2",25.9288444519043,301550,1186960,400140
"3690",2020,"2020/09/19",0,"1",0.422344654798508,301565,1194460,400140
"3691",2020,"2020/09/19",0,"2",29.1156806945801,301566,1194960,400140
"3692",2020,"2020/09/19",0,"1",11.0623369216919,301567,1195460,400140
"3693",2020,"2020/09/19",0,"2",6.99827194213867,301568,1195960,400140
"3694",2020,"2020/09/19",0,"2",4.99571752548218,301569,1196460,400140
"3695",2020,"2020/09/19",0,"2",4.56297206878662,301570,1196960,400140
"3696",2020,"2020/09/19",0,"1",1.98039710521698,301571,1197460,400140
"3697",2020,"2020/09/19",0,"1",14.3695287704468,301572,1197960,400140
"3698",2020,"2020/09/19",0,"2",31.5490417480469,301574,1198960,400140
"3699",2020,"2020/09/19",0,"2",15.3414163589478,301575,1199460,400140
"3700",2020,"2020-09-19",1,"1",1.16333758831024,301576,1200329.59488344,400086.251637312
"3701",2020,"2020-09-19",1,"1",7.75372982025146,301577,1200535.64252164,400012.744428548
"3702",2020,"2020/09/19",0,"1",9.29552173614502,301578,1200960,400140
"3703",2020,"2020/09/19",0,"2",39.386302947998,301579,1201460,400140
"3704",2020,"2020/09/19",0,"1",10.4616928100586,302115,1186960,399640
"3705",2020,"2020/09/19",0,"1",-2.16923689842224,302130,1194460,399640
"3706",2020,"2020/09/19",0,"2",28.2531070709229,302131,1194960,399640
"3707",2020,"2020/09/19",0,"2",16.7532062530518,302132,1195460,399640
"3708",2020,"2020/09/19",0,"2",8.37855243682861,302133,1195960,399640
"3709",2020,"2020/09/19",0,"2",6.96420955657959,302134,1196460,399640
"3710",2020,"2020/09/19",0,"2",4.89560699462891,302135,1196960,399640
"3711",2020,"2020/09/19",0,"2",4.1234712600708,302136,1197460,399640
"3712",2020,"2020/09/19",0,"1",10.1388378143311,302137,1197960,399640
"3713",2020,"2020/09/19",0,"2",36.1860122680664,302138,1198460,399640
"3714",2020,"2020/09/19",0,"2",35.5077438354492,302139,1198960,399640
"3715",2020,"2020/09/19",0,"2",21.2956314086914,302140,1199460,399640
"3716",2020,"2020/09/19",0,"1",19.6873664855957,302141,1199960,399640
"3717",2020,"2020/09/19",0,"1",25.3467502593994,302142,1200460,399640
"3718",2020,"2020-09-19",1,"1",0.877456843852997,302143,1201315.47020648,399363.576456662
"3719",2020,"2020-09-19",1,"1",-0.313649833202362,302144,1201705.09544383,399395.945290726
"3720",2020,"2020/09/19",0,"1",30.2366065979004,302145,1201960,399640
"3721",2020,"2020/09/19",0,"1",24.2120990753174,302679,1186460,399140
"3722",2020,"2020/09/19",0,"2",17.3266124725342,302680,1186960,399140
"3723",2020,"2020/09/19",0,"1",9.12466144561768,302696,1194960,399140
"3724",2020,"2020/09/19",0,"2",31.9575252532959,302697,1195460,399140
"3725",2020,"2020/09/19",0,"2",7.41313982009888,302698,1195960,399140
"3726",2020,"2020/09/19",0,"2",7.80188274383545,302699,1196460,399140
"3727",2020,"2020/09/19",0,"2",6.99361991882324,302700,1196960,399140
"3728",2020,"2020/09/19",0,"2",5.18899297714233,302701,1197460,399140
"3729",2020,"2020/09/19",0,"1",10.7949352264404,302702,1197960,399140
"3730",2020,"2020/09/19",0,"2",33.6761360168457,302703,1198460,399140
"3731",2020,"2020/09/19",0,"2",34.630054473877,302704,1198960,399140
"3732",2020,"2020/09/19",0,"1",17.6186103820801,302705,1199460,399140
"3733",2021,"2021-06-28",1,"1",16.7885913848877,302706,1200453.24789147,398982.000068369
"3734",2020,"2020-09-19",1,"1",12.4873399734497,302707,1200491.74911107,398963.855351769
"3735",2020,"2020-09-19",1,"1",3.41017413139343,302708,1201230.6068604,398960.561432218
"3736",2020,"2020-09-19",1,"1",0.68361896276474,302709,1201824.2835373,398756.000928351
"3737",2020,"2020-09-19",1,"1",-8.68482971191406,302710,1202050.21541562,398788.536118901
"3738",2020,"2020/09/19",0,"1",32.3268508911133,302711,1202460,399140
"3739",2020,"2020/09/19",0,"1",14.4322090148926,303242,1185460,398640
"3740",2020,"2020/09/19",0,"2",34.7676582336426,303245,1186960,398640
"3741",2020,"2020/09/19",0,"1",0.799922466278076,303246,1187460,398640
"3742",2020,"2020/09/19",0,"1",2.38966679573059,303261,1194960,398640
"3743",2020,"2020/09/19",0,"2",31.6286430358887,303262,1195460,398640
"3744",2020,"2020/09/19",0,"2",18.8679752349854,303263,1195960,398640
"3745",2020,"2020/09/19",0,"2",9.30374908447266,303264,1196460,398640
"3746",2020,"2020/09/19",0,"2",9.62603378295898,303265,1196960,398640
"3747",2020,"2020/09/19",0,"2",5.23383235931396,303266,1197460,398640
"3748",2020,"2020/09/19",0,"1",11.5689907073975,303267,1197960,398640
"3749",2020,"2020/09/19",0,"2",30.2836017608643,303268,1198460,398640
"3750",2020,"2020/09/19",0,"1",23.7829627990723,303270,1199460,398640
"3751",2020,"2020/09/19",0,"1",24.0299816131592,303271,1199960,398640
"3752",2021,"2021-06-28",1,"1",3.47245907783508,303272,1200697.66431419,398196.838488411
"3753",2021,"2021-06-28",1,"1",-1.39057970046997,303274,1201668.43116636,398149.983379441
"3754",2020,"2020-09-19",1,"1",-2.11994981765747,303275,1202159.26413253,398212.219110025
"3755",2020,"2020-09-19",1,"1",7.32413291931152,303276,1202896.99814154,398268.775108037
"3756",2020,"2020-09-19",1,"1",10.5510149002075,303277,1203046.7843189,398392.79734428
"3757",2020,"2020/09/19",0,"1",-0.8066645860672,303810,1186960,398140
"3758",2020,"2020/09/19",0,"2",3.68038249015808,303826,1194960,398140
"3759",2020,"2020/09/19",0,"2",20.2746620178223,303827,1195460,398140
"3760",2020,"2020/09/19",0,"2",26.8265571594238,303828,1195960,398140
"3761",2020,"2020/09/19",0,"2",10.332275390625,303829,1196460,398140
"3762",2020,"2020/09/19",0,"2",13.5946455001831,303830,1196960,398140
"3763",2020,"2020/09/19",0,"2",7.03937816619873,303831,1197460,398140
"3764",2020,"2020/09/19",0,"1",8.03460884094238,303832,1197960,398140
"3765",2020,"2020/09/19",0,"2",24.7887916564941,303833,1198460,398140
"3766",2020,"2020/09/19",0,"2",38.2214508056641,303834,1198960,398140
"3767",2020,"2020/09/19",0,"2",36.3325386047363,303835,1199460,398140
"3768",2020,"2020/09/19",0,"2",39.8166275024414,303836,1199960,398140
"3769",2020,"2020/09/19",0,"1",32.9101371765137,303837,1200460,398140
"3770",2020,"2020-09-19",1,"1",4.19030141830444,303838,1201405.32995325,397716.761248888
"3771",2020,"2020-09-19",1,"1",8.19000434875488,303839,1201621.36605994,397747.191618079
"3772",2020,"2020-09-19",1,"1",3.4179539680481,303840,1202224.50886594,398139.707286669
"3773",2020,"2020-09-19",1,"1",8.2427453994751,303841,1202755.30884788,397696.721088731
"3774",2020,"2020/09/19",0,"1",14.6985778808594,303842,1202960,398140
"3775",2020,"2020/09/19",0,"1",23.4534454345703,303843,1203460,398140
"3776",2020,"2020/09/19",0,"1",-0.324040442705154,304368,1183460,397640
"3777",2020,"2020-09-19",1,"1",1.42460548877716,304391,1195179.5269227,397202.656454612
"3778",2020,"2020/09/19",0,"2",10.2929344177246,304392,1195460,397640
"3779",2020,"2020/09/19",0,"2",20.371696472168,304393,1195960,397640
"3780",2020,"2020/09/19",0,"2",18.4842758178711,304394,1196460,397640
"3781",2020,"2020/09/19",0,"2",11.5247812271118,304395,1196960,397640
"3782",2020,"2020/09/19",0,"2",12.2646999359131,304396,1197460,397640
"3783",2020,"2020/09/19",0,"2",7.56888771057129,304397,1197960,397640
"3784",2020,"2020/09/19",0,"2",23.4460468292236,304398,1198460,397640
"3785",2020,"2020/09/19",0,"2",36.2042503356934,304399,1198960,397640
"3786",2020,"2020/09/19",0,"2",35.1649932861328,304400,1199460,397640
"3787",2020,"2020/09/19",0,"2",37.792781829834,304401,1199960,397640
"3788",2020,"2020/09/19",0,"2",38.3401222229004,304402,1200460,397640
"3789",2020,"2020-09-19",1,"1",4.47308397293091,304403,1201122.58308179,397470.80579727
"3790",2020,"2020-09-19",1,"1",3.77837657928467,304404,1201502.76192193,397615.362324353
"3791",2020,"2020/09/19",0,"1",12.6824140548706,304405,1201960,397640
"3792",2020,"2020/09/19",0,"1",26.5940093994141,304406,1202460,397640
"3793",2020,"2020/09/19",0,"1",17.1245880126953,304407,1202960,397640
"3794",2020,"2020/09/19",0,"1",19.1372051239014,304408,1203460,397640
"3795",2020,"2020/09/19",0,"1",0.380157023668289,304932,1182960,397140
"3796",2020,"2020/09/19",0,"2",5.595871925354,304940,1186960,397140
"3797",2020,"2020-09-19",1,"1",0.532802402973175,304956,1195145.10536534,397074.507187489
"3798",2020,"2020/09/19",0,"2",5.53570318222046,304957,1195460,397140
"3799",2020,"2020/09/19",0,"2",20.249059677124,304958,1195960,397140
"3800",2020,"2020/09/19",0,"2",18.0932350158691,304959,1196460,397140
"3801",2020,"2020/09/19",0,"2",14.1614952087402,304960,1196960,397140
"3802",2020,"2020/09/19",0,"2",19.1280994415283,304961,1197460,397140
"3803",2020,"2020/09/19",0,"2",9.40557956695557,304962,1197960,397140
"3804",2020,"2020/09/19",0,"2",22.0160446166992,304963,1198460,397140
"3805",2020,"2020/09/19",0,"2",32.1111488342285,304964,1198960,397140
"3806",2020,"2020/09/19",0,"1",28.5720195770264,304965,1199460,397140
"3807",2020,"2020/09/19",0,"1",26.8768634796143,304966,1199960,397140
"3808",2020,"2020/09/19",0,"1",37.0173683166504,304967,1200460,397140
"3809",2020,"2020/09/19",0,"1",38.0666542053223,304968,1200960,397140
"3810",2020,"2020/09/19",0,"1",23.6625823974609,304969,1201460,397140
"3811",2020,"2020-09-19",1,"1",21.9484252929688,304970,1202432.2599822,396729.652528376
"3812",2020,"2020-09-19",1,"1",12.0916404724121,304971,1202508.98315874,396815.793873184
"3813",2020,"2020-09-19",1,"1",5.64417409896851,304972,1202999.00824434,397081.473191883
"3814",2020,"2020/09/19",0,"1",32.7975616455078,304973,1203460,397140
"3815",2020,"2020/09/19",0,"1",34.9498748779297,304974,1203960,397140
"3816",2022,"2022/07/01",0,"1",15.8538770675659,305494,1181460,396640
"3817",2020,"2020/09/19",0,"1",-0.705992102622986,305500,1184460,396640
"3818",2020,"2020-09-19",1,"1",0.562606334686279,305521,1195096.75155724,396581.394608218
"3819",2020,"2020/09/19",0,"2",5.09616708755493,305522,1195460,396640
"3820",2020,"2020/09/19",0,"2",18.158634185791,305523,1195960,396640
"3821",2020,"2020/09/19",0,"2",19.198694229126,305524,1196460,396640
"3822",2020,"2020/09/19",0,"2",13.5856695175171,305525,1196960,396640
"3823",2020,"2020/09/19",0,"2",18.9677753448486,305526,1197460,396640
"3824",2020,"2020/09/19",0,"2",17.0362987518311,305527,1197960,396640
"3825",2020,"2020/09/19",0,"2",22.0599746704102,305528,1198460,396640
"3826",2020,"2020/09/19",0,"2",29.7050743103027,305529,1198960,396640
"3827",2020,"2020/09/19",0,"2",32.9075317382812,305530,1199460,396640
"3828",2020,"2020/09/19",0,"1",33.3632354736328,305531,1199960,396640
"3829",2020,"2020/09/19",0,"1",22.1735935211182,305532,1200460,396640
"3830",2020,"2020/09/19",0,"1",31.8664436340332,305533,1200960,396640
"3831",2020,"2020-09-19",1,"1",16.2331771850586,305538,1203792.52578006,396365.986539843
"3832",2020,"2020/09/19",0,"1",20.9508323669434,305539,1203960,396640
"3833",2021,"2022/06/28",0,"1",26.081693649292,305540,1204460,396640
"3834",2022,"2022/07/01",0,"1",39.8995132446289,306058,1180960,396140
"3835",2020,"2020/09/19",0,"1",-4.0354905128479,306064,1183960,396140
"3836",2020,"2020-09-19",1,"1",0.824816703796387,306086,1195124.76827472,395918.608857665
"3837",2020,"2020/09/19",0,"2",6.33789873123169,306087,1195460,396140
"3838",2020,"2020/09/19",0,"2",10.2977428436279,306088,1195960,396140
"3839",2020,"2020/09/19",0,"2",19.8766555786133,306089,1196460,396140
"3840",2020,"2020/09/19",0,"2",17.4203262329102,306090,1196960,396140
"3841",2020,"2020/09/19",0,"2",21.3928775787354,306091,1197460,396140
"3842",2020,"2020/09/19",0,"2",15.6868953704834,306092,1197960,396140
"3843",2020,"2020/09/19",0,"2",22.6029071807861,306093,1198460,396140
"3844",2020,"2020/09/19",0,"2",29.1548652648926,306094,1198960,396140
"3845",2020,"2020/09/19",0,"2",36.2524642944336,306095,1199460,396140
"3846",2020,"2020/09/19",0,"2",31.8056144714355,306096,1199960,396140
"3847",2020,"2020/09/19",0,"2",36.2207641601562,306097,1200460,396140
"3848",2020,"2020/09/19",0,"1",26.5517902374268,306098,1200960,396140
"3849",2020,"2020/09/19",0,"1",39.4006385803223,306099,1201460,396140
"3850",2020,"2020-09-19",1,"1",8.3583927154541,306103,1203786.74914213,395783.030473619
"3851",2020,"2020-09-19",1,"1",18.7641181945801,306104,1204138.52973559,395858.271012338
"3852",2021,"2022/06/28",0,"1",33.0448188781738,306105,1204460,396140
"3853",2022,"2022/07/01",0,"1",15.345573425293,306626,1182460,395640
"3854",2020,"2020/09/19",0,"2",6.18648195266724,306652,1195460,395640
"3855",2020,"2020/09/19",0,"2",9.48004055023193,306653,1195960,395640
"3856",2020,"2020/09/19",0,"2",15.1919832229614,306654,1196460,395640
"3857",2020,"2020/09/19",0,"2",20.2222766876221,306655,1196960,395640
"3858",2020,"2020/09/19",0,"2",21.9803771972656,306656,1197460,395640
"3859",2020,"2020/09/19",0,"2",17.5008792877197,306657,1197960,395640
"3860",2020,"2020/09/19",0,"2",23.8590602874756,306658,1198460,395640
"3861",2020,"2020/09/19",0,"2",29.3825397491455,306659,1198960,395640
"3862",2020,"2020/09/19",0,"2",38.2820358276367,306660,1199460,395640
"3863",2020,"2020/09/19",0,"1",30.5442180633545,306661,1199960,395640
"3864",2020,"2020/09/19",0,"1",31.341381072998,306662,1200460,395640
"3865",2020,"2020/09/19",0,"1",31.7305564880371,306663,1200960,395640
"3866",2020,"2020/09/19",0,"1",31.0229587554932,306664,1201460,395640
"3867",2020,"2020/09/19",0,"1",36.4630699157715,306669,1203960,395640
"3868",2020,"2020/09/19",0,"2",3.50091791152954,307217,1195460,395140
"3869",2020,"2020/09/19",0,"2",7.99465465545654,307218,1195960,395140
"3870",2020,"2020/09/19",0,"2",12.094838142395,307219,1196460,395140
"3871",2020,"2020/09/19",0,"2",20.2165870666504,307220,1196960,395140
"3872",2020,"2020/09/19",0,"2",18.3291206359863,307221,1197460,395140
"3873",2020,"2020/09/19",0,"2",19.8793296813965,307222,1197960,395140
"3874",2020,"2020/09/19",0,"2",18.1032199859619,307223,1198460,395140
"3875",2020,"2020/09/19",0,"2",34.8866577148438,307224,1198960,395140
"3876",2020,"2020/09/19",0,"2",36.5760231018066,307225,1199460,395140
"3877",2020,"2020/09/19",0,"2",29.8913803100586,307226,1199960,395140
"3878",2020,"2020/09/19",0,"2",31.089599609375,307227,1200460,395140
"3879",2020,"2020/09/19",0,"2",34.4704551696777,307228,1200960,395140
"3880",2020,"2020/09/19",0,"2",35.2433242797852,307229,1201460,395140
"3881",2020,"2020-09-19",1,"1",-0.113954402506351,307781,1195189.62944217,394209.779401023
"3882",2020,"2020/09/19",0,"1",2.17859601974487,307782,1195460,394640
"3883",2020,"2020/09/19",0,"2",8.85669136047363,307783,1195960,394640
"3884",2020,"2020/09/19",0,"2",17.1042213439941,307784,1196460,394640
"3885",2020,"2020/09/19",0,"2",21.679349899292,307785,1196960,394640
"3886",2020,"2020/09/19",0,"2",17.7313613891602,307786,1197460,394640
"3887",2022,"2022-07-01",1,"1",12.4126720428467,307787,1198017.22380417,394175.711707316
"3888",2020,"2020/09/19",0,"2",15.3944549560547,307788,1198460,394640
"3889",2020,"2020/09/19",0,"2",34.1218605041504,307789,1198960,394640
"3890",2020,"2020-09-19",1,"1",6.32825374603271,307791,1200321.25554319,394249.932020793
"3891",2020,"2020/09/19",0,"1",29.2264041900635,307792,1200460,394640
"3892",2020,"2020/09/19",0,"1",27.1493148803711,307793,1200960,394640
"3893",2022,"2022/07/01",0,"1",3.72644925117493,308318,1180960,394140
"3894",2022,"2022/07/01",0,"2",24.5915088653564,308319,1181460,394140
"3895",2022,"2022/07/01",0,"2",6.50463199615479,308320,1181960,394140
"3896",2020,"2020-09-19",1,"1",0.993760943412781,308346,1195356.34507696,393963.088526391
"3897",2020,"2020/09/19",0,"1",4.57706594467163,308347,1195460,394140
"3898",2020,"2020/09/19",0,"2",10.0148677825928,308348,1195960,394140
"3899",2020,"2020/09/19",0,"2",15.7379770278931,308349,1196460,394140
"3900",2020,"2020/09/19",0,"2",19.3196239471436,308350,1196960,394140
"3901",2020,"2020/09/19",0,"2",20.6694927215576,308351,1197460,394140
"3902",2022,"2022-07-01",1,"1",5.75640296936035,308352,1198082.93022766,394099.364073042
"3903",2022,"2022-07-01",1,"1",3.5665647983551,308353,1198620.95478524,394104.985381481
"3904",2020,"2020/09/19",0,"2",32.3741302490234,308354,1198960,394140
"3905",2020,"2020/09/19",0,"1",15.0317478179932,308357,1200460,394140
"3906",2020,"2020/09/19",0,"1",33.8360748291016,308358,1200960,394140
"3907",2020,"2020/09/19",0,"1",39.622974395752,308359,1201460,394140
"3908",2022,"2022/07/01",0,"2",-3.00764799118042,308884,1181460,393640
"3909",2022,"2022/07/01",0,"2",-3.00764799118042,308885,1181960,393640
"3910",2020,"2020/09/19",0,"1",-6.83510160446167,308911,1194960,393640
"3911",2020,"2020/09/19",0,"1",4.05485248565674,308912,1195460,393640
"3912",2020,"2020/09/19",0,"2",9.78864192962646,308913,1195960,393640
"3913",2020,"2020/09/19",0,"2",12.6989107131958,308914,1196460,393640
"3914",2020,"2020/09/19",0,"2",15.5701961517334,308915,1196960,393640
"3915",2020,"2020/09/19",0,"2",22.4692840576172,308916,1197460,393640
"3916",2020,"2020/09/19",0,"2",21.5346202850342,308917,1197960,393640
"3917",2020,"2020/09/19",0,"2",19.07350730896,308918,1198460,393640
"3918",2020,"2020/09/19",0,"1",21.7432270050049,308919,1198960,393640
"3919",2022,"2022-07-01",1,"1",5.67635297775269,308921,1200409.33285373,393577.02007574
"3920",2020,"2020/09/19",0,"1",5.79084920883179,308922,1200460,393640
"3921",2020,"2020/09/19",0,"1",29.687744140625,308923,1200960,393640
"3922",2020,"2020/09/19",0,"1",37.2057723999023,308924,1201460,393640
"3923",2022,"2022/07/01",0,"2",-3.00764799118042,309450,1181960,393140
"3924",2020,"2020/09/19",0,"1",-1.54977178573608,309476,1194960,393140
"3925",2020,"2020/09/19",0,"2",5.95335960388184,309477,1195460,393140
"3926",2020,"2020/09/19",0,"2",8.62937641143799,309478,1195960,393140
"3927",2020,"2020/09/19",0,"2",11.1235303878784,309479,1196460,393140
"3928",2020,"2020/09/19",0,"2",13.2543001174927,309480,1196960,393140
"3929",2020,"2020/09/19",0,"2",18.693660736084,309481,1197460,393140
"3930",2020,"2020/09/19",0,"2",19.6209335327148,309482,1197960,393140
"3931",2020,"2020/09/19",0,"2",21.029125213623,309483,1198460,393140
"3932",2020,"2020/09/19",0,"2",23.5370483398438,309484,1198960,393140
"3933",2020,"2020/09/19",0,"2",32.1245651245117,309485,1199460,393140
"3934",2020,"2020/09/19",0,"1",28.4655170440674,309488,1200960,393140
"3935",2020,"2020/09/19",0,"1",39.8112869262695,309489,1201460,393140
"3936",2022,"2022/07/01",0,"2",-2.74197745323181,310015,1181960,392640
"3937",2020,"2020/09/19",0,"1",-2.91539335250854,310041,1194960,392640
"3938",2020,"2020-09-19",1,"2",3.50939655303955,310042,1195635.76153753,392331.795594336
"3939",2020,"2020/09/19",0,"2",8.01964378356934,310043,1195960,392640
"3940",2020,"2020/09/19",0,"2",10.6231603622437,310044,1196460,392640
"3941",2020,"2020/09/19",0,"2",11.7475605010986,310045,1196960,392640
"3942",2020,"2020/09/19",0,"2",15.7201118469238,310046,1197460,392640
"3943",2020,"2020/09/19",0,"2",18.7617683410645,310047,1197960,392640
"3944",2020,"2020/09/19",0,"2",20.7836360931396,310048,1198460,392640
"3945",2020,"2020/09/19",0,"2",26.1896457672119,310049,1198960,392640
"3946",2020,"2020/09/19",0,"2",30.3167114257812,310050,1199460,392640
"3947",2022,"2022/07/01",0,"2",-2.45696330070496,310580,1181960,392140
"3948",2020,"2020/09/19",0,"1",-2.05413722991943,310607,1195460,392140
"3949",2020,"2020-09-19",1,"1",2.41208434104919,310608,1196259.86088974,391698.795336592
"3950",2020,"2020/09/19",0,"2",9.40343475341797,310609,1196460,392140
"3951",2020,"2020/09/19",0,"2",12.58225440979,310610,1196960,392140
"3952",2020,"2020/09/19",0,"2",13.6035757064819,310611,1197460,392140
"3953",2020,"2020/09/19",0,"2",17.3538360595703,310612,1197960,392140
"3954",2020,"2020/09/19",0,"2",19.2141284942627,310613,1198460,392140
"3955",2020,"2020/09/19",0,"2",26.2635536193848,310614,1198960,392140
"3956",2020,"2020/09/19",0,"2",33.943302154541,310615,1199460,392140
"3957",2020,"2020/09/19",0,"2",39.4812088012695,310616,1199960,392140
"3958",2022,"2022/07/01",0,"2",-3.00764799118042,311144,1181460,391640
"3959",2022,"2022/07/01",0,"2",-3.00764799118042,311145,1181960,391640
"3960",2020,"2020/09/19",0,"1",-7.75761318206787,311173,1195960,391640
"3961",2020,"2020/09/19",0,"2",4.2645263671875,311174,1196460,391640
"3962",2020,"2020/09/19",0,"2",9.81054401397705,311175,1196960,391640
"3963",2020,"2020/09/19",0,"2",14.4295616149902,311176,1197460,391640
"3964",2020,"2020/09/19",0,"2",15.8427658081055,311177,1197960,391640
"3965",2020,"2020/09/19",0,"2",19.4557552337646,311178,1198460,391640
"3966",2020,"2020/09/19",0,"2",26.4974174499512,311179,1198960,391640
"3967",2020,"2020/09/19",0,"2",35.0202445983887,311180,1199460,391640
"3968",2022,"2022/07/01",0,"2",-3.00764799118042,311709,1181460,391140
"3969",2022,"2022/07/01",0,"2",-3.00764799118042,311710,1181960,391140
"3970",2020,"2020-09-19",1,"1",0.919417917728424,311739,1196925.02455544,391097.305193043
"3971",2020,"2020-09-19",1,"1",2.20531034469604,311740,1197188.89675918,391025.372508683
"3972",2020,"2020/09/19",0,"2",8.27114009857178,311741,1197460,391140
"3973",2020,"2020/09/19",0,"2",15.6730880737305,311742,1197960,391140
"3974",2020,"2020/09/19",0,"2",25.3587684631348,311743,1198460,391140
"3975",2020,"2020/09/19",0,"2",33.7946090698242,311744,1198960,391140
"3976",2022,"2022/07/01",0,"2",-3.00764799118042,312274,1181460,390640
"3977",2020,"2020/09/19",0,"1",0.175786644220352,312306,1197460,390640
"3978",2020,"2020/09/19",0,"2",3.93084287643433,312307,1197960,390640
"3979",2020,"2020/09/19",0,"2",7.15512180328369,312308,1198460,390640
"3980",2021,"2021-07-05",1,"1",2.9239706993103,312309,1199363.27162204,390602.118382413
"3981",2020,"2020-09-19",1,"1",-6.65891885757446,312310,1199505.67174716,390344.710160896
"3982",2020,"2020/09/19",0,"1",17.413948059082,312311,1199960,390640
"3983",2022,"2022/07/01",0,"2",-3.00764799118042,312839,1181460,390140
"3984",2020,"2020-09-19",1,"1",-2.25663042068481,312875,1199861.91834321,389762.118251982
"3985",2020,"2020/09/19",0,"1",11.1974153518677,312876,1199960,390140
"3986",2020,"2020/09/19",0,"1",25.4789257049561,312877,1200460,390140
"3987",2022,"2022/07/01",0,"2",-3.00764799118042,313404,1181460,389640
"3988",2020,"2020-09-19",1,"1",-3.34752750396729,313440,1199794.62935305,389248.822037342
"3989",2020,"2020/09/19",0,"1",7.95480298995972,313441,1199960,389640
"3990",2020,"2020/09/19",0,"2",25.6179046630859,313442,1200460,389640
"3991",2020,"2020/09/19",0,"1",20.2094631195068,313443,1200960,389640
"3992",2021,"2021-07-05",1,"1",-5.19728994369507,314005,1199867.52770547,388756.996575124
"3993",2020,"2020/09/19",0,"2",10.7590494155884,314006,1199960,389140
"3994",2020,"2020/09/19",0,"1",16.0223541259766,314007,1200460,389140
"3995",2020,"2020/09/19",0,"2",25.4792060852051,314008,1200960,389140
"3996",2021,"2021-07-05",1,"1",4.51216840744019,314009,1201932.41520373,388647.136912368
"3997",2020,"2020/09/19",0,"1",29.8950576782227,314010,1201960,389140
"3998",2021,"2022/07/05",0,"2",-3.00764799118042,314534,1181460,388640
"3999",2020,"2020/09/19",0,"2",5.79171228408813,314571,1199960,388640
"4000",2020,"2020/09/19",0,"2",12.3923797607422,314572,1200460,388640
"4001",2020,"2020/09/19",0,"1",18.247184753418,314573,1200960,388640
"4002",2021,"2021-07-05",1,"1",11.6331644058228,314574,1201921.66506005,388475.904438485
"4003",2020,"2020/08/22",0,"1",4.96677589416504,314575,1201960,388640
"4004",2020,"2020/08/22",0,"1",38.8120079040527,314578,1203460,388640
"4005",2021,"2022/07/05",0,"1",35.4521598815918,314579,1203960,388640
"4006",2020,"2020-08-22",1,"1",-4.09980821609497,315137,1200927.23402998,387692.124339228
"4007",2021,"2021-07-05",1,"1",-2.59641742706299,315138,1200979.18407763,387672.810842073
"4008",2020,"2020/08/22",0,"1",31.9985752105713,315139,1201460,388140
"4009",2020,"2020/08/22",0,"1",36.8042526245117,315140,1201960,388140
"4010",2020,"2020/08/22",0,"1",36.6575088500977,315143,1203460,388140
"4011",2021,"2022/07/05",0,"1",29.9892158508301,315145,1204460,388140
"4012",2022,"2022/07/01",0,"1",30.5840721130371,315153,1208460,388140
"4013",2021,"2021-07-05",1,"1",-7.05586194992065,315703,1201449.95135093,387140.887736499
"4014",2021,"2021-07-05",1,"1",4.9032940864563,315704,1201545.07284255,387170.013430245
"4015",2020,"2020/08/22",0,"2",37.3624801635742,315708,1203460,387640
"4016",2021,"2021-07-05",1,"1",-8.64337062835693,316268,1201443.90954815,387117.484023157
"4017",2020,"2020-08-22",1,"1",-0.588500678539276,316269,1201803.11605477,387056.453399451
"4018",2020,"2020/08/22",0,"1",21.8056468963623,316270,1201960,387140
"4019",2020,"2020/08/22",0,"1",36.5917320251465,316273,1203460,387140
"4020",2021,"2021-07-05",1,"1",-1.28342878818512,316835,1202387.17421337,386141.810575677
"4021",2020,"2020/08/22",0,"1",34.6381301879883,316836,1202460,386640
"4022",2020,"2020/08/22",0,"1",38.4048080444336,316837,1202960,386640
"4023",2020,"2020/08/22",0,"1",38.479850769043,316838,1203460,386640
"4024",2020,"2020/08/22",0,"1",38.4342994689941,316839,1203960,386640
"4025",2021,"2022/07/05",0,"2",-3.00764799118042,317377,1190460,386140
"4026",2021,"2022/07/05",0,"2",-2.9746081829071,317379,1191460,386140
"4027",2020,"2020/08/22",0,"2",3.09115147590637,317397,1200460,386140
"4028",2020,"2020/08/22",0,"1",-1.01273465156555,317398,1200960,386140
"4029",2020,"2020-08-22",1,"1",1.13296639919281,317401,1202672.8754389,385790.659247986
"4030",2020,"2020/08/22",0,"1",34.7470016479492,317402,1202960,386140
"4031",2020,"2020/08/22",0,"1",36.6060371398926,317403,1203460,386140
"4032",2021,"2022/07/05",0,"2",-3.00764799118042,317937,1187960,385640
"4033",2021,"2022/07/05",0,"2",-3.00361967086792,317938,1188460,385640
"4034",2021,"2022/07/05",0,"2",-1.12241971492767,317939,1188960,385640
"4035",2021,"2022/07/05",0,"2",-3.00764799118042,317942,1190460,385640
"4036",2021,"2022/07/05",0,"2",-3.00764799118042,317943,1190960,385640
"4037",2020,"2020-08-22",1,"1",-3.02038860321045,317962,1200759.48853617,385211.65793472
"4038",2020,"2020/08/22",0,"2",7.31986427307129,317963,1200960,385640
"4039",2020,"2020-08-22",1,"1",0.646801114082336,317964,1201779.95252382,385417.72399846
"4040",2020,"2020-08-22",1,"1",4.15671682357788,317965,1202125.2392023,385431.122433567
"4041",2020,"2020-08-22",1,"1",2.82637882232666,317966,1202637.32278713,385462.093367374
"4042",2020,"2020/08/22",0,"1",11.7045745849609,317967,1202960,385640
"4043",2020,"2020/08/22",0,"1",33.8460121154785,317968,1203460,385640
"4044",2020,"2020/08/22",0,"1",38.4049987792969,317969,1203960,385640
"4045",2020,"2020-08-22",1,"1",0.267375022172928,317970,1204570.27882443,385212.463643982
"4046",2021,"2022/07/05",0,"2",2.78190159797668,318504,1188960,385140
"4047",2021,"2022/07/05",0,"1",1.80770087242126,318505,1189460,385140
"4048",2020,"2020-08-22",1,"1",-1.54937696456909,318527,1200898.59431128,384669.204253386
"4049",2020,"2020/08/22",0,"1",10.1629199981689,318528,1200960,385140
"4050",2020,"2020/08/22",0,"2",9.18328475952148,318529,1201460,385140
"4051",2020,"2020-08-22",1,"1",-7.83100318908691,318530,1202176.96724154,384824.12882607
"4052",2020,"2020/08/22",0,"1",13.8437604904175,318531,1202460,385140
"4053",2020,"2020/08/22",0,"1",19.0995330810547,318532,1202960,385140
"4054",2020,"2020-08-22",1,"1",-2.41755628585815,318533,1203677.85971929,384656.306380198
"4055",2020,"2020-08-22",1,"1",-0.193190932273865,318534,1204452.00080965,384693.114675117
"4056",2020,"2020-08-22",1,"1",-2.38698863983154,318535,1204726.12262849,384671.945491286
"4057",2020,"2020/08/22",0,"1",28.3105716705322,318536,1204960,385140
"4058",2021,"2022/07/05",0,"2",7.86594533920288,319070,1189460,384640
"4059",2021,"2022/07/05",0,"2",6.17387676239014,319071,1189960,384640
"4060",2021,"2022/07/05",0,"2",-3.00764799118042,319077,1192960,384640
"4061",2020,"2020-08-22",1,"1",-0.672899842262268,319092,1200845.65157807,384541.400110792
"4062",2020,"2020/08/22",0,"1",9.16687488555908,319093,1200960,384640
"4063",2020,"2020/08/22",0,"2",14.3359460830688,319094,1201460,384640
"4064",2020,"2020/08/22",0,"1",14.0142049789429,319095,1201960,384640
"4065",2020,"2020/08/22",0,"1",16.4237213134766,319096,1202460,384640
"4066",2020,"2020-08-22",1,"1",1.61012864112854,319097,1203410.18201116,384303.801104727
"4067",2020,"2020-08-22",1,"1",-1.81635391712189,319098,1203600.52862063,384391.637507549
"4068",2020,"2020-08-22",1,"1",-2.25866293907166,319099,1204425.09616314,384616.966948269
"4069",2020,"2020-08-22",1,"1",-4.06661939620972,319100,1204520.06260941,384152.215573816
"4070",2020,"2020/08/22",0,"1",21.172643661499,319101,1204960,384640
"4071",2021,"2022/07/05",0,"1",-3.00764799118042,319634,1188960,384140
"4072",2021,"2022/07/05",0,"2",10.8934707641602,319635,1189460,384140
"4073",2021,"2021-07-05",1,"1",3.65353441238403,319636,1189986.7081919,384013.967453114
"4074",2021,"2022/07/05",0,"2",-4.94792032241821,319643,1193460,384140
"4075",2021,"2022/07/05",0,"2",-2.12693238258362,319644,1193960,384140
"4076",2020,"2020/08/22",0,"2",16.141300201416,319658,1200960,384140
"4077",2020,"2020/08/22",0,"2",15.7873888015747,319659,1201460,384140
"4078",2020,"2020/08/22",0,"1",31.6805438995361,319660,1201960,384140
"4079",2020,"2020/08/22",0,"1",35.8460083007812,319661,1202460,384140
"4080",2020,"2020-08-22",1,"1",0.308255344629288,319662,1203258.56054857,383678.684949325
"4081",2020,"2020-08-22",1,"1",-0.444244593381882,319663,1203708.4741847,383654.407967505
"4082",2020,"2020-08-22",1,"1",-0.265828162431717,319665,1204867.19834205,383650.545794855
"4083",2020,"2020-08-22",1,"1",1.55892741680145,319666,1205446.29873458,383686.580042405
"4084",2020,"2020-08-22",1,"1",3.15464854240417,319667,1205523.30636909,383706.330597787
"4085",2020,"2020/08/22",0,"2",11.7542543411255,320200,1189460,383640
"4086",2020,"2020/08/22",0,"2",11.4147291183472,320201,1189960,383640
"4087",2020,"2020/08/22",0,"1",-6.3269214630127,320202,1190460,383640
"4088",2020,"2020/08/22",0,"1",-2.07731461524963,320221,1199960,383640
"4089",2020,"2020/08/22",0,"2",7.39521884918213,320222,1200460,383640
"4090",2020,"2020-08-22",1,"1",4.75383234024048,320223,1201359.87274581,383161.100185235
"4091",2020,"2020/08/22",0,"2",22.6539611816406,320224,1201460,383640
"4092",2020,"2020/08/22",0,"1",28.8287734985352,320225,1201960,383640
"4093",2020,"2020-08-22",1,"1",5.02990436553955,320227,1203299.092027,383395.074965925
"4094",2020,"2020-08-22",1,"1",-1.5679212808609,320228,1203842.00348506,383163.331398813
"4095",2020,"2020-08-22",1,"1",-0.583434045314789,320229,1204250.00108306,383343.632066486
"4096",2020,"2020-08-22",1,"2",0.0294442661106586,320230,1204782.96957321,383398.573045579
"4097",2020,"2020-08-22",1,"1",-0.833237051963806,320231,1205385.85516942,383309.631817974
"4098",2020,"2020-08-22",1,"1",6.67152404785156,320232,1205682.00270846,383149.897726175
"4099",2020,"2020/08/22",0,"1",27.6346015930176,320233,1205960,383640
"4100",2020,"2020-08-22",1,"2",7.22013568878174,320765,1189937.48552436,382659.864470591
"4101",2020,"2020/08/22",0,"1",9.03621959686279,320766,1189960,383140
"4102",2020,"2020/08/22",0,"2",10.5460977554321,320767,1190460,383140
"4103",2020,"2020/08/22",0,"1",-3.00764799118042,320768,1190960,383140
"4104",2021,"2021-07-05",1,"1",0.13615594804287,320772,1193430.48977051,382686.981197441
"4105",2021,"2021-07-05",1,"1",0.538535535335541,320773,1193483.28993196,382657.234122937
"4106",2020,"2020/08/22",0,"1",-9.31270980834961,320775,1194460,383140
"4107",2020,"2020/08/22",0,"2",-7.53893709182739,320776,1194960,383140
"4108",2020,"2020-08-22",1,"1",2.70437026023865,320786,1200278.74324518,382776.389044461
"4109",2020,"2020-08-22",1,"1",-0.836148738861084,320787,1200673.05459985,382862.818803514
"4110",2021,"2021-07-05",1,"1",3.77129554748535,320788,1201448.14907071,383138.971848688
"4111",2020,"2020-08-22",1,"1",8.8364782333374,320789,1201688.93506905,382674.574088998
"4112",2020,"2020-08-22",1,"1",8.2733678817749,320790,1202195.7893167,382759.196710887
"4113",2020,"2020/08/22",0,"1",26.3296890258789,320791,1202460,383140
"4114",2020,"2020/08/22",0,"1",31.9905967712402,320792,1202960,383140
"4115",2020,"2020-08-22",1,"1",-3.34376549720764,320793,1203701.01751044,383035.796614383
"4116",2020,"2020/08/22",0,"1",1.06126034259796,320794,1203960,383140
"4117",2020,"2020-08-22",1,"1",2.93352222442627,320797,1205943.2891191,382788.562690539
"4118",2020,"2020/08/22",0,"1",13.9031476974487,320798,1205960,383140
"4119",2020,"2020/08/22",0,"1",29.8928852081299,320799,1206460,383140
"4120",2021,"2022/07/05",0,"2",-0.784815549850464,321326,1187460,382640
"4121",2020,"2020/08/22",0,"2",0.201633930206299,321327,1187960,382640
"4122",2021,"2021-07-05",1,"1",3.95701742172241,321328,1188546.22535447,382373.933492885
"4123",2020,"2020/08/22",0,"1",2.30200982093811,321329,1188960,382640
"4124",2020,"2020-08-22",1,"1",6.92434501647949,321330,1189880.88155705,382332.851194885
"4125",2020,"2020-08-22",1,"1",-3.95285725593567,321331,1190314.11452912,382221.240660667
"4126",2020,"2020-08-22",1,"1",1.22270512580872,321332,1190629.11397294,382323.485796465
"4127",2021,"2021-07-05",1,"1",3.03629851341248,321333,1191361.60682228,382188.793472489
"4128",2022,"2022-07-01",1,"1",-0.187347516417503,321337,1193238.3401808,382170.660675922
"4129",2021,"2021-07-05",1,"2",-3.25153946876526,321338,1193684.39126144,382586.073587279
"4130",2020,"2020/08/22",0,"2",2.05681252479553,321339,1193960,382640
"4131",2020,"2020-08-22",1,"1",-0.0279544275254011,321351,1200148.74424347,382483.643025839
"4132",2020,"2020-08-22",1,"1",1.6099591255188,321352,1200631.5687751,382554.315735528
"4133",2020,"2020-08-22",1,"1",20.9387645721436,321353,1201263.08807253,382147.271146061
"4134",2020,"2020-08-22",1,"1",-0.453082621097565,321354,1201932.98766361,382235.746561605
"4135",2020,"2020-08-22",1,"1",0.327573269605637,321355,1202454.82425094,382159.289915848
"4136",2020,"2020-08-22",1,"1",-3.00032091140747,321356,1202866.4794878,382190.558027709
"4137",2021,"2021-07-05",1,"1",3.05217003822327,321357,1202974.68925059,382170.110957588
"4138",2020,"2020-08-22",1,"1",1.40567111968994,321358,1203933.60391447,382632.701661366
"4139",2020,"2020-08-22",1,"1",0.396419376134872,321359,1204344.34124457,382314.520600371
"4140",2020,"2020-08-22",1,"1",1.49089169502258,321360,1204474.47843971,382145.585502453
"4141",2020,"2020-08-22",1,"1",4.19488477706909,321361,1204976.91568684,382147.734898176
"4142",2020,"2020-08-22",1,"1",16.5129661560059,321362,1205472.25186789,382259.005799154
"4143",2020,"2020/08/22",0,"1",8.41502666473389,321363,1205960,382640
"4144",2020,"2020/08/22",0,"1",36.2574691772461,321364,1206460,382640
"4145",2020,"2020/08/22",0,"2",0.157047435641289,321891,1187460,382140
"4146",2020,"2020/08/22",0,"1",-2.24969744682312,321892,1187960,382140
"4147",2020,"2020/08/22",0,"2",8.44148921966553,321893,1188460,382140
"4148",2020,"2020/08/22",0,"2",15.9605503082275,321894,1188960,382140
"4149",2020,"2020/08/22",0,"2",14.8480186462402,321895,1189460,382140
"4150",2020,"2020/08/22",0,"2",15.8218336105347,321896,1189960,382140
"4151",2020,"2020-08-22",1,"1",2.70006775856018,321897,1190605.30928751,382123.119550969
"4152",2021,"2021-07-05",1,"1",2.61622262001038,321898,1191396.55721595,381866.04878011
"4153",2020,"2020-08-22",1,"1",0.861209094524384,321899,1191613.41775061,381669.789774534
"4154",2021,"2021-07-05",1,"1",3.97293710708618,321901,1192890.86945373,381646.164942445
"4155",2020,"2020/08/22",0,"2",7.06247806549072,321903,1193460,382140
"4156",2020,"2020/08/22",0,"1",-9.29510688781738,321904,1193960,382140
"4157",2020,"2020/08/22",0,"2",5.88967418670654,321906,1194960,382140
"4158",2020,"2020-08-22",1,"1",-0.941090762615204,321916,1200441.09097902,382024.927485919
"4159",2020,"2020-08-22",1,"1",1.26886427402496,321917,1200553.85425639,381877.796615363
"4160",2020,"2020-08-22",1,"1",6.70226621627808,321918,1201076.11581331,382008.228051328
"4161",2020,"2020-08-22",1,"1",6.14810419082642,321919,1201956.11570091,382114.772861507
"4162",2020,"2020-08-22",1,"1",-0.63489431142807,321920,1202145.26760197,382025.95111059
"4163",2020,"2020-08-22",1,"1",-0.346111953258514,321921,1202808.7229484,381857.507451376
"4164",2020,"2020-08-22",1,"1",2.90424132347107,321922,1203040.6514855,381992.220071868
"4165",2020,"2020-08-22",1,"1",7.09677171707153,321923,1203691.76860252,381887.811617013
"4166",2021,"2021-07-05",1,"1",3.67100381851196,321924,1204455.97514591,382121.663844108
"4167",2020,"2020-08-22",1,"1",6.63220834732056,321925,1204623.76560682,381858.808334587
"4168",2020,"2020-08-22",1,"1",16.1188507080078,321926,1205169.62280173,381849.060817749
"4169",2020,"2020/08/22",0,"1",21.6306610107422,321927,1205460,382140
"4170",2020,"2020/08/22",0,"1",29.113956451416,321928,1205960,382140
"4171",2020,"2020/08/22",0,"1",3.53234696388245,322457,1187960,381640
"4172",2020,"2020/08/22",0,"2",19.7913627624512,322458,1188460,381640
"4173",2020,"2020/08/22",0,"2",16.7201747894287,322459,1188960,381640
"4174",2020,"2020/08/22",0,"2",17.0592060089111,322460,1189460,381640
"4175",2020,"2020/08/22",0,"2",20.4373626708984,322461,1189960,381640
"4176",2020,"2020/08/22",0,"2",34.49462890625,322462,1190460,381640
"4177",2020,"2020/08/22",0,"2",25.1753025054932,322463,1190960,381640
"4178",2020,"2020-08-22",1,"1",4.46995782852173,322464,1191685.75953614,381583.997476689
"4179",2020,"2020-08-22",1,"1",0.0884996727108955,322465,1192052.13490268,381372.603390425
"4180",2020,"2020-08-22",1,"1",0.933093786239624,322466,1192640.04331077,381496.389154799
"4181",2020,"2020/08/22",0,"1",5.36905384063721,322467,1192960,381640
"4182",2021,"2021-07-05",1,"1",-2.60497498512268,322468,1193913.81375906,381162.099149913
"4183",2020,"2020-08-22",1,"1",-1.11380505561829,322482,1200735.65201585,381263.129720309
"4184",2020,"2020/08/22",0,"1",15.2824954986572,322483,1200960,381640
"4185",2020,"2020/08/22",0,"1",21.152307510376,322484,1201460,381640
"4186",2020,"2020/08/22",0,"1",20.2153205871582,322485,1201960,381640
"4187",2020,"2020/08/22",0,"1",20.9116630554199,322486,1202460,381640
"4188",2020,"2020/08/22",0,"1",18.4846649169922,322487,1202960,381640
"4189",2020,"2020/08/22",0,"1",29.0737571716309,322488,1203460,381640
"4190",2020,"2020/08/22",0,"1",26.426025390625,322489,1203960,381640
"4191",2020,"2020/08/22",0,"1",26.9445991516113,322491,1204960,381640
"4192",2020,"2020/08/22",0,"1",38.296573638916,322492,1205460,381640
"4193",2020,"2020/08/22",0,"1",39.451976776123,322494,1206460,381640
"4194",2020,"2020/08/22",0,"1",-1.66295504570007,323021,1187460,381140
"4195",2020,"2020/08/22",0,"2",20.3712463378906,323022,1187960,381140
"4196",2020,"2020/08/22",0,"2",18.6362800598145,323023,1188460,381140
"4197",2020,"2020/08/22",0,"2",16.7530498504639,323024,1188960,381140
"4198",2020,"2020/08/22",0,"2",17.461145401001,323025,1189460,381140
"4199",2020,"2020/08/22",0,"2",18.8965950012207,323026,1189960,381140
"4200",2020,"2020/08/22",0,"2",28.6603317260742,323027,1190460,381140
"4201",2020,"2020/08/22",0,"2",38.0638122558594,323028,1190960,381140
"4202",2020,"2020/08/22",0,"2",24.1885757446289,323030,1191960,381140
"4203",2020,"2020/08/22",0,"2",20.8418598175049,323031,1192460,381140
"4204",2021,"2021-07-05",1,"1",3.46400237083435,323032,1193439.34705959,381024.973446632
"4205",2020,"2020-08-22",1,"1",6.39492321014404,323033,1193644.74394545,381057.508051469
"4206",2020,"2020-08-22",1,"1",3.74468350410461,323034,1194087.49403405,381041.012074447
"4207",2021,"2021-07-05",1,"1",0.797798037528992,323035,1194499.83371583,380666.174352558
"4208",2020,"2020-08-22",1,"1",-0.890266001224518,323040,1197204.95289617,380771.501073552
"4209",2020,"2020-08-22",1,"1",0.226387068629265,323041,1197697.06259828,380646.541807023
"4210",2021,"2021-07-05",1,"1",0.758829116821289,323042,1198293.49105006,380640.690876379
"4211",2021,"2021-07-05",1,"1",-3.00764799118042,323043,1198952.83518156,380645.062635595
"4212",2021,"2021-07-05",1,"1",1.19958019256592,323044,1199008.60067999,380674.568427343
"4213",2020,"2020-08-22",1,"1",3.56909489631653,323045,1199739.74138359,380683.458194471
"4214",2020,"2020-08-22",1,"1",4.55520057678223,323046,1200409.12657833,380727.21418814
"4215",2021,"2021-07-05",1,"1",4.19373989105225,323047,1200468.9348582,380944.449712796
"4216",2020,"2020/08/22",0,"1",15.6834774017334,323048,1200960,381140
"4217",2020,"2020/08/22",0,"1",22.0842151641846,323049,1201460,381140
"4218",2020,"2020/08/22",0,"1",20.3634300231934,323050,1201960,381140
"4219",2020,"2020/08/22",0,"1",21.3823204040527,323051,1202460,381140
"4220",2020,"2020/08/22",0,"1",26.4091987609863,323052,1202960,381140
"4221",2020,"2020/08/22",0,"1",30.5234317779541,323053,1203460,381140
"4222",2020,"2020/08/22",0,"1",35.4879760742188,323054,1203960,381140
"4223",2020,"2020/08/22",0,"1",33.7665176391602,323055,1204460,381140
"4224",2020,"2020/08/22",0,"1",38.7804222106934,323059,1206460,381140
"4225",2020,"2020/08/22",0,"2",9.14268779754639,323586,1187460,380640
"4226",2020,"2020/08/22",0,"2",28.8418960571289,323587,1187960,380640
"4227",2020,"2020/08/22",0,"2",17.6841335296631,323588,1188460,380640
"4228",2020,"2020/08/22",0,"2",18.7959537506104,323589,1188960,380640
"4229",2020,"2020/08/22",0,"2",20.4825649261475,323590,1189460,380640
"4230",2020,"2020/08/22",0,"2",22.5998592376709,323591,1189960,380640
"4231",2020,"2020/08/22",0,"2",27.5407657623291,323592,1190460,380640
"4232",2020,"2020/08/22",0,"2",33.8371620178223,323597,1192960,380640
"4233",2020,"2020-08-22",1,"1",5.16689729690552,323598,1193768.10907093,380343.220265463
"4234",2021,"2021-07-05",1,"1",6.29967975616455,323599,1194457.76904259,380611.898103065
"4235",2020,"2020-08-22",1,"1",0.961512446403503,323600,1194894.48551504,380395.373405193
"4236",2020,"2020-08-22",1,"1",0.0427683927118778,323601,1195263.98361499,380506.469418282
"4237",2020,"2020-08-22",1,"1",-1.00383937358856,323602,1195571.39433765,380365.478552894
"4238",2020,"2020-08-22",1,"1",1.49690067768097,323603,1196045.70857541,380400.698005105
"4239",2021,"2021-07-05",1,"1",-0.203331738710403,323604,1196748.10778405,380208.952459033
"4240",2020,"2020/08/22",0,"1",-1.65899169445038,323605,1196960,380640
"4241",2020,"2020-08-22",1,"1",-0.861782371997833,323606,1197803.26067501,380628.494848759
"4242",2020,"2020-08-22",1,"1",2.03730511665344,323607,1198410.96500681,380593.159972791
"4243",2020,"2020-08-22",1,"1",-2.09668350219727,323608,1198952.30180684,380617.850984591
"4244",2021,"2021-07-05",1,"1",0.95840573310852,323609,1198962.18661941,380590.257846142
"4245",2020,"2020-08-22",1,"1",-0.00858298502862453,323610,1199888.93266329,380203.965194558
"4246",2020,"2020-08-22",1,"1",0.649879992008209,323611,1199966.41304254,380159.113316749
"4247",2020,"2020/08/22",0,"1",13.3175563812256,323612,1200460,380640
"4248",2020,"2020/08/22",0,"1",25.0367679595947,323613,1200960,380640
"4249",2020,"2020/08/22",0,"1",23.4583797454834,323614,1201460,380640
"4250",2020,"2020/08/22",0,"1",21.8242588043213,323615,1201960,380640
"4251",2020,"2020/08/22",0,"2",34.2374877929688,323616,1202460,380640
"4252",2020,"2020/08/22",0,"1",34.4092445373535,323617,1202960,380640
"4253",2020,"2020/08/22",0,"1",31.4898586273193,323618,1203460,380640
"4254",2020,"2020/08/22",0,"1",37.8115768432617,323619,1203960,380640
"4255",2020,"2020/08/22",0,"1",-0.57397335767746,324150,1186960,380140
"4256",2020,"2020/08/22",0,"2",24.0789928436279,324151,1187460,380140
"4257",2020,"2020/08/22",0,"2",30.8170433044434,324152,1187960,380140
"4258",2020,"2020/08/22",0,"2",25.1438617706299,324153,1188460,380140
"4259",2020,"2020/08/22",0,"2",29.0754852294922,324154,1188960,380140
"4260",2020,"2020/08/22",0,"2",28.5714073181152,324155,1189460,380140
"4261",2020,"2020/08/22",0,"2",31.0621528625488,324156,1189960,380140
"4262",2020,"2020/08/22",0,"2",35.3004913330078,324157,1190460,380140
"4263",2020,"2020/08/22",0,"1",24.9679374694824,324164,1193960,380140
"4264",2020,"2020/08/22",0,"1",22.1134281158447,324165,1194460,380140
"4265",2020,"2020-08-22",1,"1",15.1956157684326,324166,1195443.83999971,380045.766635662
"4266",2020,"2020/08/22",0,"1",13.1485815048218,324167,1195460,380140
"4267",2020,"2020/08/22",0,"1",8.46324253082275,324168,1195960,380140
"4268",2020,"2020-08-22",1,"1",3.84978151321411,324169,1196750.59562946,380003.235713309
"4269",2020,"2020/08/22",0,"1",9.09383964538574,324170,1196960,380140
"4270",2020,"2020/08/22",0,"1",15.1699323654175,324171,1197460,380140
"4271",2020,"2020/08/22",0,"1",17.0626316070557,324172,1197960,380140
"4272",2020,"2020/08/22",0,"1",13.0993556976318,324173,1198460,380140
"4273",2020,"2020-08-22",1,"1",13.0332183837891,324174,1199344.98766066,379800.55071741
"4274",2020,"2020-08-22",1,"1",4.92368030548096,324175,1199706.26920884,379654.770793547
"4275",2020,"2020-08-22",1,"1",-1.08125519752502,324176,1200078.68464282,380037.27315398
"4276",2020,"2020/08/22",0,"1",19.0965480804443,324177,1200460,380140
"4277",2020,"2020/08/22",0,"1",30.9572601318359,324178,1200960,380140
"4278",2020,"2020/08/22",0,"1",12.6040868759155,324179,1201460,380140
"4279",2020,"2020/08/22",0,"1",38.895393371582,324180,1201960,380140
"4280",2020,"2020/08/22",0,"2",10.2196683883667,324715,1186960,379640
"4281",2020,"2020/08/22",0,"2",31.169340133667,324716,1187460,379640
"4282",2020,"2020/08/22",0,"1",31.0075302124023,324717,1187960,379640
"4283",2020,"2020/08/22",0,"2",38.5729103088379,324719,1188960,379640
"4284",2020,"2020/08/22",0,"2",35.3218040466309,324720,1189460,379640
"4285",2020,"2020/08/22",0,"2",38.4750099182129,324721,1189960,379640
"4286",2020,"2020/08/22",0,"1",28.5051403045654,324732,1195460,379640
"4287",2020,"2020/08/22",0,"1",28.7709636688232,324733,1195960,379640
"4288",2020,"2020/08/22",0,"2",33.0952339172363,324734,1196460,379640
"4289",2020,"2020/08/22",0,"1",33.8741798400879,324735,1196960,379640
"4290",2020,"2020/08/22",0,"1",37.5113906860352,324736,1197460,379640
"4291",2020,"2020/08/22",0,"1",32.8358116149902,324737,1197960,379640
"4292",2020,"2020/08/22",0,"2",31.0112705230713,324738,1198460,379640
"4293",2020,"2020/08/22",0,"1",21.6155967712402,324739,1198960,379640
"4294",2020,"2020-08-22",1,"1",4.13577699661255,324740,1199730.74419284,379369.682123597
"4295",2020,"2020-08-22",1,"1",1.20501518249512,324741,1200082.66955265,379235.717771028
"4296",2020,"2020/08/22",0,"1",27.9537563323975,324742,1200460,379640
"4297",2020,"2020/08/22",0,"1",32.8861274719238,324743,1200960,379640
"4298",2020,"2020/08/22",0,"1",39.7739715576172,324744,1201460,379640
"4299",2021,"2021-07-05",1,"1",0.513365685939789,325278,1186390.68991226,378750.768144378
"4300",2020,"2020-08-22",1,"1",4.32841730117798,325279,1186545.54344042,378651.881673312
"4301",2020,"2020/08/22",0,"2",19.2456302642822,325280,1186960,379140
"4302",2020,"2020/08/22",0,"2",38.9777755737305,325281,1187460,379140
"4303",2020,"2020/08/22",0,"2",34.8899383544922,325284,1188960,379140
"4304",2020,"2020/08/22",0,"1",38.3255310058594,325285,1189460,379140
"4305",2020,"2020/08/22",0,"1",27.7760429382324,325305,1199460,379140
"4306",2020,"2020/08/22",0,"1",22.3640632629395,325306,1199960,379140
"4307",2020,"2020/08/22",0,"1",31.5972576141357,325307,1200460,379140
"4308",2020,"2020/08/22",0,"1",38.3297538757324,325308,1200960,379140
"4309",2021,"2021/08/23",0,"1",-6.00764799118042,325812,1170460,378640
"4310",2020,"2020-08-22",1,"1",5.1384482383728,325844,1186612.2423907,378534.237663437
"4311",2021,"2021-07-05",1,"1",2.43085384368896,325845,1186998.22140183,378349.704345474
"4312",2020,"2020/08/22",0,"2",30.5266895294189,325848,1188460,378640
"4313",2020,"2020/08/22",0,"2",32.1758003234863,325849,1188960,378640
"4314",2021,"2021/08/23",0,"2",-3.911945104599,326384,1173960,378140
"4315",2021,"2021-07-05",1,"1",-1.12548291683197,326407,1185468.77401915,377753.45516096
"4316",2021,"2021-07-05",1,"1",5.90289783477783,326408,1186264.35514688,377716.721006495
"4317",2021,"2021-07-05",1,"1",2.99448943138123,326409,1186603.20187981,377647.91400239
"4318",2020,"2020-08-22",1,"1",4.73602294921875,326410,1187064.66938178,377672.537592496
"4319",2020,"2020/08/22",0,"1",30.2815856933594,326411,1187460,378140
"4320",2020,"2020/08/22",0,"1",30.6163196563721,326413,1188460,378140
"4321",2021,"2021/08/23",0,"2",-3.00764799118042,326942,1170460,377640
"4322",2021,"2021/08/23",0,"1",0.886920511722565,326946,1172460,377640
"4323",2021,"2021/08/23",0,"1",-2.69188237190247,326947,1172960,377640
"4324",2021,"2021/08/23",0,"1",-1.23626840114594,326948,1173460,377640
"4325",2021,"2021/08/23",0,"1",-9.19011497497559,326949,1173960,377640
"4326",2021,"2021/08/23",0,"1",-0.192713648080826,326952,1175460,377640
"4327",2020,"2020/08/22",0,"2",-3.00764799118042,326970,1184460,377640
"4328",2021,"2021-07-05",1,"1",-0.0618662759661674,326971,1185049.06480956,377194.82042756
"4329",2020,"2020/08/22",0,"1",8.27230739593506,326972,1185460,377640
"4330",2020,"2020/08/22",0,"1",18.3152828216553,326973,1185960,377640
"4331",2021,"2021-07-05",1,"1",3.0782208442688,326974,1186876.2252825,377618.200978254
"4332",2021,"2021-07-05",1,"1",2.18604278564453,326975,1187044.09984462,377587.187190493
"4333",2021,"2021/08/23",0,"1",2.22617077827454,327510,1171960,377140
"4334",2021,"2021/08/23",0,"2",20.5029544830322,327511,1172460,377140
"4335",2021,"2021/08/23",0,"2",20.6033725738525,327512,1172960,377140
"4336",2021,"2021/08/23",0,"1",11.6512384414673,327513,1173460,377140
"4337",2021,"2021/08/23",0,"2",15.8746614456177,327514,1173960,377140
"4338",2021,"2021/08/23",0,"2",16.4440021514893,327515,1174460,377140
"4339",2021,"2021/08/23",0,"2",15.5158004760742,327516,1174960,377140
"4340",2021,"2021/08/23",0,"1",5.3543848991394,327517,1175460,377140
"4341",2021,"2021-07-05",1,"1",2.8179714679718,327534,1184387.36842994,376918.029185159
"4342",2021,"2021-07-05",1,"1",1.27762699127197,327535,1184563.63931258,377108.871115183
"4343",2020,"2020-08-22",1,"1",0.311376571655273,327536,1185252.74799234,376846.839428291
"4344",2020,"2020/08/22",0,"2",13.6635227203369,327537,1185460,377140
"4345",2020,"2020/08/22",0,"2",25.2813301086426,327538,1185960,377140
"4346",2020,"2020/08/22",0,"2",-1.28082323074341,328072,1170460,376640
"4347",2021,"2021/08/23",0,"2",-1.77621281147003,328073,1170960,376640
"4348",2021,"2021/08/23",0,"2",-6.40140581130981,328074,1171460,376640
"4349",2021,"2021/08/23",0,"1",3.78541350364685,328075,1171960,376640
"4350",2021,"2021/08/23",0,"2",32.8984565734863,328076,1172460,376640
"4351",2021,"2021/08/23",0,"2",21.429012298584,328077,1172960,376640
"4352",2021,"2021/08/23",0,"2",19.885721206665,328078,1173460,376640
"4353",2021,"2021/08/23",0,"2",17.8624839782715,328079,1173960,376640
"4354",2021,"2021/08/23",0,"2",14.8035898208618,328080,1174460,376640
"4355",2021,"2021/08/23",0,"2",14.9368991851807,328081,1174960,376640
"4356",2021,"2021/08/23",0,"1",5.89868497848511,328082,1175460,376640
"4357",2021,"2021-07-05",1,"1",4.49911832809448,328099,1184079.76692708,376248.257403668
"4358",2020,"2020/08/22",0,"2",7.7769603729248,328100,1184460,376640
"4359",2020,"2020/08/22",0,"2",12.6856088638306,328101,1184960,376640
"4360",2020,"2020/08/22",0,"2",15.6826934814453,328102,1185460,376640
"4361",2020,"2020/08/22",0,"2",4.40486526489258,328636,1169960,376140
"4362",2020,"2020/08/22",0,"2",1.82956385612488,328637,1170460,376140
"4363",2020,"2020/08/22",0,"2",6.39152431488037,328638,1170960,376140
"4364",2020,"2020/08/22",0,"1",4.18146753311157,328639,1171460,376140
"4365",2020,"2020/08/22",0,"2",27.1647453308105,328641,1172460,376140
"4366",2021,"2021/08/23",0,"2",20.0476150512695,328642,1172960,376140
"4367",2021,"2021/08/23",0,"2",17.3736000061035,328643,1173460,376140
"4368",2021,"2021/08/23",0,"2",16.9795722961426,328644,1173960,376140
"4369",2021,"2021/08/23",0,"2",15.7865228652954,328645,1174460,376140
"4370",2021,"2021/08/23",0,"2",14.9944496154785,328646,1174960,376140
"4371",2021,"2021/08/23",0,"1",1.45076012611389,328647,1175460,376140
"4372",2022,"2022-07-01",1,"1",4.33509540557861,328663,1183698.34982284,375970.582619387
"4373",2020,"2020/08/22",0,"1",5.77198314666748,328664,1183960,376140
"4374",2020,"2020/08/22",0,"2",14.9385089874268,328665,1184460,376140
"4375",2020,"2020/08/22",0,"2",16.2988662719727,328666,1184960,376140
"4376",2020,"2020/08/22",0,"2",32.1074676513672,328667,1185460,376140
"4377",2020,"2020-08-22",1,"1",-1.5865660905838,329191,1165353.84493451,375161.158678306
"4378",2021,"2021",1,"2",3.35494780540466,329193,1166031.36585743,375194.541321689
"4379",2020,"2020/08/22",0,"1",-0.121408306062222,329199,1168960,375640
"4380",2020,"2020/08/22",0,"2",0.792442202568054,329200,1169460,375640
"4381",2020,"2020/08/22",0,"2",8.7172908782959,329201,1169960,375640
"4382",2020,"2020/08/22",0,"1",16.0743618011475,329206,1172460,375640
"4383",2020,"2020/08/22",0,"2",19.2619075775146,329207,1172960,375640
"4384",2020,"2020/08/22",0,"2",16.5245819091797,329208,1173460,375640
"4385",2020,"2020/08/22",0,"2",15.8115339279175,329209,1173960,375640
"4386",2020,"2020/08/22",0,"2",14.9530925750732,329210,1174460,375640
"4387",2020,"2020/08/22",0,"2",14.3255996704102,329211,1174960,375640
"4388",2021,"2021/08/23",0,"2",-7.06672286987305,329214,1176460,375640
"4389",2020,"2020/08/22",0,"2",2.63144731521606,329228,1183460,375640
"4390",2020,"2020/08/22",0,"2",13.7253828048706,329229,1183960,375640
"4391",2020,"2020/08/22",0,"2",17.6633758544922,329230,1184460,375640
"4392",2020,"2020/08/22",0,"2",35.9631118774414,329231,1184960,375640
"4393",2020,"2020-08-22",1,"1",2.8113808631897,329755,1164619.57413414,374731.245982097
"4394",2020,"2020-08-22",1,"1",3.02842593193054,329756,1165296.84745355,375051.929644985
"4395",2020,"2020/08/22",0,"1",2.62886881828308,329757,1165460,375140
"4396",2020,"2020-08-22",1,"1",5.14566469192505,329758,1166456.47537634,374662.654924248
"4397",2020,"2020/08/22",0,"2",1.24887681007385,329764,1168960,375140
"4398",2021,"2021",1,"2",-0.00324288220144808,329765,1169863.21921499,374725.558668542
"4399",2020,"2020-08-22",1,"1",1.82137537002563,329766,1170049.72363159,374643.446650808
"4400",2020,"2020/08/22",0,"1",0.408171832561493,329772,1172960,375140
"4401",2020,"2020/08/22",0,"2",11.66579246521,329773,1173460,375140
"4402",2020,"2020/08/22",0,"1",8.74766254425049,329775,1174460,375140
"4403",2020,"2020/08/22",0,"2",12.6013288497925,329776,1174960,375140
"4404",2020,"2020/08/22",0,"2",10.9236249923706,329777,1175460,375140
"4405",2020,"2020/08/22",0,"2",14.9908380508423,329793,1183460,375140
"4406",2020,"2020/08/22",0,"2",14.7396268844604,329794,1183960,375140
"4407",2020,"2020/08/22",0,"2",30.9062213897705,329795,1184460,375140
"4408",2020,"2020-08-22",1,"1",9.94756889343262,330318,1163680.19893998,374332.732490262
"4409",2020,"2020-08-22",1,"1",1.45686435699463,330319,1164346.0396002,374573.099645313
"4410",2020,"2020-08-22",1,"1",4.16949367523193,330320,1164479.25972657,374601.361302729
"4411",2020,"2020/08/22",0,"2",15.5727109909058,330321,1164960,374640
"4412",2020,"2020/08/22",0,"2",11.3856868743896,330322,1165460,374640
"4413",2021,"2021",1,"2",7.31490898132324,330323,1166350.57109698,374535.517473941
"4414",2020,"2020-08-22",1,"1",-1.15220665931702,330324,1166778.17448763,374298.635656634
"4415",2020,"2020/08/22",0,"2",-2.4171450138092,330328,1168460,374640
"4416",2020,"2020/08/22",0,"2",1.84216237068176,330329,1168960,374640
"4417",2020,"2020/08/22",0,"1",-0.365582048892975,330330,1169460,374640
"4418",2020,"2020-08-22",1,"1",0.439720630645752,330331,1170266.89050173,374384.784099547
"4419",2020,"2020/08/22",0,"1",-3.00764799118042,330332,1170460,374640
"4420",2020,"2020/08/22",0,"2",4.42502593994141,330339,1173960,374640
"4421",2020,"2020/08/22",0,"1",2.60115313529968,330357,1182960,374640
"4422",2020,"2020/08/22",0,"1",13.4234552383423,330358,1183460,374640
"4423",2020,"2020/08/22",0,"1",17.0484809875488,330359,1183960,374640
"4424",2022,"2022/07/01",0,"1",23.6105976104736,330384,1196460,374640
"4425",2022,"2022/07/01",0,"1",35.030158996582,330385,1196960,374640
"4426",2022,"2022/07/01",0,"1",7.6117205619812,330882,1162960,374140
"4427",2020,"2020/08/22",0,"2",25.1051654815674,330883,1163460,374140
"4428",2020,"2020/08/22",0,"2",28.9548091888428,330884,1163960,374140
"4429",2020,"2020/08/22",0,"2",25.2177181243896,330885,1164460,374140
"4430",2020,"2020/08/22",0,"2",19.6609687805176,330886,1164960,374140
"4431",2020,"2020/08/22",0,"2",13.3145475387573,330887,1165460,374140
"4432",2020,"2020/08/22",0,"2",11.2392911911011,330888,1165960,374140
"4433",2020,"2020-08-22",1,"1",-0.0813009887933731,330889,1166882.67709337,374039.01596973
"4434",2020,"2020-08-22",1,"1",-2.123868227005,330890,1167444.64067267,373850.612311281
"4435",2020,"2020-08-22",1,"1",-1.40647780895233,330891,1167710.29760739,373672.708261156
"4436",2020,"2020-08-22",1,"2",-1.17858028411865,330893,1168852.87418582,373730.428477479
"4437",2020,"2020-08-22",1,"1",3.190514087677,330894,1169142.74057409,373717.070730102
"4438",2020,"2020-08-22",1,"1",0.846959114074707,330895,1169894.86842177,373705.75038147
"4439",2020,"2020-08-22",1,"1",1.78386235237122,330896,1170027.77044446,373902.172932638
"4440",2020,"2020/08/22",0,"1",-2.14362025260925,330897,1170460,374140
"4441",2020,"2020/08/22",0,"2",-1.63741314411163,330921,1182460,374140
"4442",2020,"2020/08/22",0,"2",12.7811040878296,330922,1182960,374140
"4443",2020,"2020/08/22",0,"2",12.4887828826904,330923,1183460,374140
"4444",2020,"2020/08/22",0,"2",27.2610397338867,330924,1183960,374140
"4445",2022,"2022/07/01",0,"1",19.612361907959,330947,1195460,374140
"4446",2022,"2022/07/01",0,"1",16.694206237793,330948,1195960,374140
"4447",2022,"2022/07/01",0,"1",21.6091442108154,330949,1196460,374140
"4448",2022,"2022/07/01",0,"1",31.2981548309326,330950,1196960,374140
"4449",2022,"2022/07/01",0,"1",27.6297454833984,331445,1161960,373640
"4450",2020,"2020/08/22",0,"2",39.2944717407227,331449,1163960,373640
"4451",2020,"2020/08/22",0,"2",35.4065170288086,331450,1164460,373640
"4452",2020,"2020/08/22",0,"2",31.2154178619385,331451,1164960,373640
"4453",2020,"2020/08/22",0,"2",27.4468002319336,331452,1165460,373640
"4454",2020,"2020/08/22",0,"2",21.8350715637207,331453,1165960,373640
"4455",2020,"2020/08/22",0,"1",8.87491416931152,331454,1166460,373640
"4456",2021,"2021",1,"1",0.845881044864655,331455,1167456.16960019,373588.227795322
"4457",2020,"2020-08-22",1,"1",3.33606624603271,331456,1167781.30124909,373425.712832081
"4458",2020,"2020-08-22",1,"1",6.71813774108887,331457,1168189.41192739,373298.706468009
"4459",2021,"2021",1,"1",2.57600569725037,331458,1168578.95213318,373558.199972957
"4460",2021,"2021",1,"1",2.85651230812073,331459,1169066.00594547,373625.501105893
"4461",2020,"2020-08-22",1,"1",1.6523529291153,331460,1169568.49548042,373159.6472415
"4462",2020,"2020-08-22",1,"1",-1.97955286502838,331486,1182724.34804286,373227.26133906
"4463",2020,"2020/08/22",0,"2",12.9161911010742,331487,1182960,373640
"4464",2020,"2020/08/22",0,"2",13.2623949050903,331488,1183460,373640
"4465",2022,"2022/07/01",0,"1",22.4408073425293,331512,1195460,373640
"4466",2022,"2022/07/01",0,"1",21.0416736602783,331513,1195960,373640
"4467",2022,"2022/07/01",0,"1",22.4653301239014,331514,1196460,373640
"4468",2022,"2022/07/01",0,"1",29.7297039031982,331515,1196960,373640
"4469",2020,"2020/08/22",0,"2",31.8861293792725,332018,1165960,373140
"4470",2020,"2020/08/22",0,"1",20.7899169921875,332019,1166460,373140
"4471",2020,"2020/08/22",0,"1",13.3615474700928,332020,1166960,373140
"4472",2020,"2020/08/22",0,"1",13.2982959747314,332021,1167460,373140
"4473",2020,"2020/08/22",0,"2",13.395751953125,332022,1167960,373140
"4474",2020,"2020/08/22",0,"2",9.49789047241211,332023,1168460,373140
"4475",2020,"2020-08-22",1,"1",7.73664569854736,332024,1169379.87692678,372721.513360105
"4476",2020,"2020-08-22",1,"1",6.09761333465576,332025,1169597.43306554,372802.300523868
"4477",2020,"2020/08/22",0,"1",1.65393388271332,332048,1180960,373140
"4478",2020,"2020-08-22",1,"1",2.99059176445007,332051,1182774.3080131,373012.919513176
"4479",2020,"2020/08/22",0,"2",11.5766000747681,332052,1182960,373140
"4480",2020,"2020-08-22",1,"1",1.13196170330048,332053,1183574.31101082,372927.714241416
"4481",2020,"2020/08/22",0,"1",32.5578498840332,332054,1183960,373140
"4482",2022,"2022/07/01",0,"1",23.0841751098633,332077,1195460,373140
"4483",2022,"2022/07/01",0,"1",21.6584644317627,332078,1195960,373140
"4484",2022,"2022/07/01",0,"1",22.2008934020996,332079,1196460,373140
"4485",2022,"2022/07/01",0,"1",39.7881088256836,332080,1196960,373140
"4486",2020,"2020/08/22",0,"1",27.5035209655762,332585,1166960,372640
"4487",2020,"2020/08/22",0,"1",23.6492576599121,332586,1167460,372640
"4488",2020,"2020/08/22",0,"1",22.0752410888672,332587,1167960,372640
"4489",2020,"2020/08/22",0,"1",18.7193584442139,332588,1168460,372640
"4490",2020,"2020/08/22",0,"2",13.0576524734497,332589,1168960,372640
"4491",2020,"2020-08-22",1,"1",1.2737785577774,332590,1169848.58464598,372459.937033345
"4492",2021,"2021",1,"1",3.76549887657166,332591,1169964.67325196,372364.493748856
"4493",2020,"2020/08/22",0,"2",-2.79470062255859,332609,1178960,372640
"4494",2020,"2020-08-22",1,"1",1.53254675865173,332614,1181704.47948052,372259.238217928
"4495",2020,"2020-08-22",1,"1",4.72643613815308,332615,1182307.36625284,372260.130751916
"4496",2020,"2020-08-22",1,"1",0.512454509735107,332616,1182659.95228917,372224.1677443
"4497",2020,"2020-08-22",1,"1",7.77216005325317,332617,1183212.13385194,372158.791123895
"4498",2021,"2021",1,"1",-2.95628356933594,332618,1183527.45527057,372595.214706872
"4499",2022,"2022/07/01",0,"1",29.1964550018311,332642,1195460,372640
"4500",2022,"2022/07/01",0,"1",30.64231300354,332643,1195960,372640
"4501",2022,"2022/07/01",0,"1",32.4381141662598,332644,1196460,372640
"4502",2020,"2020/08/22",0,"1",34.747200012207,333151,1167460,372140
"4503",2020,"2020/08/22",0,"1",31.4662303924561,333152,1167960,372140
"4504",2020,"2020/08/22",0,"1",32.971061706543,333154,1168960,372140
"4505",2020,"2020-08-22",1,"1",3.13198947906494,333155,1169796.08814452,371929.421916307
"4506",2020,"2020-08-22",1,"1",0.104112736880779,333156,1170295.09831685,371710.946999681
"4507",2020,"2020-08-22",1,"1",3.7954261302948,333157,1170727.74260553,371924.001029626
"4508",2020,"2020-08-22",1,"1",-3.31881833076477,333158,1171441.84870064,371721.176487753
"4509",2020,"2020-08-22",1,"1",-0.318649351596832,333159,1171759.78501124,371642.943087659
"4510",2020,"2020-08-22",1,"1",-0.755355834960938,333172,1178324.35090687,372010.858165699
"4511",2021,"2021",1,"1",-1.23109698295593,333173,1178908.01361407,371704.535847898
"4512",2020,"2020/08/22",0,"2",6.88792133331299,333174,1178960,372140
"4513",2020,"2020-08-22",1,"1",1.06204223632812,333179,1181855.96789912,371839.64479727
"4514",2020,"2020-08-22",1,"1",9.09131526947021,333180,1182196.92067957,371756.121308771
"4515",2020,"2020/08/22",0,"2",8.18740272521973,333181,1182460,372140
"4516",2020,"2020/08/22",0,"1",14.5866212844849,333182,1182960,372140
"4517",2022,"2022/07/01",0,"1",29.9703750610352,333207,1195460,372140
"4518",2022,"2022/07/01",0,"1",31.9587249755859,333208,1195960,372140
"4519",2020,"2020/08/22",0,"1",38.8270606994629,333717,1167960,371640
"4520",2020,"2020/08/22",0,"1",34.8651466369629,333718,1168460,371640
"4521",2020,"2020/08/22",0,"1",32.9219856262207,333719,1168960,371640
"4522",2020,"2020-08-22",1,"1",-2.0512478351593,333721,1170297.92114631,371224.906835542
"4523",2020,"2020-08-22",1,"1",24.120719909668,333723,1171310.69934992,371562.163378235
"4524",2020,"2020-08-22",1,"1",-0.0494356192648411,333724,1171949.89257237,371633.083824614
"4525",2020,"2020-08-22",1,"1",4.90916061401367,333725,1172115.89786394,371290.982796524
"4526",2021,"2021",1,"2",3.80833005905151,333733,1176011.82598998,371178.335303506
"4527",2020,"2020-08-22",1,"1",3.2983033657074,333734,1176779.74787536,371237.96821432
"4528",2020,"2020/08/22",0,"2",8.27771091461182,333735,1176960,371640
"4529",2020,"2020-08-22",1,"1",0.870618224143982,333736,1177705.47465215,371169.32469135
"4530",2020,"2020/08/22",0,"2",29.2831840515137,333737,1177960,371640
"4531",2021,"2021",1,"1",2.49886727333069,333738,1178838.60489363,371161.867592892
"4532",2020,"2020/08/22",0,"2",-3.00764799118042,333739,1178960,371640
"4533",2020,"2020-08-22",1,"2",11.2824630737305,333745,1182402.97549076,371485.166243681
"4534",2020,"2020-08-22",1,"1",5.07238435745239,333746,1182566.78712417,371162.421211144
"4535",2020,"2020/08/22",0,"1",25.9234390258789,333747,1182960,371640
"4536",2020,"2020-08-22",1,"1",10.1912889480591,334290,1172435.18760761,370976.984475061
"4537",2020,"2020-08-22",1,"1",-2.11570048332214,334291,1172771.44730968,370915.408697669
"4538",2020,"2020-08-22",1,"1",-2.99002909660339,334292,1172973.22805411,370740.934778729
"4539",2020,"2020-08-22",1,"1",2.83345913887024,334298,1175993.16030932,371029.856259295
"4540",2020,"2020/08/22",0,"1",15.5633487701416,334299,1176460,371140
"4541",2020,"2020-08-22",1,"1",4.49716234207153,334300,1177445.67696077,370891.653522088
"4542",2020,"2020-08-22",1,"1",2.62828707695007,334301,1177795.172785,370752.201505405
"4543",2020,"2020-08-22",1,"1",2.2528600692749,334302,1178314.21185709,370819.987529325
"4544",2022,"2022-07-01",1,"1",6.97827386856079,334303,1178474.45905052,370844.45522947
"4545",2020,"2020-08-22",1,"1",0.0922805890440941,334311,1182823.23520887,370653.783754643
"4546",2021,"2021",1,"1",5.93015670776367,334856,1172943.75974374,370172.870347992
"4547",2020,"2020-08-22",1,"1",-3.00764799118042,334857,1173303.46312186,370198.234494931
"4548",2021,"2021",1,"1",1.6261579990387,334862,1175741.03963994,370233.135408642
"4549",2021,"2021",1,"1",11.7544431686401,334863,1176175.70055,370519.538447862
"4550",2020,"2020/08/22",0,"1",17.3376140594482,334864,1176460,370640
"4551",2020,"2020/08/22",0,"1",23.8197803497314,334866,1177460,370640
"4552",2021,"2021",1,"1",4.02836894989014,334867,1178150.06302238,370261.677106859
"4553",2020,"2020/08/22",0,"1",5.89982748031616,334868,1178460,370640
"4554",2020,"2020-08-22",1,"1",4.70277214050293,334876,1182707.65250096,370141.050216734
"4555",2020,"2020/08/22",0,"1",5.07674026489258,334877,1182960,370640
"4556",2020,"2020-08-22",1,"1",-3.26413917541504,335422,1173399.68166928,370028.299977716
"4557",2020,"2020-08-22",1,"1",-1.59934854507446,335423,1173799.15134604,369799.617838828
"4558",2020,"2020-08-22",1,"1",-3.0179295539856,335424,1174289.48074041,369678.453738323
"4559",2020,"2020-08-22",1,"1",0.0650722682476044,335426,1175436.7948722,369685.583332869
"4560",2020,"2020-08-22",1,"1",-5.96844005584717,335427,1175517.79312736,369680.467157046
"4561",2020,"2020/08/22",0,"1",20.2802734375,335428,1175960,370140
"4562",2020,"2020-08-22",1,"1",1.79368460178375,335432,1178187.50045089,369747.483727847
"4563",2020,"2020-08-22",1,"2",-2.23537135124207,335439,1181877.01063487,369654.068052133
"4564",2021,"2021",1,"1",-0.958748459815979,335440,1182038.55661252,369734.72522943
"4565",2020,"2020-08-22",1,"1",1.0021151304245,335441,1182952.27708133,369853.376560842
"4566",2020,"2020-08-22",1,"1",-2.61616373062134,335442,1182969.05831457,369925.893915938
"4567",2020,"2020/08/22",0,"1",30.2193336486816,335444,1183960,370140
"4568",2021,"2021",1,"1",-0.833813011646271,335989,1174383.24689971,369453.694379735
"4569",2020,"2020-08-22",1,"1",-2.98896956443787,335990,1174718.85717815,369348.071177914
"4570",2020,"2020-08-22",1,"1",-6.0991644859314,335991,1175128.79248427,369614.433638447
"4571",2021,"2021",1,"1",19.3411846160889,335992,1175697.93379058,369560.107033352
"4572",2020,"2020-08-22",1,"1",-3.00764799118042,335997,1178086.73121261,369300.800585229
"4573",2020,"2020-08-22",1,"1",3.91635322570801,335998,1178954.21791449,369511.999183379
"4574",2020,"2020-08-22",1,"1",4.25093460083008,335999,1179253.54607078,369177.347804612
"4575",2021,"2021",1,"1",16.0833110809326,336001,1180384.94710996,369357.000499878
"4576",2020,"2020-08-22",1,"1",4.32136583328247,336002,1180814.24552989,369242.438091349
"4577",2020,"2020-08-22",1,"1",-2.777747631073,336003,1181443.5162552,369288.83202552
"4578",2020,"2020-08-22",1,"1",1.635826587677,336004,1181770.07376716,369141.204303107
"4579",2020,"2020-08-22",1,"1",0.94880199432373,336005,1182321.06760863,369147.266521172
"4580",2020,"2020-08-22",1,"1",3.60239362716675,336006,1182609.80198315,369246.657618191
"4581",2020,"2020/08/22",0,"1",-9.65556621551514,336007,1182960,369640
"4582",2020,"2020-08-22",1,"1",-4.01233768463135,336564,1179282.00505372,368834.157220678
"4583",2021,"2021",1,"1",5.73580360412598,336565,1179512.84996739,369076.12191389
"4584",2020,"2020/08/22",0,"2",28.1421318054199,336566,1179960,369140
"4585",2020,"2020-08-22",1,"1",8.42055702209473,336567,1180939.07642112,369083.917447582
"4586",2020,"2020-08-22",1,"1",6.58802461624146,336568,1180964.5456328,369113.082269212
"4587",2022,"2022-07-01",1,"1",2.40790605545044,336569,1181707.36244137,369134.371395588
"4588",2020,"2020-08-22",1,"1",11.6309633255005,336570,1182028.98022465,369124.780968753
"4589",2020,"2020/08/22",0,"1",2.45154094696045,336571,1182460,369140
"4590",2020,"2020/08/22",0,"1",33.9530906677246,337134,1181460,368640
"4591",2020,"2020/08/22",0,"1",38.9916954040527,337136,1182460,368640
"4592",2020,"2020-08-22",1,"1",4.82045602798462,337137,1183403.10494647,368211.831054633
"4593",2020,"2020-08-22",1,"1",-3.00764799118042,337138,1183548.80571939,368533.869290949
"4594",2022,"2022/07/01",0,"1",32.4127998352051,337182,1205460,368640
"4595",2020,"2020-08-22",1,"1",1.85713851451874,337701,1182954.37185941,368093.928212567
"4596",2020,"2020-08-22",1,"1",7.90808916091919,337702,1183410.00312742,367652.533784944
"4597",2020,"2020-08-22",1,"1",0.215727344155312,337703,1183661.86641709,367703.281214701
"4598",2020,"2020/08/22",0,"1",18.7436103820801,337704,1183960,368140
"4599",2022,"2022/07/01",0,"1",32.9389686584473,337746,1204960,368140
"4600",2020,"2020-08-22",1,"1",11.702112197876,338267,1183303.97576,367613.879096798
"4601",2020,"2020/08/22",0,"1",13.7581853866577,338268,1183460,367640
"4602",2020,"2020/08/22",0,"1",15.7960367202759,338269,1183960,367640
"4603",2022,"2022/07/01",0,"1",38.0283126831055,338310,1204460,367640
"4604",2020,"2020/08/22",0,"1",38.4567642211914,338834,1183960,367140
