"","kelp","substrate","depth","x","y","period","ammonium_spring_mean","ammonium_summer_minimum","currentSpeed_summer_mean","nitrate_summer_minimum","PAR_summer_mean","temperature_summer_mean","turbidity_summer_mean","salinity_summer_mean","slope_5x5","TPI_3x3","substrate_aligned","bathymetry_20","set","cell","Cluster","weight"
"1",1,1,0.952737390995026,1141636.42066,381141.153468,"2014_2019",1.15882217884064,0.851237595081329,0.136963754892349,5.8868556022644,106.596855163574,12.3134813308716,0.771155476570129,31.0213317871094,0.794953227043152,-0.00521081686019897,1,0.952737390995026,"train",1,2,1.71394230769229
"2",1,1,0.284022897481918,1216070.63931,422629.953425,"2014_2019",1.65618848800659,1.00306129455566,0.769965946674347,5.15569019317627,119.738800048828,13.838752746582,2.12687301635742,26.6715507507324,30.2221717834473,5.25945425033569,1,0.284022897481918,"train",2,1,1.32037037037036
"3",1,1,-3.5581214427948,1201639.154472,401801.724536,"2014_2019",1.79348182678223,1.56166768074036,0.753228664398193,9.18033695220947,120.17276763916,13.2622423171997,1.60114777088165,28.0975551605225,7.45364761352539,0.334668397903442,1,-3.5581214427948,"train",3,4,0.47852348993288
"4",1,1,1.95120680332184,1142413.634776,380728.344371,"2014_2019",1.25450932979584,1.02770018577576,0.161505967378616,7.28877019882202,107.397850036621,12.1231746673584,0.789292931556702,30.976619720459,1.1740231513977,0.00373196601867676,1,1.95120680332184,"train",4,2,1.71394230769229
"5",1,1,1.08583521842957,1157809.084656,376143.803191,"2014_2019",1.54840362071991,1.82757472991943,0.124759510159492,13.3834953308105,114.656265258789,11.8151082992554,0.854809522628784,30.7728424072266,1.22818899154663,0.00207853317260742,1,1.08583521842957,"train",5,2,1.71394230769229
"6",1,1,-2.61688232421875,1172397.015466,371033.609425,"2014_2019",1.54614555835724,1.89561688899994,0.366432279348373,14.3093824386597,117.153419494629,11.3131561279297,0.920357823371887,30.7129726409912,5.15594720840454,-0.93696391582489,1,-2.61688232421875,"train",7,4,0.47852348993288
"7",1,1,0.271052718162537,1057053.268911,557430.943353,"2014_2019",1.45386934280396,1.13866555690765,0.737585544586182,10.3841991424561,111.674507141113,11.3032655715942,0.702553927898407,28.9565963745117,2.85280609130859,0.0172144174575806,1,0.271052718162537,"train",9,2,1.71394230769229
"8",1,1,0.164325192570686,1142564.700772,380662.972579,"2014_2019",1.2676248550415,1.03340828418732,0.159593030810356,7.32397985458374,107.44881439209,12.132755279541,0.791589736938477,30.9652233123779,1.58782541751862,-0.066600501537323,1,0.164325192570686,"train",10,2,1.71394230769229
"9",1,1,-1.04028654098511,1200527.325942,405722.484276,"2014_2019",1.7730461359024,1.42302000522614,0.618112325668335,8.12287425994873,119.688148498535,13.8065738677979,1.60870671272278,27.6297340393066,9.44660949707031,0.287499189376831,1,-1.04028654098511,"train",12,4,0.47852348993288
"10",1,1,-5.17677545547485,1202021.750617,386564.750619,"2014_2019",1.73325502872467,1.58457744121552,0.527543485164642,9.06212139129639,120.058670043945,13.3170604705811,1.44011497497559,28.5612545013428,20.0062122344971,3.0233473777771,1,-5.17677545547485,"train",14,4,0.47852348993288
"11",1,1,-6.76024770736694,1214159.250097,421747.792475,"2014_2019",1.73314332962036,1.36853206157684,0.687636137008667,7.72680950164795,120.176116943359,12.7869577407837,1.83601772785187,27.9756050109863,8.67442893981934,-0.555009841918945,1,-6.76024770736694,"train",15,4,0.47852348993288
"12",1,1,5.83075714111328,1207387.270062,417303.677852,"2014_2019",1.6717985868454,1.16351687908173,0.752753615379333,6.07226991653442,119.855926513672,13.6762609481812,1.9925616979599,27.0710391998291,11.3596792221069,0.0655970573425293,1,5.83075714111328,"train",16,4,0.47852348993288
"13",1,1,11.7725496292114,1204122.546927,395886.066982,"2014_2019",1.76413834095001,1.66566121578217,0.871004700660706,10.0719327926636,120.20915222168,12.8466558456421,1.51303172111511,28.5321788787842,8.84708023071289,0.224334716796875,1,11.7725496292114,"train",17,4,0.47852348993288
"14",1,1,5.21056842803955,1195644.100315,431359.218492,"2014_2019",1.63196468353271,0.792034387588501,1.36475253105164,3.67635321617126,117.208801269531,14.6578998565674,2.26672387123108,25.6641044616699,20.9834175109863,0.502181529998779,1,5.21056842803955,"train",18,1,1.32037037037036
"15",1,1,1.17164897918701,1211531.076775,421012.889711,"2014_2019",1.69663870334625,1.19527399539948,0.602511703968048,6.33069944381714,118.794532775879,13.377758026123,1.923783659935,27.3774509429932,6.93524122238159,0.0265165567398071,1,1.17164897918701,"train",19,4,0.47852348993288
"16",1,1,12.4929094314575,1200480.656232,398988.310603,"2014_2019",1.79884576797485,1.67601931095123,0.359700500965118,9.9976692199707,119.812683105469,12.9619731903076,1.53073453903198,28.4843673706055,4.0835452079773,-0.213059425354004,1,12.4929094314575,"train",20,4,0.47852348993288
"17",1,1,13.954478263855,1202420.5529,396769.324678,"2014_2019",1.7812340259552,1.69222331047058,0.766688525676727,10.3689270019531,119.967704772949,12.8273630142212,1.51569807529449,28.5858097076416,6.97840309143066,-0.780819892883301,1,13.954478263855,"train",21,4,0.47852348993288
"18",1,1,5.53131437301636,1216668.635726,422674.063143,"2014_2019",1.68500435352325,1.05591857433319,0.883110761642456,5.39415836334229,119.86547088623,13.5106897354126,2.05340433120728,27.0418090820312,28.4791107177734,0.418631076812744,1,5.53131437301636,"train",22,1,1.32037037037036
"19",1,1,1.10026252269745,1157300.488211,376202.08381,"2014_2019",1.53943359851837,1.86825966835022,0.122943073511124,13.7237491607666,115.051109313965,11.6807775497437,0.858336925506592,30.7992420196533,1.20061755180359,0.00428354740142822,1,1.10026252269745,"train",26,2,1.71394230769229
"20",1,1,1.92950117588043,1201291.604903,397681.289207,"2014_2019",1.79452323913574,1.69993686676025,0.453915923833847,10.2526969909668,119.961334228516,12.9501914978027,1.50520026683807,28.5542678833008,6.02216672897339,0.00911045074462891,1,1.92950117588043,"train",29,4,0.47852348993288
"21",1,1,2.66466283798218,1196001.44044,380376.642823,"2014_2019",1.59954059123993,1.84999346733093,0.218703433871269,13.5845079421997,119.187446594238,11.8261404037476,1.09808480739594,30.2910499572754,1.65372860431671,0.00335550308227539,1,2.66466283798218,"train",30,4,0.47852348993288
"22",1,1,2.71216821670532,1055277.289869,561417.304724,"2014_2019",1.44848787784576,1.43004941940308,1.06020092964172,16.3371543884277,112.852272033691,10.9531888961792,0.707477927207947,29.308219909668,3.0794198513031,0.261894702911377,1,2.71216821670532,"train",31,2,1.71394230769229
"23",1,1,1.96768355369568,1202164.299981,384782.915286,"2014_2019",1.73282945156097,1.76611006259918,0.763044893741608,10.6862831115723,121.266410827637,12.4866333007812,1.41052496433258,29.1350135803223,7.62352466583252,-0.0967812538146973,1,1.96768355369568,"train",32,4,0.47852348993288
"24",1,1,1.620236992836,1055459.184111,561643.196819,"2014_2019",1.44676792621613,1.45063579082489,0.940260469913483,16.5131397247314,112.799301147461,10.9930763244629,0.698676347732544,29.3216171264648,1.17299544811249,-0.109610080718994,1,1.620236992836,"train",33,2,1.71394230769229
"25",1,1,0.0867578014731407,1174742.291385,369345.558129,"2014_2019",1.53518617153168,1.89086699485779,0.60059404373169,15.0476293563843,119.91227722168,11.0589017868042,0.946314752101898,30.7823677062988,16.3164978027344,-0.506417751312256,1,0.0867578014731407,"train",34,4,0.47852348993288
"26",1,1,2.12788701057434,1212458.932405,420932.368299,"2014_2019",1.70011007785797,1.20644450187683,0.926255404949188,6.38886547088623,119.08122253418,13.3131608963013,1.91223216056824,27.4483661651611,17.3223762512207,0.0179870128631592,1,2.12788701057434,"train",38,4,0.47852348993288
"27",1,1,8.84800148010254,1183888.292484,367500.44202,"2014_2019",1.55619168281555,1.85116803646088,1.19901990890503,14.9082355499268,121.034454345703,11.0711460113525,1.02699160575867,30.6034641265869,4.14579486846924,1.68233013153076,1,8.84800148010254,"train",40,4,0.47852348993288
"28",1,1,1.07904016971588,1196065.846113,430364.796746,"2014_2019",1.66189455986023,0.663110971450806,0.892920315265656,2.595454454422,118.028289794922,14.4200315475464,2.29874277114868,25.7960338592529,12.3521995544434,0.179534137248993,1,1.07904016971588,"train",42,4,0.47852348993288
"29",1,1,7.98154783248901,1175964.739548,370348.244743,"2014_2019",1.53301775455475,1.89479005336761,0.386221498250961,15.5415096282959,120.40503692627,11.0947065353394,0.942330360412598,30.8043823242188,2.1554491519928,-0.0259232521057129,1,7.98154783248901,"train",43,4,0.47852348993288
"30",1,1,-0.475298494100571,1055601.787597,552918.733862,"2014_2019",1.46931767463684,0.714162349700928,0.520865321159363,4.70960330963135,109.692390441895,13.2144298553467,0.536148488521576,27.7747116088867,2.12893867492676,-0.00515517592430115,1,-0.475298494100571,"train",44,2,1.71394230769229
"31",1,1,4.73691892623901,1199169.628198,408282.40014,"2014_2019",1.76301312446594,1.4068785905838,0.436913281679153,7.96056985855103,119.319496154785,13.6660470962524,1.64215397834778,27.6702556610107,7.57139015197754,-1.28737306594849,1,4.73691892623901,"train",47,4,0.47852348993288
"32",1,1,6.51720333099365,1199102.928272,407795.351157,"2014_2019",1.76451671123505,1.39931190013885,0.452271163463593,7.8771333694458,119.283149719238,13.7407560348511,1.63044273853302,27.6335525512695,3.17907762527466,-2.12132263183594,1,6.51720333099365,"train",48,4,0.47852348993288
"33",1,1,-0.941090762615204,1200455.866839,382035.278976,"2014_2019",1.62126398086548,1.7580041885376,0.383831679821014,12.400050163269,120.916877746582,11.9899492263794,1.24763607978821,29.8117160797119,7.09000444412231,0.119105041027069,1,-0.941090762615204,"train",49,4,0.47852348993288
"34",1,1,8.89355373382568,1201312.490342,381647.179866,"2014_2019",1.67462825775146,1.87263631820679,0.549784243106842,13.5110206604004,121.635299682617,11.5789031982422,1.24821603298187,29.970178604126,0.694345355033875,-0.743370056152344,1,8.89355373382568,"train",50,4,0.47852348993288
"35",1,1,10.0730257034302,1175415.024144,369638.686896,"2014_2019",1.52929627895355,1.8790374994278,0.493388652801514,15.3512763977051,120.356353759766,11.0036954879761,0.945395827293396,30.8151206970215,7.44715070724487,-0.0229988098144531,1,10.0730257034302,"train",52,4,0.47852348993288
"36",1,1,0.588168382644653,1197575.326989,432141.149532,"2014_2019",1.52109467983246,0.325418382883072,0.9957475066185,0.895531415939331,118.025939941406,16.0128555297852,2.88072681427002,23.6337585449219,12.3447828292847,0.327462673187256,1,0.588168382644653,"train",53,4,0.47852348993288
"37",1,1,-1.95258665084839,1164941.131955,375142.367981,"2014_2019",1.42946422100067,1.25290131568909,0.10875540971756,9.01080703735352,113.333526611328,12.3382940292358,0.800522565841675,30.6824703216553,3.76394939422607,-0.0162782669067383,1,-1.95258665084839,"train",54,2,1.71394230769229
"38",1,1,0.0309909489005804,1153231.482017,376276.860711,"2014_2019",1.49449980258942,1.91187274456024,0.354611426591873,14.2978429794312,113.783752441406,11.3011722564697,0.847427248954773,30.9167442321777,1.88986074924469,-0.0198059994727373,1,0.0309909489005804,"train",58,2,1.71394230769229
"39",1,1,-3.00764799118042,1173347.826364,370191.518067,"2014_2019",1.53711378574371,1.9037059545517,0.620429873466492,14.6403656005859,118.608619689941,11.1827421188354,0.932984352111816,30.7513427734375,5.28931856155396,1.72530555725098,1,-3.00764799118042,"train",59,4,0.47852348993288
"40",1,1,7.06915283203125,1199771.166704,379275.001846,"2014_2019",1.64326620101929,1.90611326694489,0.829390585422516,14.4875230789185,121.98365020752,11.3112134933472,1.16459882259369,30.2590198516846,9.24172592163086,-1.40775108337402,1,7.06915283203125,"train",60,4,0.47852348993288
"41",1,1,20.4120807647705,1181989.614428,368961.484689,"2014_2019",1.54668378829956,1.87823295593262,1.07191121578217,15.9973554611206,120.921005249023,10.8278942108154,1.010777592659,30.7790069580078,5.54930591583252,0.612953186035156,1,20.4120807647705,"train",61,4,0.47852348993288
"42",1,1,2.45154094696045,1182465.877198,369126.642432,"2014_2019",1.55513191223145,1.88500320911407,1.14118635654449,15.7244119644165,121.031150817871,10.8917388916016,1.02155160903931,30.7256317138672,4.46690893173218,0.168514251708984,1,2.45154094696045,"train",62,4,0.47852348993288
"43",1,1,-0.652364015579224,1208160.76797,418354.413049,"2014_2019",1.62894141674042,1.0032856464386,0.670366704463959,5.14166641235352,119.647361755371,14.2833261489868,2.13258957862854,26.3686504364014,10.5590038299561,-0.900885343551636,1,-0.652364015579224,"train",63,4,0.47852348993288
"44",1,1,6.046311378479,1200949.200155,397837.587126,"2014_2019",1.79762411117554,1.68948614597321,0.40699702501297,10.0826425552368,119.799324035645,13.0076503753662,1.50115966796875,28.529109954834,11.1354990005493,0.0284733772277832,1,6.046311378479,"train",64,4,0.47852348993288
"45",1,1,10.7880029678345,1210529.183452,420595.299018,"2014_2019",1.67955803871155,1.14929294586182,0.588530361652374,6.0776629447937,118.244895935059,13.6823463439941,1.9806866645813,27.0582160949707,27.6668796539307,0.184062957763672,1,10.7880029678345,"train",65,1,1.32037037037036
"46",1,1,15.8602380752563,1198947.474854,407917.820294,"2014_2019",1.76546609401703,1.39200901985168,0.463655978441238,7.81303358078003,119.257942199707,13.7674283981323,1.63195717334747,27.6082038879395,9.35231876373291,0.244629859924316,1,15.8602380752563,"train",66,4,0.47852348993288
"47",1,1,0.548794746398926,1152299.002809,377437.072487,"2014_2019",1.47089624404907,1.89946234226227,0.161988511681557,14.1819515228271,113.803260803223,11.3618469238281,0.841161906719208,30.9453029632568,1.39134240150452,-0.000737547874450684,1,0.548794746398926,"train",67,2,1.71394230769229
"48",1,1,0.881479978561401,1203725.67288,384762.181851,"2014_2019",1.71226835250854,1.74541032314301,0.63149893283844,10.6990404129028,121.760353088379,12.2249593734741,1.37369930744171,29.2659168243408,6.27797842025757,-0.37855052947998,1,0.881479978561401,"train",68,4,0.47852348993288
"49",1,1,1.85111594200134,1181404.041126,372723.188312,"2014_2019",1.43666398525238,1.50329899787903,0.137796938419342,10.7397222518921,117.931999206543,12.383189201355,1.00168526172638,30.3132915496826,2.28299021720886,-0.640000581741333,1,1.85111594200134,"train",71,2,1.71394230769229
"50",1,1,2.40389108657837,1201508.140404,405134.751327,"2014_2019",1.77128279209137,1.46640193462372,0.707599222660065,8.49887180328369,119.810974121094,13.6263952255249,1.60965037345886,27.7729797363281,1.19476354122162,-0.487049579620361,1,2.40389108657837,"train",72,4,0.47852348993288
"51",1,1,-1.16913664340973,1180149.418122,369452.963526,"2014_2019",1.53587007522583,1.88301658630371,0.391880303621292,16.271764755249,119.896835327148,10.8567667007446,0.968899548053741,30.8557281494141,6.09860706329346,-0.285849750041962,1,-1.16913664340973,"train",73,4,0.47852348993288
"52",1,1,0.925841271877289,1152568.259273,376989.119725,"2014_2019",1.47451269626617,1.9028012752533,0.23530238866806,14.2200260162354,113.881561279297,11.3484182357788,0.84181159734726,30.9435958862305,1.23589468002319,0.00873112678527832,1,0.925841271877289,"train",74,2,1.71394230769229
"53",1,1,0.331019282341003,1212933.817832,420879.273464,"2014_2019",1.70665884017944,1.21923303604126,0.931874811649323,6.45758581161499,119.496589660645,13.1674718856812,1.90277242660522,27.5671482086182,18.2347621917725,0.0265384912490845,1,0.331019282341003,"train",76,4,0.47852348993288
"54",1,1,18.2862396240234,1200932.356272,404524.982514,"2014_2019",1.7667750120163,1.41934549808502,0.676555871963501,8.07161235809326,119.824447631836,13.8146991729736,1.59839904308319,27.6442813873291,2.47180438041687,0.130516052246094,1,18.2862396240234,"train",77,4,0.47852348993288
"55",1,1,-0.911049485206604,1201415.919138,404260.084345,"2014_2019",1.76820504665375,1.436527967453,0.738175809383392,8.21331405639648,119.912971496582,13.7357025146484,1.59684765338898,27.7104682922363,7.91008234024048,-0.0875200629234314,1,-0.911049485206604,"train",78,4,0.47852348993288
"56",1,1,0.448503613471985,1202425.021633,386120.318955,"2014_2019",1.73706257343292,1.62096405029297,0.597920656204224,9.40077877044678,120.393783569336,13.1177711486816,1.44129478931427,28.6863422393799,10.9939737319946,0.0342703759670258,1,0.448503613471985,"train",79,4,0.47852348993288
"57",1,1,13.0019121170044,1198372.269666,431960.838733,"2014_2019",1.54039192199707,0.317182809114456,0.689798772335052,0.784617006778717,117.830535888672,15.9588184356689,2.86580872535706,23.7223777770996,13.505823135376,2.00950336456299,1,13.0019121170044,"train",80,4,0.47852348993288
"58",1,1,0.618802964687347,1195251.971441,380505.985907,"2014_2019",1.60200142860413,1.83526563644409,0.247599631547928,13.2915925979614,119.336067199707,11.9003324508667,1.09887504577637,30.2382011413574,5.15041351318359,0.200668722391129,1,0.618802964687347,"train",82,4,0.47852348993288
"59",1,1,1.0417891740799,1195851.538983,380420.461279,"2014_2019",1.59316790103912,1.8336695432663,0.179536163806915,13.3485012054443,119.094566345215,11.9342632293701,1.09981310367584,30.2720375061035,2.92748379707336,0.181993186473846,1,1.0417891740799,"train",83,4,0.47852348993288
"60",1,1,0.54165905714035,1183033.023115,372208.428743,"2014_2019",1.63557302951813,1.9190399646759,0.32046577334404,13.8379793167114,120.135749816895,11.7072343826294,1.05986249446869,30.3079109191895,10.5150918960571,-0.503354847431183,1,0.54165905714035,"train",84,4,0.47852348993288
"61",1,1,-2.49733352661133,1198361.321062,409172.404149,"2014_2019",1.76011288166046,1.34360873699188,0.577889740467072,7.38450956344604,119.275215148926,13.8659200668335,1.66391324996948,27.4630107879639,5.83330583572388,-0.0798265933990479,1,-2.49733352661133,"train",86,4,0.47852348993288
"62",1,1,5.97637128829956,1201247.590146,403941.46249,"2014_2019",1.76561439037323,1.42552018165588,0.665121078491211,8.11501026153564,119.866363525391,13.7479782104492,1.59286725521088,27.7083683013916,2.97303414344788,-1.42408418655396,1,5.97637128829956,"train",87,4,0.47852348993288
"63",1,1,9.46829414367676,1201607.883286,403783.127049,"2014_2019",1.76982951164246,1.44428718090057,0.741456925868988,8.26613426208496,119.837051391602,13.6903600692749,1.59419083595276,27.752326965332,2.45117616653442,-0.247746467590332,1,9.46829414367676,"train",88,4,0.47852348993288
"64",1,1,1.23599207401276,1206283.510231,416974.206665,"2014_2019",1.69723558425903,1.26278376579285,0.879584491252899,6.6972165107727,119.795715332031,13.3039741516113,1.87463021278381,27.5568656921387,11.1014623641968,-2.86479902267456,1,1.23599207401276,"train",89,4,0.47852348993288
"65",1,1,1.9630628824234,1193627.715949,381047.8415,"2014_2019",1.59994328022003,1.63348686695099,0.273605972528458,11.6461935043335,119.163833618164,12.1041717529297,1.06250369548798,30.1619491577148,3.90804600715637,-3.02947235107422,1,1.9630628824234,"train",90,4,0.47852348993288
"66",1,1,18.5534019470215,1202538.908606,385089.07868,"2014_2019",1.73091971874237,1.7533210515976,0.869828343391418,10.6347694396973,121.262817382812,12.444655418396,1.40377688407898,29.1573219299316,2.34708905220032,0.662443161010742,1,18.5534019470215,"train",91,4,0.47852348993288
"67",1,1,-3.00764799118042,1201808.855551,399242.789608,"2014_2019",1.7860209941864,1.6650196313858,0.635031044483185,10.1907730102539,120.021560668945,12.9096612930298,1.5502462387085,28.4495906829834,4.58171701431274,-1.61207985877991,1,-3.00764799118042,"train",92,4,0.47852348993288
"68",1,1,-0.833813011646271,1174385.244963,369449.906104,"2014_2019",1.53299009799957,1.89410138130188,0.787062764167786,14.9780397415161,119.773918151855,11.0653591156006,0.942246556282043,30.7869930267334,16.0643749237061,-0.844933271408081,1,-0.833813011646271,"train",94,4,0.47852348993288
"69",1,1,0.119121544063091,1159262.152774,375600.707843,"2014_2019",1.76531887054443,1.90978741645813,0.18871283531189,13.9995632171631,114.122245788574,11.6194372177124,0.863559603691101,30.5985088348389,1.54241502285004,-0.0050247460603714,1,0.119121544063091,"train",95,4,0.47852348993288
"70",1,1,1.57343995571136,1201579.088444,401044.412372,"2014_2019",1.80254888534546,1.61790907382965,0.647220611572266,9.71142482757568,119.911148071289,13.0958108901978,1.58267569541931,28.2627010345459,7.60965204238892,0.0205268859863281,1,1.57343995571136,"train",99,4,0.47852348993288
"71",1,1,0.86314582824707,1208995.152383,481604.048742,"2014_2019",2.03152441978455,1.35489916801453,0.11293488740921,2.47994613647461,114.580238342285,17.4538593292236,2.32862591743469,9.68812370300293,6.47199106216431,-0.779200792312622,1,0.86314582824707,"train",100,5,1.75615763546796
"72",1,1,-2.30349683761597,1182783.884719,370665.430455,"2014_2019",1.63621389865875,1.93574559688568,0.454207897186279,14.2200050354004,120.073204040527,11.5409994125366,1.06321012973785,30.3681793212891,6.25829839706421,0.906163215637207,1,-2.30349683761597,"train",102,4,0.47852348993288
"73",1,1,4.39919471740723,1172929.011856,370177.235296,"2014_2019",1.54513907432556,1.90823101997375,0.627549827098846,14.4795436859131,118.186889648438,11.2444448471069,0.933487415313721,30.7204055786133,7.70492744445801,-3.53636312484741,1,4.39919471740723,"train",103,4,0.47852348993288
"74",1,1,-0.690614521503448,1201942.311105,382179.23872,"2014_2019",1.68976259231567,1.87710475921631,0.538922607898712,13.2386770248413,122.238578796387,11.5747413635254,1.2697457075119,29.8984222412109,9.90650081634521,-0.199727088212967,1,-0.690614521503448,"train",104,4,0.47852348993288
"75",1,1,-2.97530293464661,1175691.595138,370153.357022,"2014_2019",1.52908229827881,1.8831022977829,0.433191180229187,15.5516653060913,120.421646118164,11.0570211410522,0.941814482212067,30.8212947845459,8.3768367767334,0.0269598960876465,1,-2.97530293464661,"train",105,4,0.47852348993288
"76",1,1,-1.2338365316391,1208456.264267,481139.271692,"2014_2019",1.91324770450592,1.15918946266174,0.109758697450161,2.16421675682068,114.709266662598,17.6786842346191,2.46925282478333,9.95045375823975,5.11000442504883,-0.0169862508773804,1,-1.2338365316391,"train",107,5,1.75615763546796
"77",1,1,8.16279315948486,1200873.463548,405509.863158,"2014_2019",1.77217078208923,1.43432128429413,0.654619336128235,8.22225856781006,119.74772644043,13.7603788375854,1.60801148414612,27.6670780181885,6.87066173553467,-0.504632949829102,1,8.16279315948486,"train",109,4,0.47852348993288
"78",1,1,-1.87316501140594,1182897.135763,369784.938914,"2014_2019",1.58495759963989,1.9022650718689,0.72795957326889,15.236198425293,120.806182861328,11.043420791626,1.0440616607666,30.6162052154541,2.3202121257782,0.00724732875823975,1,-1.87316501140594,"train",110,4,0.47852348993288
"79",1,1,-1.73956525325775,1055459.93851,553487.579005,"2014_2019",1.46980917453766,0.785919368267059,0.60488748550415,5.44745874404907,109.65291595459,13.0418062210083,0.553440690040588,27.8856067657471,1.67932236194611,-0.0672010183334351,1,-1.73956525325775,"train",112,2,1.71394230769229
"80",1,1,4.45277404785156,1201198.305618,398966.937306,"2014_2019",1.79261600971222,1.69786238670349,0.289950102567673,10.4438695907593,120.402214050293,12.7786617279053,1.54303598403931,28.5687122344971,4.09673500061035,0.1053466796875,1,4.45277404785156,"train",114,4,0.47852348993288
"81",1,1,-0.239585340023041,1049988.147489,562750.319487,"2014_2019",1.44882965087891,1.50013661384583,0.483834832906723,17.3513202667236,111.872291564941,10.9898834228516,0.67542290687561,29.3730449676514,2.43239378929138,0.0181282460689545,1,-0.239585340023041,"train",115,2,1.71394230769229
"82",1,1,-4.13956165313721,1201873.388805,399016.968982,"2014_2019",1.78413009643555,1.65464782714844,0.720267117023468,10.0917558670044,120.142723083496,12.961422920227,1.55226314067841,28.4168090820312,6.90797519683838,-0.24713134765625,1,-4.13956165313721,"train",116,4,0.47852348993288
"83",1,1,-0.975540339946747,1202275.868798,398680.282827,"2014_2019",1.78256487846375,1.64836180210114,0.846554398536682,10.0057554244995,120.149169921875,12.9217615127563,1.54778397083282,28.4379920959473,5.30619335174561,0.00444608926773071,1,-0.975540339946747,"train",117,4,0.47852348993288
"84",1,1,0.234371021389961,1145461.697218,380229.56358,"2014_2019",1.33395218849182,1.31603682041168,0.0889697223901749,9.22407913208008,108.524314880371,12.000415802002,0.803744852542877,30.936695098877,1.31068074703217,-0.00716975331306458,1,0.234371021389961,"train",118,2,1.71394230769229
"85",1,1,3.59585189819336,1214455.544808,422418.207173,"2014_2019",1.72042310237885,1.32108747959137,0.575171053409576,7.406982421875,120.198196411133,12.9327945709229,1.87660253047943,27.7928085327148,22.5444927215576,0.256556987762451,1,3.59585189819336,"train",119,1,1.32037037037036
"86",1,1,-1.57005774974823,1201692.949216,398584.450339,"2014_2019",1.78819465637207,1.69104719161987,0.737716495990753,10.4263849258423,120.680114746094,12.8659601211548,1.54792952537537,28.514612197876,7.35926818847656,0.0506957769393921,1,-1.57005774974823,"train",122,4,0.47852348993288
"87",1,1,1.58681344985962,1202172.894629,398151.186833,"2014_2019",1.78516626358032,1.68971955776215,0.885612070560455,10.3743782043457,120.286567687988,12.7847242355347,1.53671002388,28.5675296783447,4.23212575912476,0.022037148475647,1,1.58681344985962,"train",123,4,0.47852348993288
"88",1,1,6.55776929855347,1202912.914369,398280.089364,"2014_2019",1.77658033370972,1.62769246101379,0.905867993831635,9.77315902709961,120.187797546387,12.9382514953613,1.54015254974365,28.4227237701416,4.33536958694458,0.164838790893555,1,6.55776929855347,"train",124,4,0.47852348993288
"89",1,1,8.85406589508057,1201464.257845,380264.056707,"2014_2019",1.66888010501862,1.8977175951004,0.529725909233093,14.031551361084,121.643295288086,11.4862833023071,1.22488451004028,30.0545520782471,2.68609857559204,-0.201454162597656,1,8.85406589508057,"train",127,4,0.47852348993288
"90",1,1,2.79832029342651,1204710.379807,385174.393309,"2014_2019",1.73400557041168,1.70634543895721,0.687038123607635,10.209545135498,121.160209655762,12.8084554672241,1.43712317943573,28.7846412658691,4.57410430908203,-1.62447166442871,1,2.79832029342651,"train",129,4,0.47852348993288
"91",1,1,-0.878504931926727,1204707.629436,384650.039053,"2014_2019",1.72680592536926,1.74681520462036,0.666105806827545,10.7524690628052,121.54874420166,12.543327331543,1.42116260528564,28.9801979064941,1.45688426494598,0.00421804189682007,1,-0.878504931926727,"train",131,4,0.47852348993288
"92",1,1,3.62277913093567,1183049.715482,369768.723896,"2014_2019",1.59657299518585,1.91431844234467,0.748063683509827,14.9917688369751,120.724479675293,11.1427116394043,1.05222487449646,30.5547714233398,9.9728536605835,-0.507146120071411,1,3.62277913093567,"train",132,4,0.47852348993288
"93",1,1,1.34599876403809,1207729.4608,417911.186875,"2014_2019",1.65180170536041,1.0833957195282,0.690181791782379,5.64220809936523,119.73217010498,14.0130300521851,2.07762837409973,26.6771087646484,4.96186447143555,-0.162546753883362,1,1.34599876403809,"train",133,4,0.47852348993288
"94",1,1,-2.0188455581665,1199718.058575,414611.066369,"2014_2019",1.71577823162079,1.21907949447632,0.598366558551788,6.47417497634888,119.122261047363,14.2422132492065,1.77770614624023,26.9701843261719,12.0120544433594,1.18254566192627,1,-2.0188455581665,"train",134,4,0.47852348993288
"95",1,1,4.72859001159668,1202979.550599,397089.984491,"2014_2019",1.76922798156738,1.66043138504028,0.934026479721069,10.0662221908569,120.158653259277,12.846549987793,1.5245167016983,28.5312480926514,2.04637908935547,-0.340029716491699,1,4.72859001159668,"train",135,4,0.47852348993288
"96",1,1,0.735934734344482,1213361.052064,420855.620752,"2014_2019",1.71386766433716,1.23770928382874,0.898668169975281,6.58089876174927,119.973663330078,12.9710216522217,1.88108646869659,27.7364349365234,27.1395130157471,-0.0381562113761902,1,0.735934734344482,"train",137,1,1.32037037037036
"97",1,1,-1.02601325511932,1213941.921072,420845.914762,"2014_2019",1.71808230876923,1.26022112369537,0.707579970359802,6.78255462646484,120.135673522949,12.921763420105,1.87907898426056,27.7854042053223,15.626461982727,1.48799431324005,1,-1.02601325511932,"train",138,4,0.47852348993288
"98",1,1,-1.07821500301361,1201520.880999,404223.535488,"2014_2019",1.7693213224411,1.44256818294525,0.746780455112457,8.26740837097168,119.889518737793,13.7156391143799,1.59690928459167,27.7265071868896,9.50134086608887,0.976838946342468,1,-1.07821500301361,"train",139,4,0.47852348993288
"99",1,1,-0.248935654759407,1197151.442791,401691.750585,"2014_2019",1.82904493808746,1.53832459449768,0.634433209896088,8.67879009246826,119.838401794434,13.4437093734741,1.56483125686646,28.0731639862061,4.37593460083008,-0.0992511659860611,1,-0.248935654759407,"train",141,4,0.47852348993288
"100",1,1,-1.31930708885193,1200290.467467,400264.589165,"2014_2019",1.81734013557434,1.66394150257111,0.564154863357544,9.86473846435547,120.29557800293,13.1135110855103,1.55676591396332,28.3616371154785,0.837765872478485,-0.213431239128113,1,-1.31930708885193,"train",143,4,0.47852348993288
"101",1,1,0.743741750717163,1196766.872161,380155.975111,"2014_2019",1.61063766479492,1.87606430053711,0.261909663677216,13.9283361434937,119.559066772461,11.6648035049438,1.09998857975006,30.3145885467529,3.04183506965637,-0.015320897102356,1,0.743741750717163,"train",144,4,0.47852348993288
"102",1,1,-0.302547603845596,1149409.546942,377549.094045,"2014_2019",1.37907648086548,1.50093579292297,0.204854816198349,11.1278810501099,111.796173095703,11.5270843505859,0.824079513549805,30.9975490570068,1.89459431171417,0.0758597552776337,1,-0.302547603845596,"train",146,2,1.71394230769229
"103",1,1,4.31398153305054,1205903.764982,416928.39002,"2014_2019",1.7026195526123,1.28337466716766,0.977889120578766,6.85094213485718,119.729545593262,13.2416696548462,1.85437071323395,27.6381397247314,8.2473669052124,0.0114245414733887,1,4.31398153305054,"train",147,4,0.47852348993288
"104",1,1,3.53249263763428,1157970.752049,375959.097647,"2014_2019",1.56645548343658,1.84541320800781,0.172342732548714,13.490553855896,114.578872680664,11.7596054077148,0.857371151447296,30.7566566467285,1.26706612110138,0.00834226608276367,1,3.53249263763428,"train",149,2,1.71394230769229
"105",1,1,-1.11631774902344,1201794.634808,401222.714654,"2014_2019",1.79901027679443,1.58808195590973,0.694959461688995,9.41570663452148,119.942817687988,13.1640453338623,1.59163928031921,28.1894550323486,5.35188341140747,-0.069244384765625,1,-1.11631774902344,"train",150,4,0.47852348993288
"106",1,1,5.60665416717529,1186992.093133,377608.388056,"2014_2019",1.64092767238617,1.89280486106873,0.390215396881104,13.6752405166626,121.311637878418,11.7749834060669,1.0838965177536,30.2216472625732,8.36923217773438,2.06651329994202,1,5.60665416717529,"train",151,4,0.47852348993288
"107",1,1,0.199747309088707,1217300.793638,423452.283166,"2014_2019",1.53223645687103,0.436857551336288,1.30060887336731,1.52631950378418,119.170928955078,15.4487438201904,2.61879110336304,24.626049041748,4.66965770721436,-1.10201513767242,1,0.199747309088707,"train",152,4,0.47852348993288
"108",1,1,9.79242992401123,1157532.591115,375340.543864,"2014_2019",1.57455611228943,1.9264303445816,0.310837030410767,14.331413269043,115.603439331055,11.4223699569702,0.861946105957031,30.7827568054199,1.37601709365845,-0.00306797027587891,1,9.79242992401123,"train",154,2,1.71394230769229
"109",1,1,0.252701461315155,1159780.258757,375322.657344,"2014_2019",1.75313055515289,1.9172477722168,0.179188132286072,14.1039028167725,113.982162475586,11.5879898071289,0.864462316036224,30.6117706298828,1.31592178344727,-0.0565437376499176,1,0.252701461315155,"train",155,2,1.71394230769229
"110",1,1,-3.00764799118042,1172939.188561,370757.700867,"2014_2019",1.54152059555054,1.90135359764099,0.522769212722778,14.4716625213623,117.596435546875,11.2615613937378,0.92575216293335,30.7301998138428,10.2624769210815,-0.49958610534668,1,-3.00764799118042,"train",156,4,0.47852348993288
"111",1,1,-2.01256418228149,1173022.672003,370680.929836,"2014_2019",1.54097807407379,1.90176439285278,0.502886950969696,14.5014038085938,117.799606323242,11.2454280853271,0.927479207515717,30.7339744567871,12.141842842102,0.353669166564941,1,-2.01256418228149,"train",157,4,0.47852348993288
"112",1,1,1.97314834594727,1200112.523321,379852.405012,"2014_2019",1.64306616783142,1.9027293920517,0.460512816905975,14.624080657959,122.121704101562,11.2905654907227,1.16951704025269,30.2741012573242,4.88323259353638,-0.120455026626587,1,1.97314834594727,"train",158,4,0.47852348993288
"113",1,1,0.420730262994766,1148084.093561,379146.847665,"2014_2019",1.18791222572327,0.915733516216278,0.11470951884985,6.3104248046875,107.862884521484,12.2940692901611,0.790769815444946,30.9846248626709,2.57002234458923,0.0167840123176575,1,0.420730262994766,"train",159,2,1.71394230769229
"114",1,1,1.41452324390411,1200243.034075,405888.80122,"2014_2019",1.7752937078476,1.4138491153717,0.607829749584198,8.03656387329102,119.645362854004,13.8444833755493,1.6092928647995,27.5992069244385,15.8737077713013,-0.0117151737213135,1,1.41452324390411,"train",162,4,0.47852348993288
"115",1,1,4.74601602554321,1203869.922085,382558.16348,"2014_2019",1.67355132102966,1.83762943744659,0.333185106515884,12.7080163955688,122.244911193848,11.693546295166,1.27486550807953,29.7956428527832,5.50463676452637,-0.58750581741333,1,4.74601602554321,"train",163,4,0.47852348993288
"116",1,1,-0.569631934165955,1205159.766835,382490.86218,"2014_2019",1.68547976016998,1.82530856132507,0.584139227867126,12.507209777832,122.082534790039,11.7846784591675,1.30833280086517,29.6734523773193,3.25328731536865,-0.0878850221633911,1,-0.569631934165955,"train",164,4,0.47852348993288
"117",1,1,4.43298387527466,1205601.433134,382459.57597,"2014_2019",1.69822072982788,1.83197093009949,0.886501610279083,12.4223833084106,121.95206451416,11.7812547683716,1.32755661010742,29.6181392669678,9.04140281677246,-0.0643558502197266,1,4.43298387527466,"train",165,4,0.47852348993288
"118",1,1,-2.48238015174866,1173415.477229,370003.951677,"2014_2019",1.53827476501465,1.90574717521667,0.761140644550323,14.6447696685791,118.813064575195,11.1804723739624,0.935148179531097,30.7472476959229,5.25314331054688,-0.130967617034912,1,-2.48238015174866,"train",166,4,0.47852348993288
"119",1,1,0.0266307406127453,1148943.871436,378704.559236,"2014_2019",1.21723759174347,1.02909219264984,0.10066856443882,7.2713770866394,109.418746948242,12.176308631897,0.796640634536743,30.9967403411865,3.73350405693054,0.306045949459076,1,0.0266307406127453,"train",168,2,1.71394230769229
"120",1,1,4.28039646148682,1211013.265909,420575.805912,"2014_2019",1.69178700447083,1.18619728088379,0.634551405906677,6.29567050933838,118.599067687988,13.4698190689087,1.9461590051651,27.2744884490967,25.5116653442383,1.41950464248657,1,4.28039646148682,"train",169,1,1.32037037037036
"121",1,1,11.8840618133545,1201359.486392,405219.746052,"2014_2019",1.77100002765656,1.45696723461151,0.693510949611664,8.42226123809814,119.775062561035,13.6644325256348,1.60905587673187,27.7430725097656,4.5121431350708,0.00909709930419922,1,11.8840618133545,"train",170,4,0.47852348993288
"122",1,1,4.80923843383789,1201533.21062,405144.598989,"2014_2019",1.77126967906952,1.46785056591034,0.708094120025635,8.51161289215088,119.814727783203,13.6191349029541,1.60996925830841,27.7781372070312,8.53684234619141,-0.610291957855225,1,4.80923843383789,"train",171,4,0.47852348993288
"123",1,1,1.44253575801849,1159158.527999,375646.173565,"2014_2019",1.76183986663818,1.90632247924805,0.19296145439148,13.962721824646,114.153793334961,11.6332874298096,0.863386929035187,30.5994663238525,1.76603925228119,0.00214886665344238,1,1.44253575801849,"train",172,4,0.47852348993288
"124",1,1,8.23140716552734,1201054.482044,399147.588999,"2014_2019",1.7939715385437,1.69426715373993,0.320024400949478,10.346625328064,120.207786560059,12.810923576355,1.53764390945435,28.5555667877197,3.5288507938385,-0.0235176086425781,1,8.23140716552734,"train",173,4,0.47852348993288
"125",1,1,8.48684597015381,1203071.566977,397141.659004,"2014_2019",1.76830863952637,1.65118968486786,0.937432646751404,9.97415256500244,120.175109863281,12.8795986175537,1.52749562263489,28.4989757537842,1.62000393867493,-0.421005249023438,1,8.48684597015381,"train",174,4,0.47852348993288
"126",1,1,7.0220537185669,1176429.826592,371233.528835,"2014_2019",1.52262485027313,1.89179265499115,0.232188075780869,15.149302482605,119.428466796875,11.3650693893433,0.917365491390228,30.771541595459,7.07500219345093,0.0258283615112305,1,7.0220537185669,"train",175,4,0.47852348993288
"127",1,1,4.25960683822632,1199030.485649,409808.938814,"2014_2019",1.7524276971817,1.36838471889496,0.611192941665649,7.58785247802734,119.340209960938,13.7361831665039,1.69677150249481,27.5209808349609,10.8843975067139,-0.370884895324707,1,4.25960683822632,"train",177,4,0.47852348993288
"128",1,1,0.986581742763519,1055520.570601,553216.570803,"2014_2019",1.46783757209778,0.763497173786163,0.574145495891571,5.24885892868042,109.651977539062,13.1019315719604,0.547336161136627,27.8519344329834,2.10914349555969,0.0073654055595398,1,0.986581742763519,"train",178,2,1.71394230769229
"129",1,1,0.345554709434509,1167554.590887,373725.351599,"2014_2019",1.6245082616806,1.40614771842957,0.170594871044159,10.0700778961182,117.092529296875,12.0145769119263,0.836795926094055,30.4520168304443,1.60111248493195,0.117218509316444,1,0.345554709434509,"train",179,4,0.47852348993288
"130",1,1,0.110862962901592,1167996.313886,373659.528949,"2014_2019",1.6568797826767,1.14533197879791,0.176784381270409,7.78878688812256,116.635581970215,12.4405126571655,0.799534022808075,30.2550868988037,1.97670328617096,0.0251421332359314,1,0.110862962901592,"train",180,4,0.47852348993288
"131",1,1,11.2774000167847,1203779.35733,396388.358484,"2014_2019",1.76930844783783,1.65753757953644,0.91970944404602,10.0007734298706,120.301200866699,12.8778400421143,1.52405858039856,28.4981021881104,6.6883397102356,-0.532096862792969,1,11.2774000167847,"train",181,4,0.47852348993288
"132",1,1,0.0396166332066059,1213401.273927,422415.92816,"2014_2019",1.64049458503723,1.09589266777039,0.317385584115982,6.06263732910156,119.645309448242,13.8245544433594,2.08658790588379,26.7310218811035,19.605842590332,0.0315258204936981,1,0.0396166332066059,"train",183,1,1.32037037037036
"133",1,1,-2.04011034965515,1181138.641232,369042.196622,"2014_2019",1.55392241477966,1.89975380897522,0.567903578281403,15.8356857299805,120.56258392334,10.9197397232056,1.01279473304749,30.7367820739746,9.87337684631348,-0.362581014633179,1,-2.04011034965515,"train",184,4,0.47852348993288
"134",1,1,-2.41351342201233,1204508.841253,383684.789209,"2014_2019",1.69606304168701,1.77031171321869,0.40604442358017,11.4489917755127,122.031509399414,12.2596769332886,1.36109447479248,29.3152332305908,2.55292844772339,0.0541958808898926,1,-2.41351342201233,"train",185,4,0.47852348993288
"135",1,1,3.55441617965698,1186452.891737,377668.024814,"2014_2019",1.63062262535095,1.89001047611237,0.388266205787659,13.5975513458252,121.149810791016,11.8277530670166,1.07323145866394,30.2427883148193,15.0487222671509,0.158233880996704,1,3.55441617965698,"train",186,4,0.47852348993288
"136",1,1,2.71073579788208,1205531.059349,383720.780213,"2014_2019",1.73288929462433,1.76632595062256,0.78691565990448,11.0311470031738,121.44849395752,12.4565343856812,1.42296588420868,29.0329113006592,2.93838930130005,0.0619821548461914,1,2.71073579788208,"train",187,4,0.47852348993288
"137",1,1,9.02401351928711,1167241.992179,373264.949146,"2014_2019",1.60047388076782,1.57641386985779,0.30146536231041,11.558084487915,117.332160949707,11.7863492965698,0.860491275787354,30.5629272460938,1.10666835308075,-0.308136940002441,1,9.02401351928711,"train",189,4,0.47852348993288
"138",1,1,2.57446646690369,1182997.17714,368041.46455,"2014_2019",1.57907390594482,1.92220151424408,1.27558088302612,15.0370788574219,120.832038879395,11.1337776184082,1.03864192962646,30.5636310577393,9.89100074768066,-1.0063328742981,1,2.57446646690369,"train",190,4,0.47852348993288
"139",1,1,1.34347879886627,1141782.439432,381025.162408,"2014_2019",1.17004382610321,0.860479414463043,0.149914786219597,5.97063541412354,106.67504119873,12.2973470687866,0.773671865463257,31.0136985778809,0.866929292678833,-0.00799429416656494,1,1.34347879886627,"train",191,2,1.71394230769229
"140",1,1,3.31626868247986,1215545.749279,423209.877953,"2014_2019",1.45414805412292,0.378209888935089,0.648107826709747,1.39321947097778,118.74235534668,16.3191242218018,2.75120878219604,23.7364711761475,12.2112474441528,-0.0112154483795166,1,3.31626868247986,"train",193,4,0.47852348993288
"141",1,1,3.61005163192749,1196954.69987,430968.309193,"2014_2019",1.63227880001068,0.518347918987274,0.696597576141357,1.77281260490417,117.786483764648,14.7020454406738,2.43659615516663,25.3441123962402,25.4005432128906,2.56836795806885,1,3.61005163192749,"train",194,1,1.32037037037036
"142",1,1,-2.06950044631958,1207425.122992,418055.732513,"2014_2019",1.64884746074677,1.07265138626099,0.677976727485657,5.55812883377075,119.723159790039,14.0481042861938,2.07837533950806,26.6473369598389,19.6698875427246,2.4378547668457,1,-2.06950044631958,"train",195,1,1.32037037037036
"143",1,1,11.6778697967529,1199812.38737,408717.409414,"2014_2019",1.75532591342926,1.45323252677917,0.573190152645111,8.36230087280273,119.719039916992,13.2814674377441,1.65996146202087,27.9348125457764,1.31375408172607,0.0598745346069336,1,11.6778697967529,"train",197,4,0.47852348993288
"144",1,1,-1.40862333774567,1200326.880183,408902.046798,"2014_2019",1.75021862983704,1.45219337940216,0.716178834438324,8.34616184234619,119.660682678223,13.3273992538452,1.67977225780487,27.8644428253174,19.2234077453613,3.53139400482178,1,-1.40862333774567,"train",198,4,0.47852348993288
"145",1,1,-0.967235684394836,1204215.483357,384607.255039,"2014_2019",1.7167694568634,1.75680458545685,0.49825456738472,10.9048881530762,121.881942749023,12.2977809906006,1.38557386398315,29.2016410827637,8.47371196746826,-0.0305152535438538,1,-0.967235684394836,"train",200,4,0.47852348993288
"146",1,1,10.6768941879272,1169855.554243,372209.074739,"2014_2019",1.61467945575714,1.53663241863251,0.385238528251648,11.1674575805664,117.450202941895,11.5378179550171,0.871971070766449,30.6114730834961,3.11018753051758,0.243213653564453,1,10.6768941879272,"train",201,4,0.47852348993288
"147",1,1,-1.74602127075195,1149647.544734,377645.517514,"2014_2019",1.38309621810913,1.52550280094147,0.153853178024292,11.3127498626709,111.958885192871,11.5254688262939,0.824817895889282,30.9961395263672,2.57458472251892,0.04158616065979,1,-1.74602127075195,"train",204,2,1.71394230769229
"148",1,1,3.09903478622437,1197411.55841,431657.72829,"2014_2019",1.56266701221466,0.384296417236328,0.87187784910202,1.13137686252594,117.756439208984,15.5531558990479,2.70778369903564,24.2590560913086,4.62723779678345,-0.0135533809661865,1,3.09903478622437,"train",205,4,0.47852348993288
"149",1,1,2.12482714653015,1207513.988057,417446.407057,"2014_2019",1.66801369190216,1.14878106117249,0.735653758049011,5.97713899612427,119.842269897461,13.7342023849487,2.00999045372009,26.9974403381348,4.9128680229187,-0.109733581542969,1,2.12482714653015,"train",206,4,0.47852348993288
"150",1,1,-1.7956303358078,1177323.692811,446898.561154,"2014_2019",1.75553834438324,0.292626053094864,0.390382677316666,0.720309734344482,118.228134155273,15.7185201644897,2.20970916748047,24.6367340087891,14.8324098587036,1.22871148586273,1,-1.7956303358078,"train",207,1,1.32037037037036
"151",1,1,-1.3388763666153,1183497.246623,372539.881922,"2014_2019",1.64704787731171,1.93145477771759,0.365645706653595,13.8886518478394,120.556510925293,11.7039966583252,1.06483232975006,30.2809524536133,9.88224792480469,0.182382583618164,1,-1.3388763666153,"train",208,4,0.47852348993288
"152",1,1,4.26785326004028,1160836.606925,374793.856434,"2014_2019",1.57445013523102,1.91899037361145,0.22916978597641,14.2492094039917,114.646430969238,11.4690141677856,0.868216037750244,30.7661647796631,4.48928833007812,-0.0723414421081543,1,4.26785326004028,"train",209,2,1.71394230769229
"153",1,1,16.546537399292,1199967.553882,408596.760393,"2014_2019",1.75474917888641,1.45324504375458,0.602049648761749,8.36745452880859,119.641738891602,13.2942428588867,1.6593781709671,27.9263706207275,2.52034616470337,-0.0845623016357422,1,16.546537399292,"train",211,4,0.47852348993288
"154",1,1,1.6082364320755,1203456.932688,383396.103449,"2014_2019",1.6954607963562,1.83257436752319,0.431743949651718,12.3059244155884,122.296844482422,11.7604703903198,1.31497836112976,29.6616230010986,5.78976011276245,0.376289129257202,1,1.6082364320755,"train",214,4,0.47852348993288
"155",1,1,-2.4934389591217,1204066.223108,383142.229714,"2014_2019",1.65279364585876,1.76876902580261,0.368599325418472,11.9322929382324,122.110420227051,12.0049228668213,1.2787594795227,29.658296585083,2.8889901638031,-0.052891731262207,1,-2.4934389591217,"train",215,4,0.47852348993288
"156",1,1,-1.2363361120224,1204470.903486,383542.95032,"2014_2019",1.67820703983307,1.75487840175629,0.422299563884735,11.4498834609985,121.994758605957,12.2539987564087,1.33721315860748,29.3864498138428,1.72661483287811,0.00462830066680908,1,-1.2363361120224,"train",216,4,0.47852348993288
"157",1,1,-2.83499264717102,1205224.226385,383277.265641,"2014_2019",1.72524523735046,1.79726827144623,0.65869015455246,11.4856224060059,121.854141235352,12.2974805831909,1.40172016620636,29.1919555664062,2.28100037574768,-0.127277135848999,1,-2.83499264717102,"train",217,4,0.47852348993288
"158",1,1,0.0260376706719398,1154493.037099,375695.977862,"2014_2019",1.517449259758,1.92311632633209,0.326292544603348,14.2153568267822,114.455215454102,11.4029121398926,0.850092470645905,30.8378257751465,8.00536251068115,-0.111399360001087,1,0.0260376706719398,"train",218,2,1.71394230769229
"159",1,1,18.5184631347656,1212370.377683,420366.960764,"2014_2019",1.7018985748291,1.2036360502243,0.812452912330627,6.33313322067261,119.203224182129,13.2846698760986,1.91912770271301,27.4553985595703,24.2781505584717,-0.0925674438476562,1,18.5184631347656,"train",219,1,1.32037037037036
"160",1,1,-0.836148738861084,1200673.076232,382862.320133,"2014_2019",1.6771547794342,1.781609416008,0.485304743051529,11.7219896316528,120.942527770996,12.1389274597168,1.3059960603714,29.5601425170898,2.43029141426086,-0.00584173202514648,1,-0.836148738861084,"train",222,4,0.47852348993288
"161",1,1,17.7355194091797,1156879.343769,375230.787804,"2014_2019",1.54992306232452,1.93209278583527,0.33976474404335,14.3123245239258,115.603492736816,11.4102640151978,0.85964024066925,30.7921142578125,1.16599333286285,0.00189590454101562,1,17.7355194091797,"train",226,2,1.71394230769229
"162",1,1,-0.099310576915741,1203893.994996,382684.641596,"2014_2019",1.66771960258484,1.82056438922882,0.32621556520462,12.5240058898926,122.220825195312,11.7628545761108,1.27407562732697,29.7699394226074,5.23677444458008,-0.149145975708961,1,-0.099310576915741,"train",228,4,0.47852348993288
"163",1,1,-0.346111953258514,1202810.902437,381856.515985,"2014_2019",1.68620777130127,1.88163149356842,0.668569564819336,13.4194612503052,122.286666870117,11.5155467987061,1.26432263851166,29.9268856048584,6.50616455078125,-0.850075542926788,1,-0.346111953258514,"train",229,4,0.47852348993288
"164",1,1,7.7335467338562,1158460.666721,375164.52193,"2014_2019",1.64431440830231,1.91495287418365,0.278427422046661,14.1462926864624,114.85750579834,11.5058479309082,0.863985776901245,30.7148895263672,1.16784822940826,-0.0344805717468262,1,7.7335467338562,"train",230,2,1.71394230769229
"165",1,1,18.9049396514893,1198902.175139,379836.641992,"2014_2019",1.62297010421753,1.88713419437408,0.464415907859802,14.2896184921265,121.193969726562,11.3798837661743,1.13473057746887,30.304349899292,0.983649015426636,0.0128421783447266,1,18.9049396514893,"train",231,4,0.47852348993288
"166",1,1,3.06909227371216,1199803.977391,379950.067721,"2014_2019",1.63130915164948,1.89324140548706,0.400491535663605,14.660982131958,122.1240234375,11.2639980316162,1.1532621383667,30.3262195587158,5.69661521911621,-0.0559039115905762,1,3.06909227371216,"train",232,4,0.47852348993288
"167",1,1,1.79400897026062,1181395.769374,372606.18079,"2014_2019",1.42619979381561,1.4795628786087,0.130897432565689,10.565899848938,117.794586181641,12.4175548553467,0.99860942363739,30.312593460083,2.89782047271729,0.0367670059204102,1,1.79400897026062,"train",234,2,1.71394230769229
"168",1,1,8.64004516601562,1203093.819039,383977.688535,"2014_2019",1.70471107959747,1.81211960315704,0.633913278579712,11.7935695648193,121.804985046387,11.8795127868652,1.33097207546234,29.5680446624756,8.1940393447876,0.421177864074707,1,8.64004516601562,"train",235,4,0.47852348993288
"169",1,1,0.586208283901215,1176887.399579,447004.055886,"2014_2019",1.77012169361115,0.302872091531754,0.528265237808228,0.744365274906158,118.108116149902,15.6028470993042,2.0533332824707,24.9210929870605,6.46845483779907,-1.49708390235901,1,0.586208283901215,"train",236,4,0.47852348993288
"170",1,1,0.404442220926285,1177461.777818,446985.196677,"2014_2019",1.67675960063934,0.235342144966125,0.383012890815735,0.511682987213135,117.776176452637,16.4038829803467,2.37540555000305,23.8480262756348,8.64602851867676,0.482169270515442,1,0.404442220926285,"train",238,4,0.47852348993288
"171",1,1,-1.39138853549957,1200638.227422,381463.620648,"2014_2019",1.6471312046051,1.8626149892807,0.413513541221619,13.762017250061,121.497131347656,11.6063823699951,1.2234982252121,30.0478324890137,4.47505331039429,-0.350958943367004,1,-1.39138853549957,"train",239,4,0.47852348993288
"172",1,1,2.83659601211548,1202964.853839,382185.031314,"2014_2019",1.68875992298126,1.86723101139069,0.663648784160614,12.9981517791748,122.254898071289,11.5933132171631,1.27833664417267,29.8496284484863,4.11899995803833,-0.167782306671143,1,2.83659601211548,"train",241,4,0.47852348993288
"173",1,1,7.55470752716064,1178130.62871,370263.339214,"2014_2019",1.52972388267517,1.88268196582794,0.229297250509262,15.2762384414673,120.49080657959,11.1195678710938,0.946636140346527,30.7787666320801,5.21615123748779,0.324413299560547,1,7.55470752716064,"train",242,4,0.47852348993288
"174",1,1,11.8765544891357,1176608.386407,446579.694328,"2014_2019",1.7825540304184,0.361859321594238,0.480284333229065,1.05311727523804,117.806739807129,15.4668550491333,1.90229451656342,25.2336807250977,16.018741607666,-0.762433052062988,1,11.8765544891357,"train",244,1,1.32037037037036
"175",1,1,6.67603349685669,1205682.774851,383172.712809,"2014_2019",1.72526335716248,1.79602122306824,0.901470422744751,11.5127878189087,121.606323242188,12.2555799484253,1.40012049674988,29.2085094451904,3.22461795806885,-0.0606794357299805,1,6.67603349685669,"train",245,4,0.47852348993288
"176",1,1,2.4304084777832,1178681.567368,369699.443525,"2014_2019",1.52739524841309,1.88038015365601,0.448376506567001,15.4269351959229,120.303443908691,11.0517292022705,0.952802956104279,30.8003559112549,6.38608455657959,0.699876666069031,1,2.4304084777832,"train",248,4,0.47852348993288
"177",1,1,2.51356244087219,1169456.640035,372908.951622,"2014_2019",1.7276576757431,1.00481748580933,0.24983973801136,6.24879312515259,116.984268188477,12.2758274078369,0.790378451347351,30.1835994720459,4.29896450042725,-0.195899248123169,1,2.51356244087219,"train",250,4,0.47852348993288
"178",1,1,2.6806275844574,1217527.350481,423580.283637,"2014_2019",1.5422728061676,0.458498924970627,1.25545239448547,1.58744716644287,119.204307556152,15.3113861083984,2.60720634460449,24.7659454345703,3.82656955718994,-1.03213810920715,1,2.6806275844574,"train",252,4,0.47852348993288
"179",1,1,4.35274982452393,1202169.865486,381929.770388,"2014_2019",1.68768191337585,1.88372957706451,0.550509691238403,13.3956069946289,122.235366821289,11.5535440444946,1.26450824737549,29.9192943572998,3.76688075065613,0.273180484771729,1,4.35274982452393,"train",253,4,0.47852348993288
"180",1,1,6.41088819503784,1200264.43761,380818.302243,"2014_2019",1.63142216205597,1.88028144836426,0.35215950012207,14.3296365737915,121.786666870117,11.4236116409302,1.17754924297333,30.2285995483398,2.35705876350403,-0.91120719909668,1,6.41088819503784,"train",254,4,0.47852348993288
"181",1,1,6.60089254379272,1179277.331363,369159.408132,"2014_2019",1.52895438671112,1.87895500659943,0.410904407501221,15.8500356674194,120.156867980957,10.8992671966553,0.965153813362122,30.8320198059082,7.83912992477417,0.475540637969971,1,6.60089254379272,"train",256,4,0.47852348993288
"182",1,1,5.91982412338257,1204416.684848,382139.143607,"2014_2019",1.6728310585022,1.84782779216766,0.489366590976715,12.8228912353516,122.055938720703,11.7006750106812,1.27763092517853,29.7864055633545,4.62672901153564,0.35538911819458,1,5.91982412338257,"train",257,4,0.47852348993288
"183",1,1,6.01500368118286,1204635.770806,381860.385551,"2014_2019",1.67285406589508,1.85053753852844,0.649622559547424,12.9320201873779,121.973785400391,11.6461162567139,1.2768098115921,29.8074321746826,2.24233746528625,-0.630180358886719,1,6.01500368118286,"train",258,4,0.47852348993288
"184",1,1,-0.720671534538269,1180829.411534,369347.582255,"2014_2019",1.5458037853241,1.89040279388428,0.51121324300766,16.1189708709717,120.320762634277,10.8739604949951,0.993384897708893,30.7994956970215,6.59986925125122,-0.431344389915466,1,-0.720671534538269,"train",259,4,0.47852348993288
"185",1,1,-0.733594417572021,1203731.399323,383950.753849,"2014_2019",1.70674562454224,1.81863474845886,0.484148353338242,11.8969049453735,122.38907623291,11.9330768585205,1.34664011001587,29.4990272521973,2.01886653900146,-1.20494019985199,1,-0.733594417572021,"train",260,4,0.47852348993288
"186",1,1,3.30313110351562,1200186.431275,382552.456018,"2014_2019",1.47329699993134,1.4460037946701,0.311893939971924,9.46365833282471,119.58177947998,12.7507963180542,1.21895778179169,29.5463943481445,8.18733596801758,2.43066096305847,1,3.30313110351562,"train",262,4,0.47852348993288
"187",1,1,4.53572034835815,1183335.598748,368576.290651,"2014_2019",1.58803403377533,1.91434299945831,1.0443457365036,14.8091611862183,121.001075744629,11.2152938842773,1.04961252212524,30.5030326843262,1.22584569454193,0.0750899314880371,1,4.53572034835815,"train",263,4,0.47852348993288
"188",1,1,9.06262969970703,1167582.40552,373261.233649,"2014_2019",1.63477563858032,1.40698885917664,0.241666615009308,10.1202392578125,117.359321594238,11.9058361053467,0.844511806964874,30.4906730651855,1.67970287799835,-0.0730876922607422,1,9.06262969970703,"train",264,4,0.47852348993288
"189",1,1,10.3761920928955,1168143.571508,373153.954095,"2014_2019",1.66747391223907,1.17084336280823,0.215559765696526,8.00217247009277,116.994781494141,12.1925220489502,0.818782687187195,30.3496417999268,1.41829693317413,0.232709884643555,1,10.3761920928955,"train",265,4,0.47852348993288
"190",1,1,-1.02901923656464,1198754.144517,380429.985717,"2014_2019",1.59383356571198,1.85061013698578,0.473043173551559,14.1132621765137,120.643333435059,11.578221321106,1.11015284061432,30.3715324401855,7.16936254501343,0.349884390830994,1,-1.02901923656464,"train",266,4,0.47852348993288
"191",1,1,7.38295793533325,1201426.590707,380247.542708,"2014_2019",1.66814732551575,1.89745056629181,0.532906174659729,14.0403003692627,121.641387939453,11.4833078384399,1.22373008728027,30.0591926574707,1.20486986637115,-0.575699806213379,1,7.38295793533325,"train",267,4,0.47852348993288
"192",1,1,2.92175889015198,1199685.605593,380709.799354,"2014_2019",1.55981385707855,1.72593593597412,0.291460573673248,13.2667407989502,120.982116699219,11.6084575653076,1.12629008293152,30.2896747589111,0.654904723167419,-0.558852910995483,1,2.92175889015198,"train",270,4,0.47852348993288
"193",1,1,0.79771614074707,1200693.48718,381110.422119,"2014_2019",1.64336442947388,1.87394487857819,0.427813798189163,14.0102939605713,121.652366638184,11.5120649337769,1.20840620994568,30.1217098236084,5.44202280044556,0.0466369390487671,1,0.79771614074707,"train",271,4,0.47852348993288
"194",1,1,5.6056399345398,1208895.539126,481711.78717,"2014_2019",2.06751441955566,1.40921378135681,0.113988012075424,2.55959820747375,114.57405090332,17.3826694488525,2.30393648147583,9.64001846313477,9.87514972686768,0.21265172958374,1,5.6056399345398,"train",272,5,1.75615763546796
"195",1,1,2.64566612243652,1208961.37702,481646.115497,"2014_2019",2.04153561592102,1.37053048610687,0.113243654370308,2.50330901145935,114.576652526855,17.4343147277832,2.32069754600525,9.67278385162354,7.51830244064331,0.583576440811157,1,2.64566612243652,"train",273,5,1.75615763546796
"196",1,1,1.82152211666107,1152448.754169,377139.259111,"2014_2019",1.47263300418854,1.90198612213135,0.215881749987602,14.210075378418,113.866905212402,11.3575115203857,0.841631889343262,30.944709777832,1.3834480047226,0.0357110500335693,1,1.82152211666107,"train",274,2,1.71394230769229
"197",1,1,0.743133366107941,1143545.988574,380315.847305,"2014_2019",1.48102962970734,1.18896114826202,0.166201338171959,8.34737300872803,108.376762390137,12.118501663208,0.802814841270447,30.8030414581299,0.58464103937149,-0.00639230012893677,1,0.743133366107941,"train",275,2,1.71394230769229
"198",1,1,3.1743483543396,1177996.547103,370786.721592,"2014_2019",1.52315473556519,1.87391173839569,0.156258642673492,15.0343828201294,120.313301086426,11.2175359725952,0.940066874027252,30.7626304626465,10.4808282852173,-1.89101076126099,1,3.1743483543396,"train",276,4,0.47852348993288
"199",1,1,0.66893196105957,1147777.440867,379144.207143,"2014_2019",1.17225670814514,0.859175384044647,0.120560482144356,5.87339401245117,107.234809875488,12.3933029174805,0.787805616855621,30.9744758605957,1.93011522293091,0.00988978147506714,1,0.66893196105957,"train",277,2,1.71394230769229
"200",1,1,2.39274978637695,1200958.667192,382432.659993,"2014_2019",1.67878949642181,1.83608734607697,0.62029904127121,12.7249698638916,121.40348815918,11.8000202178955,1.27876651287079,29.7951202392578,6.65242052078247,-0.430107593536377,1,2.39274978637695,"train",278,4,0.47852348993288
"201",1,1,0.31786060333252,1164451.541052,374659.697581,"2014_2019",1.49296605587006,1.6062548160553,0.199018567800522,11.7056913375854,114.63606262207,11.875376701355,0.83938193321228,30.6989917755127,5.9293417930603,0.096268355846405,1,0.31786060333252,"train",279,2,1.71394230769229
"202",1,1,-2.03913855552673,1200903.931369,400274.34608,"2014_2019",1.80803883075714,1.67395091056824,0.500303626060486,10.114860534668,120.071617126465,13.0061817169189,1.55603718757629,28.3996677398682,2.80710864067078,-0.719375610351562,1,-2.03913855552673,"train",281,4,0.47852348993288
"203",1,1,-1.68500280380249,1148314.250828,379065.567234,"2014_2019",1.19602262973785,0.944424271583557,0.106550745666027,6.54055452346802,108.290054321289,12.2418279647827,0.792395949363708,30.9909934997559,6.33000612258911,-0.0746084451675415,1,-1.68500280380249,"train",282,2,1.71394230769229
"204",1,1,2.34505033493042,1200116.881439,380397.736363,"2014_2019",1.63291311264038,1.88269305229187,0.353667438030243,14.485520362854,122.058471679688,11.3432674407959,1.17155122756958,30.2701797485352,4.05373525619507,-0.0446207523345947,1,2.34505033493042,"train",284,4,0.47852348993288
"205",1,1,0.394929736852646,1183634.402382,367667.891619,"2014_2019",1.5597597360611,1.86761260032654,1.12448132038116,15.0424146652222,121.031692504883,11.0421543121338,1.02723562717438,30.6197624206543,7.57841777801514,-4.29541635513306,1,0.394929736852646,"train",285,4,0.47852348993288
"206",1,1,2.18219304084778,1158919.631237,375726.112376,"2014_2019",1.74950659275055,1.89704096317291,0.198758438229561,13.8680725097656,114.201530456543,11.6707057952881,0.863029897212982,30.6048469543457,0.760934770107269,0.00442671775817871,1,2.18219304084778,"train",286,4,0.47852348993288
"207",1,1,-1.36416435241699,1197198.131476,380767.528612,"2014_2019",1.60552501678467,1.87477564811707,0.203843489289284,14.0428400039673,119.316612243652,11.6690864562988,1.09379351139069,30.3412017822266,3.84707593917847,-0.00508224964141846,1,-1.36416435241699,"train",287,4,0.47852348993288
"208",1,1,0.0659074708819389,1146320.382408,379713.706465,"2014_2019",1.25220024585724,1.08178079128265,0.109356380999088,7.32744312286377,107.445259094238,12.2555637359619,0.795680046081543,30.9504146575928,0.467005342245102,-0.104275740683079,1,0.0659074708819389,"train",289,2,1.71394230769229
"209",1,1,1.80610346794128,1216714.777804,423177.356728,"2014_2019",1.56466054916382,0.649728178977966,1.07165920734406,2.98303771018982,119.378051757812,14.9832134246826,2.42516541481018,25.2948570251465,6.57343530654907,-0.276862382888794,1,1.80610346794128,"train",290,4,0.47852348993288
"210",1,1,4.90916061401367,1172111.997855,371295.311279,"2014_2019",1.54908227920532,1.88798892498016,0.354120194911957,14.2024002075195,117.047821044922,11.3422164916992,0.915832102298737,30.7059154510498,11.3082752227783,-0.0213727951049805,1,4.90916061401367,"train",291,4,0.47852348993288
"211",1,1,8.66042613983154,1175486.392946,369603.236188,"2014_2019",1.52965426445007,1.87890613079071,0.486257195472717,15.3509664535522,120.378509521484,11.0051918029785,0.945886194705963,30.8136577606201,6.56783676147461,-0.238386154174805,1,8.66042613983154,"train",292,4,0.47852348993288
"212",1,1,6.11249017715454,1177392.344445,447253.958328,"2014_2019",1.67096483707428,0.211405068635941,0.368851363658905,0.406412422657013,117.664077758789,16.4621734619141,2.37734007835388,23.785270690918,6.48701858520508,-1.1322135925293,1,6.11249017715454,"train",293,4,0.47852348993288
"213",1,1,5.52818965911865,1196713.614963,379964.106283,"2014_2019",1.61780023574829,1.88458597660065,0.327833473682404,13.9918565750122,119.774627685547,11.5801763534546,1.10254883766174,30.305004119873,7.35828161239624,-0.0912189483642578,1,5.52818965911865,"train",294,4,0.47852348993288
"214",1,1,-1.48355388641357,1165186.966177,375165.012593,"2014_2019",1.47789454460144,1.49696552753448,0.0989382490515709,10.8032693862915,114.380378723145,12.0568704605103,0.827701270580292,30.683952331543,3.32262873649597,-0.0133107900619507,1,-1.48355388641357,"train",295,2,1.71394230769229
"215",1,1,0.549641251564026,1053147.157537,559550.233576,"2014_2019",2.1559681892395,1.49423968791962,0.894553661346436,13.5928964614868,112.584922790527,11.5399074554443,0.692221999168396,27.3474979400635,0.199380800127983,-0.231469810009003,1,0.549641251564026,"train",297,4,0.47852348993288
"216",1,1,4.03594017028809,1179580.439266,369036.723065,"2014_2019",1.53208231925964,1.88396286964417,0.454546719789505,15.9213209152222,120.16283416748,10.891863822937,0.97091817855835,30.822546005249,15.2599897384644,-0.598600387573242,1,4.03594017028809,"train",298,4,0.47852348993288
"217",1,1,2.78925371170044,1179201.171462,368854.822775,"2014_2019",1.5296505689621,1.88014590740204,0.651951611042023,15.8048610687256,120.167816162109,10.9041528701782,0.966066539287567,30.8272514343262,9.38808441162109,-2.6671724319458,1,2.78925371170044,"train",300,4,0.47852348993288
"218",1,1,3.13465690612793,1182283.78474,372322.504025,"2014_2019",1.44142293930054,1.50726962089539,0.155161827802658,10.7755422592163,117.871864318848,12.3711881637573,1.0007541179657,30.3140144348145,2.14697480201721,-0.0123119354248047,1,3.13465690612793,"train",301,2,1.71394230769229
"219",1,1,-1.56300508975983,1187214.808685,378045.248542,"2014_2019",1.63229751586914,1.85940670967102,0.39644917845726,13.4930210113525,121.133758544922,11.8236150741577,1.07799315452576,30.2232818603516,9.65012836456299,0.140510678291321,1,-1.56300508975983,"train",303,4,0.47852348993288
"220",1,1,-3.4122588634491,1178479.483453,370539.175803,"2014_2019",1.50945973396301,1.84821569919586,0.181789547204971,14.8326721191406,119.997764587402,11.2989463806152,0.935307860374451,30.7639713287354,5.25573253631592,-0.701014041900635,1,-3.4122588634491,"train",304,4,0.47852348993288
"221",1,1,-1.65016341209412,1182627.662051,370201.873664,"2014_2019",1.60465943813324,1.91768300533295,0.658921897411346,15.0116109848022,120.561210632324,11.1830720901489,1.05380737781525,30.5437412261963,5.62023782730103,-0.412969827651978,1,-1.65016341209412,"train",305,4,0.47852348993288
"222",1,1,-1.44488823413849,1171403.491381,371736.156554,"2014_2019",1.55361115932465,1.86600279808044,0.294365733861923,14.0275382995605,117.052085876465,11.3693170547485,0.906724572181702,30.7064819335938,13.3157863616943,0.275758147239685,1,-1.44488823413849,"train",309,4,0.47852348993288
"223",1,1,1.51724624633789,1177997.647248,369694.634507,"2014_2019",1.53544652462006,1.88382577896118,0.439335197210312,15.4193353652954,120.610961914062,11.0317897796631,0.952724993228912,30.7933616638184,3.3107340335846,-1.03393006324768,1,1.51724624633789,"train",310,4,0.47852348993288
"224",1,1,3.14197945594788,1203448.276801,384653.656415,"2014_2019",1.71353995800018,1.76540005207062,0.69782567024231,11.0151481628418,121.739448547363,12.1242694854736,1.36165630817413,29.3626728057861,10.9251899719238,0.048213005065918,1,3.14197945594788,"train",311,4,0.47852348993288
"225",1,1,-1.7423369884491,1200938.947827,403146.850917,"2014_2019",1.76400101184845,1.42735350131989,0.618225038051605,8.1106595993042,119.758651733398,13.767725944519,1.59064590930939,27.7137508392334,13.617467880249,1.89181423187256,1,-1.7423369884491,"train",312,4,0.47852348993288
"226",1,1,7.67990970611572,1201092.454943,397433.391751,"2014_2019",1.79730486869812,1.69272422790527,0.409787058830261,10.1488962173462,119.833305358887,13.0059700012207,1.50462126731873,28.5231914520264,10.4064950942993,-0.731019020080566,1,7.67990970611572,"train",313,4,0.47852348993288
"227",1,1,5.44722557067871,1202259.658375,382673.778817,"2014_2019",1.6995689868927,1.86286497116089,0.565972983837128,12.8147611618042,122.276565551758,11.6673927307129,1.29433989524841,29.7881450653076,6.90723037719727,-0.241779804229736,1,5.44722557067871,"train",314,4,0.47852348993288
"228",1,1,3.4483048915863,1161367.231423,374084.079087,"2014_2019",1.56752002239227,1.92666983604431,0.501318633556366,14.2518501281738,115.277404785156,11.4199161529541,0.876379430294037,30.7470474243164,5.39916753768921,-0.0335342884063721,1,3.4483048915863,"train",315,4,0.47852348993288
"229",1,1,0.565257251262665,1182240.854015,369163.028169,"2014_2019",1.5512398481369,1.88210296630859,1.13141846656799,15.9521980285645,120.995719909668,10.8373832702637,1.01819610595703,30.7607421875,5.8787431716919,0.0597414970397949,1,0.565257251262665,"train",318,4,0.47852348993288
"230",1,1,4.97202777862549,1177441.517943,370907.238851,"2014_2019",1.53066408634186,1.88776302337646,0.165522262454033,15.2118673324585,120.421463012695,11.142162322998,0.942796230316162,30.7752304077148,6.66610908508301,-1.21885585784912,1,4.97202777862549,"train",321,4,0.47852348993288
"231",1,1,3.73501253128052,1182914.300967,372218.133681,"2014_2019",1.63218438625336,1.91335666179657,0.292780488729477,13.8076944351196,120.061508178711,11.7120933532715,1.05759131908417,30.3152561187744,6.81309270858765,-0.194325685501099,1,3.73501253128052,"train",322,4,0.47852348993288
"232",1,1,3.42890930175781,1161328.204201,374148.140161,"2014_2019",1.5678277015686,1.9258017539978,0.484469503164291,14.2565670013428,115.223449707031,11.4188108444214,0.874932587146759,30.7507343292236,5.17548608779907,0.0374057292938232,1,3.42890930175781,"train",323,2,1.71394230769229
"233",1,1,-3.73467302322388,1183528.961766,368539.906165,"2014_2019",1.59128987789154,1.90670621395111,0.970537066459656,14.7550821304321,121.029144287109,11.2253561019897,1.05095481872559,30.4929008483887,3.98949646949768,-1.79256165027618,1,-3.73467302322388,"train",326,4,0.47852348993288
"234",1,1,2.27536201477051,1169859.752212,371910.326,"2014_2019",1.59461760520935,1.64057970046997,0.40428751707077,12.0619029998779,117.479583740234,11.4517259597778,0.882734715938568,30.6598930358887,10.8853693008423,-4.05903148651123,1,2.27536201477051,"train",327,4,0.47852348993288
"235",1,1,2.8360321521759,1170380.438962,371730.361757,"2014_2019",1.56674385070801,1.80706262588501,0.366280972957611,13.50550365448,117.488723754883,11.3879041671753,0.899257719516754,30.6927509307861,16.9318389892578,-2.06061196327209,1,2.8360321521759,"train",328,4,0.47852348993288
"236",1,1,-5.00098705291748,1174317.564827,369680.413439,"2014_2019",1.53169167041779,1.8942164182663,0.70855039358139,14.9615716934204,119.718032836914,11.0667715072632,0.940463900566101,30.7900676727295,11.0944166183472,0.221596240997314,1,-5.00098705291748,"train",329,4,0.47852348993288
"237",1,1,-1.88310861587524,1053758.275444,558895.855929,"2014_2019",1.67960584163666,1.31565237045288,0.900493502616882,12.7077598571777,112.72900390625,11.4241456985474,0.665957272052765,28.5867862701416,8.05045509338379,0.695185661315918,1,-1.88310861587524,"train",330,4,0.47852348993288
"238",1,1,-1.3568799495697,1171953.735959,371644.861203,"2014_2019",1.54977738857269,1.88104069232941,0.368452876806259,14.1515989303589,116.977226257324,11.359034538269,0.911259829998016,30.7069091796875,7.48576211929321,0.0615625381469727,1,-1.3568799495697,"train",331,4,0.47852348993288
"239",1,1,-9.3546953201294,1203719.565111,384327.000945,"2014_2019",1.70607733726501,1.79968011379242,0.551803708076477,11.5976295471191,122.218124389648,11.9744052886963,1.34986913204193,29.465353012085,3.85557961463928,-2.57213497161865,1,-9.3546953201294,"train",332,4,0.47852348993288
"240",1,1,-0.914850234985352,1164002.896801,374589.584518,"2014_2019",1.53757286071777,1.84945154190063,0.223778456449509,13.5357942581177,115.549743652344,11.5561084747314,0.865318417549133,30.7153244018555,7.33101749420166,-0.0859564542770386,1,-0.914850234985352,"train",333,2,1.71394230769229
"241",1,1,4.51840496063232,1164499.311507,374606.477074,"2014_2019",1.49501121044159,1.61405217647552,0.203747183084488,11.7652034759521,114.695487976074,11.8628635406494,0.840839743614197,30.6983318328857,4.92196083068848,0.639403581619263,1,4.51840496063232,"train",334,2,1.71394230769229
"242",1,1,3.5401918888092,1201687.538696,397204.799781,"2014_2019",1.7898041009903,1.70256364345551,0.559972405433655,10.3501663208008,119.933288574219,12.9208269119263,1.51094269752502,28.5541000366211,2.92574381828308,-0.628243207931519,1,3.5401918888092,"train",335,4,0.47852348993288
"243",1,1,-0.640272736549377,1055166.312253,554707.330994,"2014_2019",1.4783433675766,0.928615033626556,0.904669344425201,6.91328763961792,110.565078735352,12.4610977172852,0.603379189968109,28.221981048584,1.56849694252014,-0.00393009185791016,1,-0.640272736549377,"train",336,2,1.71394230769229
"244",1,1,-0.343191474676132,1171797.26816,371631.049599,"2014_2019",1.5494921207428,1.87875545024872,0.37427219748497,14.1393718719482,116.92504119873,11.3665447235107,0.90906697511673,30.7083492279053,7.7031774520874,-0.220988392829895,1,-0.343191474676132,"train",337,4,0.47852348993288
"245",1,1,2.35336923599243,1201730.711202,387113.96915,"2014_2019",1.74984109401703,1.60079383850098,0.501049399375916,9.15927600860596,120.025047302246,13.3044242858887,1.44860422611237,28.5323638916016,5.353684425354,0.0217947959899902,1,2.35336923599243,"train",339,4,0.47852348993288
"246",1,1,16.9986419677734,1201362.995599,380060.782685,"2014_2019",1.66479182243347,1.89761114120483,0.567942798137665,14.0901250839233,121.64737701416,11.4650650024414,1.21828591823578,30.0769958496094,5.31324005126953,-1.14860153198242,1,16.9986419677734,"train",340,4,0.47852348993288
"247",1,1,1.1103687286377,1185202.063967,376837.935776,"2014_2019",1.62309610843658,1.91047239303589,0.335667282342911,13.7492294311523,120.957641601562,11.7692241668701,1.07231307029724,30.2794666290283,2.27718830108643,-1.2185332775116,1,1.1103687286377,"train",341,4,0.47852348993288
"248",1,1,3.59494972229004,1181940.88755,372473.055359,"2014_2019",1.37698364257812,1.37207341194153,0.12648631632328,9.7751579284668,117.246978759766,12.5748739242554,0.985538959503174,30.3105030059814,7.84514045715332,0.29985237121582,1,3.59494972229004,"train",342,2,1.71394230769229
"249",1,1,5.53051900863647,1199668.974013,406147.50285,"2014_2019",1.77278447151184,1.39257442951202,0.575269758701324,7.83111333847046,119.399063110352,13.9384365081787,1.60759150981903,27.5239219665527,5.15394067764282,-1.75733137130737,1,5.53051900863647,"train",343,4,0.47852348993288
"250",1,1,6.83139801025391,1200525.872885,400023.002425,"2014_2019",1.81257998943329,1.67388510704041,0.501259207725525,9.99022960662842,120.067352294922,13.0620040893555,1.55149495601654,28.3920135498047,2.91265320777893,-0.0445919036865234,1,6.83139801025391,"train",344,4,0.47852348993288
"251",1,1,4.79073810577393,1175327.940464,369676.357397,"2014_2019",1.52892184257507,1.87924683094025,0.496924161911011,15.3556213378906,120.339889526367,11.0018892288208,0.944898426532745,30.8168430328369,10.8364391326904,-0.044468879699707,1,4.79073810577393,"train",345,4,0.47852348993288
"252",1,1,1.0863995552063,1165200.569971,375064.170488,"2014_2019",1.49205327033997,1.56792545318604,0.107199423015118,11.3301525115967,114.69075012207,11.9656562805176,0.835702478885651,30.6854133605957,1.70887017250061,-0.283277630805969,1,1.0863995552063,"train",346,2,1.71394230769229
"253",1,1,4.46992444992065,1165590.595047,375023.990815,"2014_2019",1.52147209644318,1.73351788520813,0.106473065912724,12.439435005188,115.229125976562,11.9176511764526,0.851572632789612,30.6760501861572,1.23403644561768,-0.0758056640625,1,4.46992444992065,"train",347,2,1.71394230769229
"254",1,1,0.104943834245205,1050501.752022,562322.611705,"2014_2019",1.45130908489227,1.50805652141571,0.883365333080292,17.467960357666,111.87565612793,11.0306968688965,0.680555760860443,29.3653869628906,6.79521989822388,-0.989448010921478,1,0.104943834245205,"train",349,2,1.71394230769229
"255",1,1,1.85713851451874,1182954.705714,368093.490755,"2014_2019",1.57859027385712,1.92141366004944,1.28203952312469,15.0275392532349,120.840217590332,11.1390075683594,1.03897321224213,30.5611972808838,9.18886470794678,-0.507170081138611,1,1.85713851451874,"train",351,4,0.47852348993288
"256",1,1,2.89593052864075,1176788.2707,371238.711475,"2014_2019",1.51800453662872,1.88854992389679,0.224905878305435,15.0390768051147,119.18327331543,11.4389629364014,0.910373270511627,30.7655868530273,10.7431221008301,-0.975418567657471,1,2.89593052864075,"train",352,4,0.47852348993288
"257",1,1,0.791190505027771,1146461.677304,379723.390716,"2014_2019",1.23984241485596,1.04843151569366,0.106604307889938,7.05237197875977,107.245407104492,12.2907028198242,0.794452250003815,30.9520816802979,0.530143141746521,-0.0134623646736145,1,0.791190505027771,"train",356,2,1.71394230769229
"258",1,1,-2.34087181091309,1210415.577177,420620.571368,"2014_2019",1.67498540878296,1.13579428195953,0.574422359466553,6.00383615493774,118.09984588623,13.7533655166626,1.99029588699341,26.988431930542,30.5856552124023,5.75851058959961,1,-2.34087181091309,"train",357,1,1.32037037037036
"259",1,1,-1.73924744129181,1055202.525244,554420.118922,"2014_2019",1.48103129863739,0.889466345310211,0.78575724363327,6.5155782699585,110.196411132812,12.6125812530518,0.590661823749542,28.1216678619385,1.12714290618896,-0.0134038925170898,1,-1.73924744129181,"train",358,2,1.71394230769229
"260",1,1,2.88140487670898,1196450.895241,380112.35471,"2014_2019",1.61473548412323,1.878302693367,0.292893588542938,13.8895711898804,119.626136779785,11.6523962020874,1.10173058509827,30.2973976135254,2.54389905929565,0.019395112991333,1,2.88140487670898,"train",360,4,0.47852348993288
"261",1,1,7.6562647819519,1166770.290414,373472.228089,"2014_2019",1.58105492591858,1.65634214878082,0.317248314619064,12.1859245300293,117.278991699219,11.7100763320923,0.863109588623047,30.5974426269531,1.8865647315979,-0.0070033073425293,1,7.6562647819519,"train",362,4,0.47852348993288
"262",1,1,3.33561110496521,1180986.305695,369229.310693,"2014_2019",1.54992508888245,1.89501178264618,0.534025132656097,15.9673318862915,120.454574584961,10.8965845108032,1.00386440753937,30.7662982940674,7.66313171386719,-0.0200469493865967,1,3.33561110496521,"train",363,4,0.47852348993288
"263",1,1,-1.59799921512604,1181520.132929,369328.97229,"2014_2019",1.54995095729828,1.8861985206604,0.630399346351624,15.9501943588257,120.733306884766,10.853401184082,1.01511204242706,30.7597312927246,4.89445781707764,0.110080361366272,1,-1.59799921512604,"train",364,4,0.47852348993288
"264",1,1,16.237979888916,1199431.39337,406327.765501,"2014_2019",1.77288889884949,1.3905588388443,0.557585537433624,7.80966854095459,119.386360168457,13.9451818466187,1.60878527164459,27.5151481628418,1.64863610267639,-0.0765247344970703,1,16.237979888916,"train",365,4,0.47852348993288
"265",1,1,-0.595912754535675,1170940.125449,371940.508573,"2014_2019",1.55984282493591,1.83056223392487,0.302689045667648,13.7321243286133,117.261596679688,11.3802947998047,0.900255560874939,30.7053394317627,17.9461975097656,1.25888800621033,1,-0.595912754535675,"train",366,4,0.47852348993288
"266",1,1,3.91635322570801,1178959.409553,369500.921788,"2014_2019",1.52982521057129,1.880415558815,0.356107831001282,15.6344909667969,120.224800109863,10.974850654602,0.95947790145874,30.8150577545166,3.6828978061676,0.316757917404175,1,3.91635322570801,"train",368,4,0.47852348993288
"267",1,1,2.07953405380249,1186700.104849,377657.490559,"2014_2019",1.63532841205597,1.89041614532471,0.388128131628036,13.6575002670288,121.215957641602,11.7899618148804,1.08062124252319,30.2338714599609,9.47560882568359,-0.161995649337769,1,2.07953405380249,"train",369,4,0.47852348993288
"268",1,1,0.112703219056129,1162936.24702,374214.992004,"2014_2019",1.54947316646576,1.90499269962311,0.280927240848541,14.0427560806274,115.907287597656,11.3893404006958,0.879134833812714,30.7397613525391,7.13273763656616,0.00381516665220261,1,0.112703219056129,"train",370,2,1.71394230769229
"269",1,1,10.5414600372314,1170335.813508,371198.640527,"2014_2019",1.57977259159088,1.85018658638,0.412426263093948,13.7038917541504,117.485015869141,11.4029197692871,0.914643287658691,30.6559448242188,15.8616552352905,0.671533584594727,1,10.5414600372314,"train",371,4,0.47852348993288
"270",1,1,-3.13524723052979,1181959.867566,371745.917427,"2014_2019",1.54243218898773,1.71862816810608,0.148046210408211,12.3243064880371,118.734718322754,12.0806837081909,1.02149868011475,30.3151664733887,7.19777679443359,-0.984187364578247,1,-3.13524723052979,"train",372,4,0.47852348993288
"271",1,1,16.1433773040771,1202411.809894,384461.51968,"2014_2019",1.72545528411865,1.79270923137665,0.920258045196533,11.1127147674561,121.291465759277,12.234902381897,1.37055838108063,29.326208114624,6.43955373764038,-0.0727386474609375,1,16.1433773040771,"train",374,4,0.47852348993288
"272",1,1,2.26269316673279,1203111.237349,384183.220643,"2014_2019",1.70892596244812,1.80032467842102,0.675398111343384,11.566309928894,121.717765808105,11.9397087097168,1.33861875534058,29.5218067169189,6.55409097671509,-0.196257591247559,1,2.26269316673279,"train",375,4,0.47852348993288
"273",1,1,-1.53833758831024,1203961.607993,382651.991622,"2014_2019",1.66272139549255,1.81469333171844,0.324607938528061,12.480242729187,122.165451049805,11.7939081192017,1.26994168758392,29.7683982849121,3.37809276580811,-0.106669425964355,1,-1.53833758831024,"train",376,4,0.47852348993288
"274",1,1,-4.76778936386108,1183633.83314,372690.351689,"2014_2019",1.65404617786407,1.93559300899506,0.363245785236359,13.9112119674683,120.748138427734,11.6967716217041,1.06558549404144,30.2692775726318,13.7198314666748,-1.93971562385559,1,-4.76778936386108,"train",377,4,0.47852348993288
"275",1,1,2.67739748954773,1201429.706352,383107.702871,"2014_2019",1.70350921154022,1.8228040933609,0.535374760627747,11.9754705429077,121.532348632812,11.9396076202393,1.31430613994598,29.6112022399902,2.81523442268372,-1.1638605594635,1,2.67739748954773,"train",378,4,0.47852348993288
"276",1,1,7.39719200134277,1201711.774794,382697.74349,"2014_2019",1.69459652900696,1.84221458435059,0.565009772777557,12.3732528686523,122.039657592773,11.7453451156616,1.2932733297348,29.7519607543945,3.99427080154419,-0.190771102905273,1,7.39719200134277,"train",379,4,0.47852348993288
"277",1,1,14.5682506561279,1057825.110248,553651.36032,"2014_2019",1.48649442195892,0.504032492637634,0.897214114665985,2.57617497444153,112.368125915527,12.8045263290405,0.591982066631317,27.8043537139893,8.14698028564453,-0.0342826843261719,1,14.5682506561279,"train",381,2,1.71394230769229
"278",1,1,-2.70017576217651,1202575.245843,382149.741912,"2014_2019",1.69096422195435,1.8768904209137,0.652751266956329,13.228946685791,122.351455688477,11.552640914917,1.27338540554047,29.8919010162354,1.84284353256226,-0.905007839202881,1,-2.70017576217651,"train",384,4,0.47852348993288
"279",1,1,1.38058805465698,1181972.869114,371712.765799,"2014_2019",1.55118668079376,1.73791658878326,0.156437143683434,12.474910736084,118.827743530273,12.0466642379761,1.02428078651428,30.3162593841553,6.94278287887573,-0.186205387115479,1,1.38058805465698,"train",386,4,0.47852348993288
"280",1,1,-0.666552186012268,1208453.606545,481140.415992,"2014_2019",1.92372035980225,1.1732931137085,0.11010430753231,2.18710923194885,114.701683044434,17.6566734313965,2.45891785621643,9.9328441619873,4.52709484100342,-0.00369805097579956,1,-0.666552186012268,"train",387,5,1.75615763546796
"281",1,1,13.8681230545044,1042372.994069,588614.294648,"2014_2019",1.25420045852661,1.61044406890869,0.638492584228516,17.5379047393799,111.150001525879,11.1204824447632,0.505283176898956,29.5573482513428,13.1074848175049,0.0806989669799805,1,13.8681230545044,"train",388,2,1.71394230769229
"282",1,1,4.31275510787964,1049829.191194,588756.5244,"2014_2019",1.50201940536499,1.58347964286804,0.318359911441803,14.2175893783569,111.675247192383,11.9857330322266,0.522953867912292,28.3159313201904,16.7835521697998,-0.0133147239685059,1,4.31275510787964,"train",389,2,1.71394230769229
"283",1,1,-0.569273471832275,1206449.289644,419392.763852,"2014_2019",1.52707886695862,0.782844662666321,0.437481701374054,3.81821393966675,118.488151550293,15.4919652938843,2.2326819896698,25.1861114501953,6.30065202713013,-0.0199853181838989,1,-0.569273471832275,"train",391,4,0.47852348993288
"284",1,1,-0.00227622152306139,1180477.732324,417668.410613,"2014_2019",1.89581716060638,0.924894630908966,0.393862098455429,4.53491067886353,116.459541320801,15.1443367004395,1.24188244342804,26.9110279083252,15.4223518371582,-0.477417528629303,1,-0.00227622152306139,"train",392,1,1.32037037037036
"285",1,1,3.28281927108765,1194405.248,430626.131027,"2014_2019",1.64953768253326,0.852236568927765,0.723355889320374,4.08782625198364,116.760818481445,14.6184034347534,2.16409635543823,25.8395004272461,35.5795669555664,-0.301287174224854,1,3.28281927108765,"train",394,1,1.32037037037036
"286",1,1,0.470971792936325,1190146.21309,384202.399546,"2014_2019",1.11025238037109,0.300130814313889,0.0465601868927479,1.03907585144043,113.69539642334,15.0700950622559,0.744415819644928,30.0984153747559,5.52731895446777,-0.028332531452179,1,0.470971792936325,"train",396,2,1.71394230769229
"287",1,1,-1.17814230918884,1190576.901316,412752.893987,"2014_2019",1.77800357341766,1.18182551860809,0.259916543960571,5.917649269104,118.345664978027,14.5416288375854,1.44186735153198,27.3062229156494,5.87650156021118,-0.0274543762207031,1,-1.17814230918884,"train",397,4,0.47852348993288
"288",1,1,11.579704284668,1044877.054789,584159.834918,"2014_2019",1.30584013462067,1.52110886573792,0.195209816098213,15.8312425613403,113.621307373047,11.3260097503662,0.511413216590881,29.600284576416,13.2747764587402,-0.0474319458007812,1,11.579704284668,"train",399,2,1.71394230769229
"289",1,1,20.6680126190186,1195497.621389,409567.020301,"2014_2019",1.76942944526672,1.223069190979,0.581020295619965,6.34263467788696,118.753799438477,14.426215171814,1.5758638381958,27.1585083007812,4.84560537338257,0.00356292724609375,1,20.6680126190186,"train",400,4,0.47852348993288
"290",1,1,16.523946762085,1042439.086941,589214.56435,"2014_2019",1.23145937919617,1.59850227832794,0.589933156967163,18.1770477294922,110.849571228027,11.0077066421509,0.505369603633881,29.6858596801758,18.5261135101318,-0.465339660644531,1,16.523946762085,"train",401,2,1.71394230769229
"291",1,1,-1.85158157348633,1179037.766979,420997.252285,"2014_2019",1.91164636611938,0.448764532804489,0.795434176921844,1.48095989227295,115.041549682617,15.5583934783936,1.21772968769073,26.3733425140381,24.761869430542,5.47668695449829,1,-1.85158157348633,"train",402,1,1.32037037037036
"292",1,1,-0.283245950937271,1203441.488998,419040.488175,"2014_2019",1.41513168811798,0.748148918151855,0.126170709729195,4.09884166717529,118.781944274902,14.5977687835693,1.67270481586456,27.2779006958008,3.79627776145935,-0.287531048059464,1,-0.283245950937271,"train",403,4,0.47852348993288
"293",1,1,-1.27575349807739,1203473.999791,419082.497268,"2014_2019",1.41454100608826,0.74693489074707,0.126735672354698,4.08996343612671,118.791404724121,14.6033172607422,1.67392539978027,27.2701663970947,1.96392428874969,-0.00816071033477783,1,-1.27575349807739,"train",404,4,0.47852348993288
"294",1,1,-3.10268688201904,1182735.21577,373344.457487,"2014_2019",1.61025619506836,1.9040778875351,0.199361398816109,13.6487684249878,120.314178466797,11.8113784790039,1.05501818656921,30.3228416442871,7.20060110092163,-1.31646239757538,1,-3.10268688201904,"train",405,4,0.47852348993288
"295",1,1,2.9789674282074,1194956.868369,409638.994012,"2014_2019",1.781853556633,1.2524961233139,0.637030184268951,6.55475187301636,118.760284423828,14.3205614089966,1.57415103912354,27.2484683990479,6.29312658309937,0.310433864593506,1,2.9789674282074,"train",407,4,0.47852348993288
"296",1,1,-1.86252665519714,1203292.707463,418417.136606,"2014_2019",1.4412008523941,0.804975390434265,0.230606839060783,4.43727779388428,118.960540771484,14.4553003311157,1.70118677616119,27.326208114624,11.2440271377563,1.24546766281128,1,-1.86252665519714,"train",408,4,0.47852348993288
"297",1,1,6.44104766845703,1201358.510441,418447.833744,"2014_2019",1.70214807987213,1.2406735420227,0.423068940639496,6.7730860710144,119.733474731445,13.7475719451904,1.75297355651855,27.4280853271484,33.070629119873,0.624087333679199,1,6.44104766845703,"train",411,1,1.32037037037036
"298",1,1,3.85473370552063,1189404.719886,417064.676583,"2014_2019",1.49645829200745,0.774610996246338,0.288145661354065,4.00389289855957,116.525596618652,15.6568660736084,1.33120512962341,26.6694431304932,19.2750625610352,0.107973098754883,1,3.85473370552063,"train",412,1,1.32037037037036
"299",1,1,4.22585487365723,1198169.375271,413508.3044,"2014_2019",1.74925303459167,1.32454645633698,0.462832361459732,7.29089784622192,119.277740478516,14.0145034790039,1.70767211914062,27.289134979248,20.5329990386963,0.0329165458679199,1,4.22585487365723,"train",414,1,1.32037037037036
"300",1,1,-0.237330809235573,1205855.622652,421686.711317,"2014_2019",1.53441500663757,0.817388594150543,0.338932663202286,4.14619827270508,118.81729888916,15.5129470825195,2.21918272972107,25.2066516876221,6.18351364135742,-0.79466837644577,1,-0.237330809235573,"train",415,4,0.47852348993288
"301",1,1,-1.41627621650696,1178996.548914,417649.300505,"2014_2019",1.92079019546509,0.928168535232544,0.52610319852829,4.47648429870605,117.417175292969,15.1168222427368,1.23084247112274,26.7624969482422,19.565788269043,2.36384320259094,1,-1.41627621650696,"train",416,1,1.32037037037036
"302",1,1,3.89825081825256,1200429.358714,409214.880865,"2014_2019",1.74942600727081,1.44512569904327,0.748534798622131,8.27061653137207,119.616554260254,13.3867263793945,1.6901947259903,27.8026180267334,7.73275518417358,-0.0539202690124512,1,3.89825081825256,"train",417,4,0.47852348993288
"303",1,1,15.6994256973267,1045319.594845,586235.112943,"2014_2019",1.35190546512604,1.61346912384033,0.668712735176086,15.0202465057373,111.443687438965,11.6741647720337,0.506828367710114,28.8895263671875,20.8709125518799,-0.0516767501831055,1,15.6994256973267,"train",418,2,1.71394230769229
"304",1,1,1.61296999454498,1194892.816497,431292.844127,"2014_2019",1.65145325660706,0.870880305767059,0.770378530025482,4.25485754013062,116.930381774902,14.5712633132935,2.17039895057678,25.8669586181641,2.00429534912109,-1.73108232021332,1,1.61296999454498,"train",419,4,0.47852348993288
"305",1,1,-2.93290185928345,1181274.134805,417102.97228,"2014_2019",1.86240351200104,0.908231139183044,0.224650576710701,4.44184637069702,115.973655700684,15.3119497299194,1.20391881465912,26.913761138916,16.6691837310791,0.0302934646606445,1,-2.93290185928345,"train",420,1,1.32037037037036
"306",1,1,0.13615594804287,1193434.971167,382688.598629,"2014_2019",0.904773890972137,0.223134100437164,0.0621051304042339,0.861719608306885,113.973243713379,15.3534755706787,0.751970946788788,30.2870063781738,0.797108709812164,-0.135216698050499,1,0.13615594804287,"train",421,2,1.71394230769229
"307",1,1,3.76355290412903,1054995.502219,588285.309325,"2014_2019",1.50313949584961,1.5037362575531,0.995275616645813,13.8799343109131,111.837516784668,11.8161582946777,0.546548426151276,28.3674011230469,1.76867485046387,0.597300291061401,1,3.76355290412903,"train",422,2,1.71394230769229
"308",1,1,0.0132954977452755,1055632.068597,583450.202284,"2014_2019",1.5823587179184,1.4542133808136,0.18390741944313,11.6984148025513,111.879035949707,12.326265335083,0.53438812494278,28.2764930725098,1.67941164970398,0.221822112798691,1,0.0132954977452755,"train",423,2,1.71394230769229
"309",1,1,9.39466190338135,1168556.401471,373138.098835,"2014_2019",1.73061084747314,0.970912992954254,0.163511350750923,6.13603401184082,116.917930603027,12.3913908004761,0.79054594039917,30.1767272949219,0.596828877925873,-0.0647668838500977,1,9.39466190338135,"train",424,4,0.47852348993288
"310",1,1,1.6172491312027,1204408.178194,420013.416757,"2014_2019",1.50232148170471,0.741599380970001,0.263873934745789,3.56400942802429,119.176116943359,15.7172813415527,2.26756644248962,24.9833164215088,7.43337726593018,-0.190960645675659,1,1.6172491312027,"train",425,4,0.47852348993288
"311",1,1,0.280111998319626,1191054.990136,412852.830474,"2014_2019",1.77822852134705,1.21173691749573,0.244836613535881,6.11934566497803,118.64762878418,14.5055627822876,1.47607398033142,27.2711410522461,4.77391147613525,-0.0319737493991852,1,0.280111998319626,"train",426,4,0.47852348993288
"312",1,1,-3.63812470436096,1181189.387011,417145.106036,"2014_2019",1.86800050735474,0.913854777812958,0.235968574881554,4.47925472259521,116.068466186523,15.2859735488892,1.20988750457764,26.914493560791,17.8354148864746,0.88480544090271,1,-3.63812470436096,"train",427,1,1.32037037037036
"313",1,1,1.04763042926788,1208823.246363,420654.826804,"2014_2019",1.60763669013977,0.93826162815094,0.459991186857224,4.85094690322876,117.978630065918,14.7384777069092,2.12754654884338,25.9981937408447,15.4500007629395,-0.114438533782959,1,1.04763042926788,"train",428,4,0.47852348993288
"314",1,1,1.6152400970459,1042078.534147,594106.135915,"2014_2019",1.23690915107727,1.48721444606781,0.368773549795151,18.0432300567627,110.55744934082,11.0427141189575,0.5704066157341,29.6160697937012,39.4297409057617,4.79355907440186,1,1.6152400970459,"train",429,1,1.32037037037036
"315",1,1,-3.00764799118042,1057196.904673,585533.660678,"2014_2019",1.60664451122284,1.48540711402893,0.253630220890045,11.8856678009033,112.307807922363,12.2962713241577,0.538605213165283,28.2557468414307,2.76843166351318,0,1,-3.00764799118042,"train",430,2,1.71394230769229
"316",1,1,3.17238974571228,1179755.247372,420145.088209,"2014_2019",1.88213956356049,0.398659408092499,0.728308916091919,1.24794387817383,115.609436035156,15.8303756713867,1.18817913532257,26.1968402862549,17.9292678833008,-0.671921014785767,1,3.17238974571228,"train",431,1,1.32037037037036
"317",1,1,0.0834991857409477,1203164.869723,419176.903062,"2014_2019",1.37187600135803,0.691581606864929,0.102262444794178,3.7596218585968,118.723297119141,14.6809597015381,1.65146028995514,27.3055076599121,6.1562647819519,-0.159942805767059,1,0.0834991857409477,"train",432,2,1.71394230769229
"318",1,1,-0.972493350505829,1205899.800257,419632.239592,"2014_2019",1.51910018920898,0.766452133655548,0.384277790784836,3.71262073516846,118.498504638672,15.5655450820923,2.2448570728302,25.1098747253418,2.98832988739014,-0.0990126729011536,1,-0.972493350505829,"train",434,4,0.47852348993288
"319",1,1,-4.94372892379761,1194392.724225,383310.28335,"2014_2019",1.01612687110901,0.451073557138443,0.112927176058292,2.55384540557861,114.811500549316,14.7988424301147,0.802562117576599,30.263973236084,8.69634914398193,-0.982607841491699,1,-4.94372892379761,"train",435,2,1.71394230769229
"320",1,1,-1.54199516773224,1199938.682582,383244.854309,"2014_2019",1.58245205879211,1.63694846630096,0.157220929861069,10.8324680328369,120.267318725586,12.6014423370361,1.26797306537628,29.4805469512939,2.30215167999268,-0.0147489309310913,1,-1.54199516773224,"train",436,4,0.47852348993288
"321",1,1,-0.0958288162946701,1198753.779445,413217.445788,"2014_2019",1.74624812602997,1.31587171554565,0.531357049942017,7.20135545730591,119.384773254395,13.8636407852173,1.750452876091,27.3294105529785,6.20510816574097,-0.135768383741379,1,-0.0958288162946701,"train",437,4,0.47852348993288
"322",1,1,3.68633532524109,1045133.9572,581576.665534,"2014_2019",1.29145646095276,1.41800248622894,0.241281107068062,13.9956903457642,112.46174621582,11.3643283843994,0.509097754955292,29.6562728881836,19.6319999694824,-0.998854875564575,1,3.68633532524109,"train",438,2,1.71394230769229
"323",1,1,-1.15668261051178,1042028.50075,583822.463742,"2014_2019",1.27045381069183,1.65822541713715,0.506617605686188,18.2687759399414,113.455627441406,11.1269512176514,0.514400541782379,29.6502895355225,13.7993936538696,0.556272745132446,1,-1.15668261051178,"train",439,2,1.71394230769229
"324",1,1,0.877169966697693,1179119.221946,421157.039191,"2014_2019",1.87671887874603,0.39265114068985,0.815891206264496,1.21903169155121,114.890518188477,15.9432945251465,1.16774523258209,26.1261348724365,25.8908500671387,3.83806657791138,1,0.877169966697693,"train",443,1,1.32037037037036
"325",1,1,-0.832625210285187,1207723.258906,418662.265845,"2014_2019",1.60390019416809,0.932409942150116,0.665982842445374,4.7124514579773,119.503868103027,14.6217937469482,2.18352913856506,26.0226631164551,7.87691593170166,0.129540026187897,1,-0.832625210285187,"train",445,4,0.47852348993288
"326",1,1,-2.67938828468323,1202855.535309,421050.211486,"2014_2019",1.48978352546692,0.738329946994781,0.132449790835381,3.60042071342468,119.261131286621,15.8102703094482,2.26578521728516,24.9275798797607,14.2046356201172,1.79869341850281,1,-2.67938828468323,"train",446,1,1.32037037037036
"327",1,1,-2.13793730735779,1202172.152782,419933.011292,"2014_2019",1.2116471529007,0.3891721367836,0.0957699716091156,1.85712349414825,117.496253967285,15.2523441314697,1.60105311870575,27.3043880462646,3.82770562171936,0.739970684051514,1,-2.13793730735779,"train",447,2,1.71394230769229
"328",1,1,-1.5711681842804,1208975.584206,420641.666926,"2014_2019",1.61344599723816,0.951178550720215,0.439035475254059,4.93264770507812,117.928192138672,14.6605596542358,2.11792492866516,26.0765075683594,20.873119354248,1.29532098770142,1,-1.5711681842804,"train",449,1,1.32037037037036
"329",1,1,-0.290515869855881,1199593.651217,409742.267039,"2014_2019",1.74960255622864,1.39857840538025,0.72035026550293,7.842698097229,119.523292541504,13.5836811065674,1.70329546928406,27.6310043334961,8.67145156860352,-0.2742780148983,1,-0.290515869855881,"train",450,4,0.47852348993288
"330",1,1,10.9425964355469,1039725.946169,589353.853031,"2014_2019",1.23563766479492,1.63227880001068,0.467785239219666,18.1162376403809,113.9228515625,11.092547416687,0.503695368766785,29.6505317687988,13.4216375350952,-0.00501918792724609,1,10.9425964355469,"train",451,2,1.71394230769229
"331",1,1,0.24320162832737,1197165.852661,404288.892222,"2014_2019",1.82617437839508,1.50348544120789,0.385197758674622,8.60826873779297,119.734596252441,13.3679275512695,1.56471836566925,28.0791931152344,0.768985271453857,0.0029560923576355,1,0.24320162832737,"train",452,4,0.47852348993288
"332",1,1,4.57627010345459,1040516.777587,593442.308985,"2014_2019",1.24173605442047,1.5572030544281,0.441150814294815,18.362829208374,110.009078979492,11.0470294952393,0.550330698490143,29.6372146606445,9.48717021942139,-0.551074504852295,1,4.57627010345459,"train",454,2,1.71394230769229
"333",1,1,-0.560702621936798,1193387.16526,409586.170088,"2014_2019",1.75948882102966,1.26946473121643,0.404134452342987,6.7116231918335,118.641181945801,14.3658838272095,1.52367794513702,27.3664512634277,5.41063499450684,-0.134894162416458,1,-0.560702621936798,"train",455,4,0.47852348993288
"334",1,1,-1.71773457527161,1201986.075414,418143.680975,"2014_2019",1.65918207168579,1.18221783638,0.440755903720856,6.44401693344116,119.626304626465,13.7608671188354,1.74828195571899,27.4896678924561,36.9500694274902,6.00125598907471,1,-1.71773457527161,"train",456,1,1.32037037037036
"335",1,1,2.38436079025269,1201043.699511,385903.382703,"2014_2019",1.35459566116333,1.0354528427124,0.146846100687981,6.11291933059692,118.517837524414,13.7271957397461,1.20312905311584,29.0580234527588,6.04745244979858,0.161605834960938,1,2.38436079025269,"train",457,2,1.71394230769229
"336",1,1,5.81438446044922,1195023.546404,409612.368106,"2014_2019",1.77963519096375,1.24839603900909,0.635951578617096,6.51861715316772,118.752433776855,14.3422231674194,1.57418823242188,27.2314872741699,5.70796537399292,-0.155182838439941,1,5.81438446044922,"train",458,4,0.47852348993288
"337",1,1,4.23356008529663,1204036.431276,418383.855891,"2014_2019",1.57526123523712,1.01454532146454,0.2881980240345,5.64767646789551,119.253898620605,14.0694160461426,1.7397803068161,27.4026832580566,9.54155826568604,-0.242842674255371,1,4.23356008529663,"train",459,4,0.47852348993288
"338",1,1,2.02191948890686,1050049.025661,588792.770323,"2014_2019",1.50292837619781,1.58305931091309,0.33227264881134,14.2127418518066,111.768135070801,11.9848051071167,0.523152410984039,28.3161678314209,13.5603637695312,-0.228001594543457,1,2.02191948890686,"train",460,2,1.71394230769229
"339",1,1,-2.61030888557434,1178903.201172,418064.349463,"2014_2019",1.91851234436035,0.859178364276886,0.61183363199234,4.03736400604248,117.235282897949,15.1748552322388,1.23326528072357,26.7054615020752,16.5162448883057,-0.018751859664917,1,-2.61030888557434,"train",461,1,1.32037037037036
"340",1,1,1.6523529291153,1169564.010316,373145.251769,"2014_2019",1.794273853302,0.749600648880005,0.219963863492012,4.3463830947876,116.444458007812,13.0121259689331,0.703733325004578,29.7057952880859,2.80959725379944,-0.120479702949524,1,1.6523529291153,"train",462,4,0.47852348993288
"341",1,1,-1.20294833183289,1192096.50853,413022.816965,"2014_2019",1.77894985675812,1.15676915645599,0.412936955690384,5.83090877532959,118.783920288086,14.4876489639282,1.5069397687912,27.2006359100342,6.60900259017944,-1.2337167263031,1,-1.20294833183289,"train",464,4,0.47852348993288
"342",1,1,-1.04895401000977,1178750.371657,420677.45643,"2014_2019",1.93204212188721,0.511394143104553,0.822380900382996,1.8105194568634,115.198150634766,15.3150634765625,1.24903476238251,26.5418357849121,24.9628562927246,1.94134855270386,1,-1.04895401000977,"train",465,1,1.32037037037036
"343",1,1,2.73333358764648,1200588.921146,383932.099242,"2014_2019",1.5741446018219,1.58600294589996,0.249625518918037,10.0975399017334,119.833969116211,12.7634258270264,1.27467465400696,29.3513584136963,4.1557126045227,-0.047065258026123,1,2.73333358764648,"train",469,4,0.47852348993288
"344",1,1,-1.77332639694214,1192499.045405,422578.707082,"2014_2019",1.72844123840332,0.884267032146454,0.552140414714813,4.3712854385376,118.145408630371,15.4313316345215,1.60638022422791,26.1896743774414,21.591646194458,3.10943222045898,1,-1.77332639694214,"train",470,1,1.32037037037036
"345",1,1,-2.94350504875183,1189509.46776,416836.775239,"2014_2019",1.53867256641388,0.802789390087128,0.320087313652039,4.12176370620728,116.852462768555,15.5919694900513,1.34549558162689,26.6752910614014,17.9569511413574,1.03232860565186,1,-2.94350504875183,"train",471,1,1.32037037037036
"346",1,1,17.9015197753906,1044600.366835,586193.483408,"2014_2019",1.335489153862,1.62607228755951,0.752919495105743,15.4796667098999,111.411819458008,11.5568084716797,0.508852601051331,29.0312118530273,18.7702198028564,-0.207132339477539,1,17.9015197753906,"train",473,2,1.71394230769229
"347",1,1,1.97353053092957,1055344.507791,586190.076763,"2014_2019",1.53871941566467,1.4947555065155,0.503050625324249,13.1331081390381,113.315071105957,11.8616151809692,0.546630084514618,28.4221820831299,3.72770690917969,-0.744898557662964,1,1.97353053092957,"train",476,2,1.71394230769229
"348",1,1,-0.0212887283414602,1197378.686366,431322.830856,"2014_2019",1.58864855766296,0.427642345428467,0.665542602539062,1.32210922241211,117.630630493164,15.2425060272217,2.58733105659485,24.7005767822266,11.8723497390747,-0.343962997198105,1,-0.0212887283414602,"train",477,4,0.47852348993288
"349",1,1,0.103248491883278,1203960.686296,417693.129023,"2014_2019",1.66087961196899,1.18673980236053,0.383962154388428,6.57000494003296,119.727737426758,13.6196556091309,1.79068434238434,27.5473670959473,4.85890293121338,-0.246502831578255,1,0.103248491883278,"train",481,4,0.47852348993288
"350",1,1,-2.60920357704163,1207369.377295,418880.227494,"2014_2019",1.56856608390808,0.860235393047333,0.660899877548218,4.27573585510254,119.132629394531,15.0371150970459,2.21210622787476,25.6277351379395,3.48714184761047,-0.0182342529296875,1,-2.60920357704163,"train",482,4,0.47852348993288
"351",1,1,3.44405508041382,1196996.221835,408812.932267,"2014_2019",1.77215707302094,1.29678416252136,0.538209915161133,7.00152206420898,119.064521789551,14.1913547515869,1.6203488111496,27.2716999053955,1.6845725774765,-0.00714945793151855,1,3.44405508041382,"train",483,4,0.47852348993288
"352",1,1,-1.28632807731628,1047020.679925,585808.088432,"2014_2019",1.4329606294632,1.59571671485901,0.241597503423691,14.3885345458984,111.031242370605,12.0832738876343,0.499471008777618,28.4913177490234,15.3752460479736,1.68696999549866,1,-1.28632807731628,"train",484,2,1.71394230769229
"353",1,1,3.16073942184448,1175956.014809,443236.711063,"2014_2019",1.69059240818024,0.369357019662857,0.346365541219711,1.38234925270081,116.584297180176,16.5043334960938,1.48186647891998,25.0888214111328,4.10675001144409,-0.756328821182251,1,3.16073942184448,"train",485,3,1.32037037037036
"354",1,1,1.69225287437439,1197381.405537,406652.314309,"2014_2019",1.77372193336487,1.36913359165192,0.34508427977562,7.6553201675415,119.530235290527,14.0095348358154,1.60666286945343,27.5271739959717,1.52730083465576,-0.00171124935150146,1,1.69225287437439,"train",486,4,0.47852348993288
"355",1,1,2.61657309532166,1190504.585238,419150.645451,"2014_2019",1.54833555221558,0.920311987400055,0.281253278255463,4.88620281219482,116.430061340332,15.3812456130981,1.38018107414246,26.7418212890625,2.94295907020569,0.119930982589722,1,2.61657309532166,"train",487,4,0.47852348993288
"356",1,1,2.60246896743774,1198695.270144,415708.596708,"2014_2019",1.70516419410706,1.14446353912354,0.505299746990204,6.04512929916382,118.677925109863,14.6623001098633,1.73760485649109,26.6672077178955,2.95870018005371,0.707215905189514,1,2.60246896743774,"train",488,4,0.47852348993288
"357",1,1,9.36805152893066,1199677.880602,419576.075054,"2014_2019",1.72681796550751,1.26352429389954,0.297379016876221,6.86620378494263,118.676239013672,13.9533796310425,1.78584885597229,27.1546401977539,32.9391746520996,-0.584477424621582,1,9.36805152893066,"train",489,1,1.32037037037036
"358",1,1,-1.77178132534027,1202949.045445,419306.808111,"2014_2019",1.33934152126312,0.655891358852386,0.0976933091878891,3.57136106491089,118.546867370605,14.8070774078369,1.61840879917145,27.2986431121826,10.1407461166382,0.835097908973694,1,-1.77178132534027,"train",490,2,1.71394230769229
"359",1,1,1.07962512969971,1194306.713185,415549.114256,"2014_2019",1.75662541389465,1.16897988319397,0.387880325317383,6.24846649169922,119.332099914551,14.4429502487183,1.65214037895203,26.9531745910645,6.35864734649658,0.0492303371429443,1,1.07962512969971,"train",491,4,0.47852348993288
"360",1,1,15.5976057052612,1197913.242761,400327.504971,"2014_2019",1.83635818958282,1.59777390956879,0.596482038497925,9.16475868225098,119.72380065918,13.3131723403931,1.56136655807495,28.2008743286133,4.07843399047852,-0.0546903610229492,1,15.5976057052612,"train",492,4,0.47852348993288
"361",1,1,2.48875117301941,1043079.437969,592742.039056,"2014_2019",1.22412729263306,1.3936824798584,0.331581205129623,17.0365982055664,111.006530761719,11.2044115066528,0.564156413078308,29.5855197906494,15.4759044647217,-0.762626647949219,1,2.48875117301941,"train",493,2,1.71394230769229
"362",1,1,-0.362510740756989,1191553.944212,405494.083337,"2014_2019",1.67829990386963,1.22296726703644,0.201946169137955,6.63301038742065,117.431983947754,14.5093050003052,1.49480020999908,27.4884872436523,1.79869997501373,-0.00620859861373901,1,-0.362510740756989,"train",497,4,0.47852348993288
"363",1,1,4.78231382369995,1055290.506333,583660.462658,"2014_2019",1.46456933021545,1.24366891384125,0.196997046470642,9.81852149963379,111.737251281738,12.6560974121094,0.519105672836304,28.2440738677979,12.9376573562622,-0.133138179779053,1,4.78231382369995,"train",498,2,1.71394230769229
"364",1,1,-2.23897504806519,1199374.626682,415122.77269,"2014_2019",1.70809960365295,1.17825853824615,0.493902117013931,6.2028284072876,118.853317260742,14.4418029785156,1.7677081823349,26.8079833984375,8.56713199615479,0.911420583724976,1,-2.23897504806519,"train",499,4,0.47852348993288
"365",1,1,1.17028868198395,1193760.7826,420744.77402,"2014_2019",1.72968542575836,1.00802958011627,0.503232896327972,5.19138145446777,118.409187316895,15.0304307937622,1.64300286769867,26.457426071167,10.9026193618774,0.148100256919861,1,1.17028868198395,"train",501,4,0.47852348993288
"366",1,1,4.88480281829834,1046909.787464,585872.169521,"2014_2019",1.42446446418762,1.59543466567993,0.269160747528076,14.3974313735962,111.121604919434,12.0527667999268,0.500522434711456,28.5121479034424,7.03566884994507,-0.215440273284912,1,4.88480281829834,"train",504,2,1.71394230769229
"367",1,1,7.18626499176025,1197408.352587,409709.189375,"2014_2019",1.76060354709625,1.29836666584015,0.602540254592896,7.01476240158081,119.119430541992,14.1090135574341,1.6432272195816,27.2970008850098,9.48391628265381,-0.687513828277588,1,7.18626499176025,"train",505,4,0.47852348993288
"368",1,1,0.616807639598846,1197679.324622,426653.934109,"2014_2019",1.67993235588074,1.09162223339081,0.54814076423645,5.87795448303223,117.408996582031,14.6162252426147,1.99654531478882,26.2291469573975,10.2974948883057,-0.0873908996582031,1,0.616807639598846,"train",506,4,0.47852348993288
"369",1,1,1.4749368429184,1044948.165862,582154.975284,"2014_2019",1.30057370662689,1.48578858375549,0.23620580136776,15.2512111663818,112.87873840332,11.3160743713379,0.512258648872375,29.6493492126465,5.05664443969727,0.146299958229065,1,1.4749368429184,"train",507,2,1.71394230769229
"370",1,1,0.161684766411781,1044968.61399,582140.988463,"2014_2019",1.30026149749756,1.48002755641937,0.22785921394825,15.1555042266846,112.849212646484,11.3219146728516,0.511555016040802,29.6491661071777,8.21874523162842,0.103901691734791,1,0.161684766411781,"train",508,2,1.71394230769229
"371",1,1,0.683370292186737,1190091.91137,413761.948155,"2014_2019",1.65636277198792,0.740053296089172,0.32255956530571,3.15743494033813,118.052574157715,15.3784523010254,1.26667964458466,26.9263000488281,3.82836747169495,0.0650829076766968,1,0.683370292186737,"train",509,4,0.47852348993288
"372",1,1,0.0439080409705639,1190967.501023,413651.886982,"2014_2019",1.73598873615265,1.00085628032684,0.370562762022018,4.71301031112671,118.414672851562,14.8590793609619,1.41181111335754,27.0710887908936,1.67562198638916,-0.507784843444824,1,0.0439080409705639,"train",510,4,0.47852348993288
"373",1,1,2.31851267814636,1194155.179592,409585.855556,"2014_2019",1.78750860691071,1.28058016300201,0.588416576385498,6.80964374542236,118.906875610352,14.1667385101318,1.56425487995148,27.4011669158936,2.33802199363708,-0.0116991996765137,1,2.31851267814636,"train",511,4,0.47852348993288
"374",1,1,-0.830469787120819,1191003.042269,413472.355844,"2014_2019",1.75500869750977,1.08074998855591,0.31268835067749,5.23550844192505,118.527374267578,14.716495513916,1.44121420383453,27.1402835845947,2.87446594238281,-0.671445071697235,1,-0.830469787120819,"train",514,4,0.47852348993288
"375",1,1,-0.284322381019592,1180632.852919,438647.522359,"2014_2019",1.75788223743439,0.459244757890701,0.352874785661697,1.75684797763824,117.741516113281,16.3556308746338,1.37311255931854,25.5009517669678,5.23972415924072,0.139004617929459,1,-0.284322381019592,"train",515,4,0.47852348993288
"376",1,1,-2.37500667572021,1041883.929815,584037.875208,"2014_2019",1.26721453666687,1.65553522109985,0.511866986751556,18.2406787872314,113.438323974609,11.1259126663208,0.513215184211731,29.6476535797119,11.8938112258911,0.962915182113647,1,-2.37500667572021,"train",517,2,1.71394230769229
"377",1,1,0.56914758682251,1194882.512701,397655.845371,"2014_2019",1.70996451377869,1.46927535533905,0.21108566224575,8.09358501434326,116.802642822266,13.821005821228,1.56788527965546,27.9829769134521,0.832156836986542,0.00937372446060181,1,0.56914758682251,"train",518,4,0.47852348993288
"378",1,1,12.2413339614868,1182766.072425,412664.866673,"2014_2019",1.76075518131256,0.70977258682251,0.249329090118408,3.30952024459839,117.348167419434,15.5038232803345,1.17754983901978,26.8681716918945,11.647946357727,-0.310493469238281,1,12.2413339614868,"train",519,4,0.47852348993288
"379",1,1,0.786208212375641,1188725.249435,412662.462181,"2014_2019",1.61347448825836,0.643613457679749,0.327483147382736,2.68751549720764,116.957855224609,15.724907875061,1.13115298748016,26.94504737854,6.65567255020142,0.0104183554649353,1,0.786208212375641,"train",520,4,0.47852348993288
"380",1,1,-0.781659126281738,1190357.884248,412757.63747,"2014_2019",1.77545249462128,1.12482142448425,0.245489194989204,5.54209899902344,118.153800964355,14.605712890625,1.41418099403381,27.2925720214844,6.16401147842407,0.0276137590408325,1,-0.781659126281738,"train",521,4,0.47852348993288
"381",1,1,3.26915097236633,1180822.325072,438319.99036,"2014_2019",1.766317486763,0.471212327480316,0.354422450065613,1.83445847034454,117.77604675293,16.3457145690918,1.37405586242676,25.5161952972412,5.02528715133667,0.0481574535369873,1,3.26915097236633,"train",522,4,0.47852348993288
"382",1,1,2.68951463699341,1195555.277424,403412.663924,"2014_2019",1.81719410419464,1.39217114448547,0.510338962078094,7.65967702865601,119.591423034668,13.7206153869629,1.55021131038666,27.7891521453857,3.17327833175659,-0.00694131851196289,1,2.68951463699341,"train",523,4,0.47852348993288
"383",1,1,0.615160644054413,1192652.04318,412812.666534,"2014_2019",1.78085315227509,1.15691268444061,0.426709860563278,5.89245271682739,118.824317932129,14.4812803268433,1.51818466186523,27.1832523345947,0.799552977085114,0.0173351168632507,1,0.615160644054413,"train",524,4,0.47852348993288
"384",1,1,1.49427807331085,1206654.778956,421399.047239,"2014_2019",1.54909956455231,0.849980235099792,0.353813946247101,4.35158443450928,118.635314941406,15.3611183166504,2.1766676902771,25.4168853759766,2.56026387214661,-0.0056997537612915,1,1.49427807331085,"train",525,4,0.47852348993288
"385",1,1,-1.231529712677,1188914.225312,412616.131229,"2014_2019",1.64941132068634,0.711921036243439,0.362692564725876,3.05622792243958,117.180107116699,15.4980506896973,1.18146431446075,27.015796661377,7.33997917175293,-0.154247403144836,1,-1.231529712677,"train",527,4,0.47852348993288
"386",1,1,2.10765600204468,1192605.17401,412561.89992,"2014_2019",1.78229606151581,1.18856334686279,0.407839983701706,6.09019613265991,118.903961181641,14.4689960479736,1.52136421203613,27.2017498016357,1.09107458591461,0.0402083396911621,1,2.10765600204468,"train",530,4,0.47852348993288
"387",1,1,-3.00764799118042,1060584.563723,578464.4815,"2014_2019",1.60878455638885,0.695544362068176,0.424451768398285,4.29308843612671,108.710235595703,12.9419107437134,0.5303093791008,27.5268383026123,6.58827304840088,0.838897466659546,1,-3.00764799118042,"train",531,2,1.71394230769229
"388",1,1,6.20306777954102,1057562.845927,555688.684237,"2014_2019",1.45731139183044,1.01516616344452,1.11430072784424,8.6308422088623,111.813507080078,11.4983682632446,0.700186252593994,28.7763614654541,6.19656705856323,0.0186243057250977,1,6.20306777954102,"train",535,2,1.71394230769229
"389",1,1,-3.00764799118042,1199319.800367,413631.019976,"2014_2019",1.73465347290039,1.29819571971893,0.558714389801025,7.07579946517944,119.315994262695,13.8564596176147,1.77811253070831,27.2830276489258,12.8570032119751,1.34648370742798,1,-3.00764799118042,"train",537,4,0.47852348993288
"390",1,1,1.52970242500305,1203969.844414,420149.428291,"2014_2019",1.49205803871155,0.73420774936676,0.211360439658165,3.55915975570679,119.264183044434,15.6930208206177,2.23894572257996,25.0803184509277,1.97718870639801,-0.00586187839508057,1,1.52970242500305,"train",538,4,0.47852348993288
"391",1,1,3.03086113929749,1208901.443837,420639.818917,"2014_2019",1.61110424995422,0.945917904376984,0.451804101467133,4.89914846420288,117.949928283691,14.691502571106,2.12237596511841,26.044075012207,16.7115001678467,0.0473029613494873,1,3.03086113929749,"train",539,1,1.32037037037036
"392",1,1,-0.301200836896896,1208753.847063,480773.96774,"2014_2019",1.7141181230545,0.939880788326263,0.100733891129494,1.77391052246094,114.831390380859,18.1315422058105,2.70897889137268,10.3082218170166,6.39530038833618,-0.0585941523313522,1,-0.301200836896896,"train",540,5,1.75615763546796
"393",1,1,-3.96554470062256,1181319.453145,412201.135945,"2014_2019",1.83077323436737,0.932914674282074,0.184475421905518,4.63422346115112,116.384162902832,15.1534280776978,1.21985065937042,26.9947052001953,11.2081212997437,0.639250755310059,1,-3.96554470062256,"train",544,4,0.47852348993288
"394",1,1,7.22884798049927,1196897.678279,411221.158405,"2014_2019",1.75335550308228,1.24844074249268,0.584237635135651,6.6061806678772,119.01969909668,14.299090385437,1.66063332557678,27.1176948547363,11.4239130020142,-0.0591802597045898,1,7.22884798049927,"train",545,4,0.47852348993288
"395",1,1,5.06573152542114,1195470.821741,393316.471221,"2014_2019",1.33605647087097,1.15468049049377,0.153915748000145,5.999098777771,116.321998596191,14.4334688186646,1.46974503993988,28.2099857330322,0.693704009056091,-0.0225386619567871,1,5.06573152542114,"train",546,2,1.71394230769229
"396",1,1,13.7303943634033,1192699.189486,410658.003149,"2014_2019",1.76420783996582,1.33824110031128,0.23498447239399,6.99599027633667,119.078201293945,14.2949857711792,1.51866042613983,27.4619483947754,3.78320169448853,0.368314743041992,1,13.7303943634033,"train",547,4,0.47852348993288
"397",1,1,-1.83605301380157,1192693.476519,415146.465559,"2014_2019",1.7069354057312,0.960642516613007,0.439495116472244,4.64800262451172,118.63899230957,14.9795064926147,1.45124578475952,26.8692512512207,4.90731620788574,-0.0190944671630859,1,-1.83605301380157,"train",548,4,0.47852348993288
"398",1,1,-1.98029768466949,1191680.195743,405820.278714,"2014_2019",1.63507032394409,1.22678637504578,0.222560346126556,6.65441989898682,117.913200378418,14.4975147247314,1.52338814735413,27.513521194458,4.02137088775635,-0.00443601608276367,1,-1.98029768466949,"train",549,4,0.47852348993288
"399",1,1,-1.89628911018372,1197833.306755,390346.243065,"2014_2019",1.61982536315918,1.41721177101135,0.219786658883095,7.77778768539429,118.319236755371,13.9011669158936,1.46929728984833,28.3144569396973,6.4900221824646,-0.00936675071716309,1,-1.89628911018372,"train",550,4,0.47852348993288
"400",1,1,-1.24810910224915,1198948.014642,415257.103508,"2014_2019",1.70769250392914,1.16634333133698,0.471614867448807,6.14763689041138,118.77513885498,14.5176486968994,1.75716376304626,26.7563247680664,2.87904691696167,0.0094677209854126,1,-1.24810910224915,"train",551,4,0.47852348993288
"401",1,1,1.68502187728882,1207008.747887,419204.634899,"2014_2019",1.54553115367889,0.819712936878204,0.552741765975952,4.04004955291748,118.805130004883,15.2995462417603,2.22171425819397,25.3774070739746,3.33924293518066,-0.0238597393035889,1,1.68502187728882,"train",553,4,0.47852348993288
"402",1,1,16.456714630127,1045367.820428,584021.154209,"2014_2019",1.3016551733017,1.3713595867157,0.155262187123299,13.6009426116943,113.282608032227,11.407826423645,0.505258858203888,29.6134910583496,11.6582431793213,0.00999259948730469,1,16.456714630127,"train",555,2,1.71394230769229
"403",1,1,3.73351263999939,1201945.006828,388645.347052,"2014_2019",1.75408852100372,1.62811028957367,0.544210851192474,9.38957118988037,120.021057128906,13.3017196655273,1.44385147094727,28.5052738189697,2.49758052825928,-0.745994806289673,1,3.73351263999939,"train",556,4,0.47852348993288
"404",1,1,-2.8610315322876,1046809.184641,571557.430051,"2014_2019",1.36115956306458,1.60776376724243,0.871533334255219,18.6298084259033,112.337028503418,10.9150714874268,0.599275708198547,29.6294136047363,15.2899951934814,3.57652425765991,1,-2.8610315322876,"train",557,2,1.71394230769229
"405",1,1,-0.0230170786380768,1189957.379437,434725.353274,"2014_2019",1.54393661022186,0.849821031093597,0.0941867530345917,4.39666700363159,117.970359802246,15.4630031585693,1.72168898582458,26.0899391174316,0.697064220905304,0.00533922202885151,1,-0.0230170786380768,"train",558,3,1.32037037037036
"406",1,1,9.89987277984619,1040385.382407,585750.595909,"2014_2019",1.2857757806778,1.65875494480133,0.435286641120911,17.8588542938232,112.826477050781,11.221438407898,0.505759060382843,29.5453624725342,8.36872959136963,-0.0667390823364258,1,9.89987277984619,"train",560,2,1.71394230769229
"407",1,1,7.09665107727051,1196392.097109,404678.90738,"2014_2019",1.81791234016418,1.45405304431915,0.422994703054428,8.23737621307373,119.50203704834,13.5729732513428,1.55332136154175,27.9148750305176,4.06445217132568,-0.634111881256104,1,7.09665107727051,"train",562,4,0.47852348993288
"408",1,1,-3.00764799118042,1199376.080196,414163.82629,"2014_2019",1.72498214244843,1.25678622722626,0.568442940711975,6.75382041931152,119.234146118164,14.0508737564087,1.78032171726227,27.1195869445801,10.8434190750122,2.93057775497437,1,-3.00764799118042,"train",563,4,0.47852348993288
"409",1,1,6.1266827583313,1174904.266845,444716.227633,"2014_2019",1.67596113681793,0.331552952528,0.384018033742905,1.17219698429108,116.76749420166,16.5156211853027,1.63649046421051,24.8024883270264,4.46618604660034,0.026400089263916,1,6.1266827583313,"train",564,4,0.47852348993288
"410",1,1,-1.20689737796783,1190385.128098,434222.209659,"2014_2019",1.41895139217377,0.728014647960663,0.07682666182518,3.7947895526886,117.189224243164,15.753212928772,1.72076117992401,26.0349292755127,1.97566497325897,-0.0177123546600342,1,-1.20689737796783,"train",565,3,1.32037037037036
"411",1,1,1.54133546352386,1190849.782191,413691.890052,"2014_2019",1.72479283809662,0.956242561340332,0.374478101730347,4.44520139694214,118.361778259277,14.9282112121582,1.39306235313416,27.0483779907227,3.19368410110474,-0.0321381092071533,1,1.54133546352386,"train",566,4,0.47852348993288
"412",1,1,5.56277513504028,1191158.785136,418400.377895,"2014_2019",1.63208758831024,1.0165684223175,0.232257649302483,5.37739753723145,117.572456359863,15.1047582626343,1.45377361774445,26.7722797393799,12.9089460372925,-0.649632453918457,1,5.56277513504028,"train",567,4,0.47852348993288
"413",1,1,2.48727631568909,1197794.731454,413816.657994,"2014_2019",1.74785661697388,1.31782209873199,0.293854743242264,7.27263402938843,119.219085693359,14.1024255752563,1.69287359714508,27.2403602600098,13.0661735534668,-1.67106080055237,1,2.48727631568909,"train",568,4,0.47852348993288
"414",1,1,-0.791942656040192,1190224.328884,434027.805675,"2014_2019",1.41266059875488,0.724106311798096,0.0918705761432648,3.75217819213867,117.127326965332,15.803147315979,1.71605384349823,25.9985332489014,2.79493451118469,-0.127340078353882,1,-0.791942656040192,"train",569,3,1.32037037037036
"415",1,1,0.393082559108734,1195138.071914,397205.669407,"2014_2019",1.65557074546814,1.44274759292603,0.256801962852478,7.850754737854,116.827156066895,13.8990793228149,1.56294083595276,28.0108451843262,1.7635041475296,0.220763683319092,1,0.393082559108734,"train",576,4,0.47852348993288
"416",1,1,-1.43262457847595,1193249.550479,425149.954945,"2014_2019",1.73464977741241,1.09310615062714,0.336816281080246,5.76214027404785,118.792366027832,14.7302989959717,1.73782849311829,26.4833679199219,8.41986560821533,0.48744010925293,1,-1.43262457847595,"train",577,4,0.47852348993288
"417",1,1,0.0884343534708023,1192464.509841,408695.921016,"2014_2019",1.68649339675903,1.2011227607727,0.290819227695465,6.31898069381714,118.167785644531,14.6651229858398,1.48033046722412,27.3622093200684,2.41875147819519,-0.168333515524864,1,0.0884343534708023,"train",578,4,0.47852348993288
"418",1,1,-1.18915688991547,1193421.444687,409669.337932,"2014_2019",1.75862038135529,1.26808393001556,0.428161799907684,6.69977474212646,118.65348815918,14.3688220977783,1.52402913570404,27.3615951538086,2.50614953041077,-0.114523530006409,1,-1.18915688991547,"train",579,4,0.47852348993288
"419",1,1,4.70360374450684,1201311.521109,387726.606849,"2014_2019",1.74885439872742,1.59762048721313,0.480797350406647,9.16346168518066,119.809440612793,13.3576831817627,1.45142829418182,28.5077667236328,3.32481718063354,-1.43958330154419,1,4.70360374450684,"train",580,4,0.47852348993288
"420",1,1,-2.25708413124084,1180706.192881,417543.893071,"2014_2019",1.87897646427155,0.92020833492279,0.396232068538666,4.51207494735718,116.228500366211,15.2409687042236,1.22222089767456,26.9162521362305,16.5243339538574,0.664862155914307,1,-2.25708413124084,"train",582,1,1.32037037037036
"421",1,1,-2.22999453544617,1191897.736614,432277.272525,"2014_2019",1.4509379863739,0.783480226993561,0.286835849285126,3.9943699836731,115.753959655762,15.5224990844727,1.88781106472015,25.8731861114502,12.7082080841064,0.00491881370544434,1,-2.22999453544617,"train",583,3,1.32037037037036
"422",1,1,0.507579624652863,1192029.726248,412352.753,"2014_2019",1.78457140922546,1.22310483455658,0.291022777557373,6.29050540924072,118.736083984375,14.461012840271,1.51566398143768,27.2338809967041,4.5913290977478,-0.230590462684631,1,0.507579624652863,"train",584,4,0.47852348993288
"423",1,1,-0.678655624389648,1192457.832945,408436.603728,"2014_2019",1.68159639835358,1.20290875434875,0.29699581861496,6.35223150253296,118.236892700195,14.6278047561646,1.48860955238342,27.3792591094971,3.2054762840271,-0.00692999362945557,1,-0.678655624389648,"train",586,4,0.47852348993288
"424",1,1,0.943814218044281,1192465.129046,408617.689419,"2014_2019",1.68569457530975,1.20226585865021,0.292710214853287,6.33295774459839,118.190391540527,14.6513776779175,1.48301815986633,27.3674831390381,3.2873797416687,0.0152859091758728,1,0.943814218044281,"train",587,4,0.47852348993288
"425",1,1,0.314659595489502,1186192.003712,431803.335929,"2014_2019",1.74079513549805,0.62266618013382,0.346787363290787,2.72777271270752,116.894218444824,16.2801094055176,1.41181075572968,25.693000793457,2.72491216659546,-0.0953368842601776,1,0.314659595489502,"train",588,4,0.47852348993288
"426",1,1,-2.83537912368774,1193039.816245,420309.991712,"2014_2019",1.74018621444702,1.09105968475342,0.293031454086304,5.75598192214966,118.459228515625,14.8479242324829,1.61419701576233,26.6635246276855,12.5474309921265,1.69367837905884,1,-2.83537912368774,"train",590,4,0.47852348993288
"427",1,1,0.784079313278198,1191895.133763,431533.254596,"2014_2019",1.5843631029129,0.879176259040833,0.319781571626663,4.46634197235107,115.773773193359,15.3210248947144,1.9355217218399,25.7854881286621,11.0847520828247,-0.149156868457794,1,0.784079313278198,"train",591,4,0.47852348993288
"428",1,1,6.81377077102661,1197452.329211,408084.530413,"2014_2019",1.77062880992889,1.31246840953827,0.510505616664886,7.14701843261719,119.045379638672,14.1615114212036,1.61996185779572,27.3063049316406,2.60786056518555,-0.00816631317138672,1,6.81377077102661,"train",593,4,0.47852348993288
"429",1,1,-6.85409259796143,1178134.835905,419665.895217,"2014_2019",1.92863214015961,0.645175874233246,0.781626105308533,2.64827418327332,115.734565734863,15.2169857025146,1.24654698371887,26.6550598144531,35.2639579772949,5.23648357391357,1,-6.85409259796143,"train",596,1,1.32037037037036
"430",1,1,-0.121683187782764,1209907.388663,480185.296913,"2014_2019",1.34767115116119,0.584656059741974,0.089445449411869,1.08694708347321,114.80876159668,18.9860877990723,3.28302216529846,11.0367259979248,4.07877254486084,-0.0266406312584877,1,-0.121683187782764,"train",597,5,1.75615763546796
"431",1,1,-1.75293099880219,1042176.62532,594148.55604,"2014_2019",1.23604238033295,1.48023569583893,0.362566530704498,18.0077800750732,110.604354858398,11.0420207977295,0.572042405605316,29.6136665344238,37.7467384338379,8.92652797698975,1,-1.75293099880219,"train",598,1,1.32037037037036
"432",1,1,8.2020959854126,1197003.174899,407202.039869,"2014_2019",1.79177176952362,1.36301720142365,0.332924634218216,7.58110094070435,119.560752868652,13.9166269302368,1.61843609809875,27.5140571594238,4.4379506111145,-0.249168395996094,1,8.2020959854126,"train",599,4,0.47852348993288
"433",1,1,1.49927055835724,1198498.637224,430642.366336,"2014_2019",1.51319026947021,0.362233608961105,0.320759803056717,0.946197032928467,115.943206787109,16.4381065368652,2.78812122344971,23.549654006958,2.72270107269287,-0.284993886947632,1,1.49927055835724,"train",602,3,1.32037037037036
"434",1,1,1.22478079795837,1178245.535571,419321.557541,"2014_2019",1.94016480445862,0.701011896133423,0.769115626811981,2.99592709541321,116.418090820312,14.9962539672852,1.28218257427216,26.7797527313232,30.210470199585,0.5418701171875,1,1.22478079795837,"train",603,1,1.32037037037036
"435",1,1,15.3820018768311,1178915.102093,419387.49046,"2014_2019",1.92288887500763,0.649160981178284,0.642547905445099,2.63379549980164,116.38924407959,15.2760200500488,1.26248550415039,26.574592590332,6.12299728393555,-2.07061576843262,1,15.3820018768311,"train",604,4,0.47852348993288
"436",1,1,0.49828839302063,1189953.522948,382523.458376,"2014_2019",1.4276510477066,0.994408786296844,0.128756165504456,5.89814710617065,117.823738098145,13.0144233703613,0.939232051372528,30.1298751831055,2.81246900558472,-1.81103277206421,1,0.49828839302063,"train",606,2,1.71394230769229
"437",1,1,4.0064754486084,1191360.405342,419155.054781,"2014_2019",1.62841820716858,1.02425014972687,0.260447710752487,5.43857145309448,117.433685302734,15.0951843261719,1.45283079147339,26.7885246276855,16.668212890625,-0.0249199867248535,1,4.0064754486084,"train",607,1,1.32037037037036
"438",1,1,1.34284126758575,1195974.869067,400532.996881,"2014_2019",1.82113790512085,1.5486433506012,0.201252728700638,8.76755332946777,119.861251831055,13.5311117172241,1.58499145507812,28.0406074523926,1.07634890079498,-0.0597800016403198,1,1.34284126758575,"train",609,4,0.47852348993288
"439",1,1,0.0697055160999298,1199169.889784,415213.241464,"2014_2019",1.70811784267426,1.17321610450745,0.465945214033127,6.17748260498047,118.798858642578,14.4700050354004,1.76396501064301,26.7869987487793,8.6258430480957,0.207758188247681,1,0.0697055160999298,"train",610,4,0.47852348993288
"440",1,1,0.475647419691086,1198519.025338,430266.667167,"2014_2019",1.50096297264099,0.382325053215027,0.270156800746918,1.06249165534973,115.87149810791,16.5161476135254,2.7818706035614,23.5053310394287,3.16773438453674,-0.0838728249073029,1,0.475647419691086,"train",611,3,1.32037037037036
"441",1,1,-2.1316282749176,1193477.250532,426162.005387,"2014_2019",1.73606443405151,1.15234470367432,0.289558261632919,6.27539443969727,119.209602355957,14.6160678863525,1.76473748683929,26.5585556030273,10.2886209487915,0.214123010635376,1,-2.1316282749176,"train",612,4,0.47852348993288
"442",1,1,0.613525986671448,1179542.975552,418760.053207,"2014_2019",1.93663084506989,0.837641358375549,0.474291861057281,3.91864037513733,116.816436767578,14.9448642730713,1.29732024669647,26.8549728393555,4.78020143508911,-3.77923059463501,1,0.613525986671448,"train",614,4,0.47852348993288
"443",1,1,-1.13241994380951,1189862.503562,419060.035721,"2014_2019",1.49345898628235,0.860661208629608,0.1851497143507,4.54117393493652,115.750953674316,15.5316982269287,1.34211206436157,26.7161121368408,16.9512882232666,0.333112359046936,1,-1.13241994380951,"train",615,1,1.32037037037036
"444",1,1,2.3069019317627,1189968.967828,419060.697226,"2014_2019",1.5028703212738,0.871569037437439,0.200014129281044,4.60485219955444,115.85572052002,15.5107984542847,1.34763193130493,26.7185192108154,16.0704555511475,0.169774770736694,1,2.3069019317627,"train",616,1,1.32037037037036
"445",1,1,-1.03422033786774,1186285.757647,414542.895986,"2014_2019",1.66028690338135,0.612795293331146,0.393302589654922,2.64931035041809,115.531326293945,15.8345460891724,1.18217623233795,26.7489032745361,26.9797115325928,2.64250469207764,1,-1.03422033786774,"train",617,1,1.32037037037036
"446",1,1,-1.05817353725433,1188451.809776,435110.767236,"2014_2019",1.64361548423767,0.853908717632294,0.270913034677505,4.20880222320557,117.446662902832,15.4627809524536,1.65613353252411,26.0121612548828,3.26755690574646,-0.0737283229827881,1,-1.05817353725433,"train",618,4,0.47852348993288
"447",1,1,-0.957056760787964,1192672.606785,381708.571083,"2014_2019",1.47334694862366,1.3393611907959,0.13827820122242,9.22693538665771,117.796012878418,12.7045297622681,1.00163745880127,30.1849365234375,7.30188369750977,0.0336342453956604,1,-0.957056760787964,"train",619,2,1.71394230769229
"448",1,1,0.561981618404388,1197830.079088,429984.112428,"2014_2019",1.50221276283264,0.412359893321991,0.196959793567657,1.26336586475372,115.976715087891,16.4301433563232,2.75615692138672,23.5998458862305,4.81405210494995,-0.890768110752106,1,0.561981618404388,"train",620,3,1.32037037037036
"449",1,1,-0.0673658102750778,1193806.001517,381699.508666,"2014_2019",1.34045517444611,1.03168070316315,0.213473543524742,6.84878015518188,117.022308349609,13.2969818115234,0.942526876926422,30.2051868438721,4.29053974151611,0.575700879096985,1,-0.0673658102750778,"train",621,2,1.71394230769229
"450",1,1,-2.09262442588806,1204866.349337,426624.138253,"2014_2019",1.56320595741272,0.620912253856659,0.21204885840416,2.61478734016418,118.71915435791,15.737232208252,2.59986615180969,24.4649906158447,1.74585068225861,-0.0360393524169922,1,-2.09262442588806,"train",622,4,0.47852348993288
"451",1,1,12.5633544921875,1047165.871452,582829.71574,"2014_2019",1.01283597946167,0.315517663955688,0.0425212495028973,1.46681928634644,107.335205078125,13.1057081222534,0.337525129318237,29.6153354644775,18.9465503692627,-0.0999050140380859,1,12.5633544921875,"train",623,2,1.71394230769229
"452",1,1,4.68787288665771,1186761.70385,378338.03977,"2014_2019",1.56435787677765,1.74476146697998,0.46086847782135,12.6706953048706,120.119529724121,12.1400709152222,1.03199851512909,30.2439117431641,2.76444888114929,-0.0999069213867188,1,4.68787288665771,"train",624,4,0.47852348993288
"453",1,1,-2.03874707221985,1188866.008805,434352.662824,"2014_2019",1.63534319400787,0.846209764480591,0.357943743467331,4.15802049636841,117.504257202148,15.5045213699341,1.67420947551727,25.9606781005859,1.219202876091,-0.0040137767791748,1,-2.03874707221985,"train",625,4,0.47852348993288
"454",1,1,7.99437618255615,1197237.049849,422929.3257,"2014_2019",1.70738279819489,1.17527318000793,0.18005146086216,6.5228123664856,117.410606384277,14.4723558425903,1.84866511821747,26.5499076843262,9.65891265869141,-0.860401153564453,1,7.99437618255615,"train",626,4,0.47852348993288
"455",1,1,-0.253418773412704,1196373.984644,429502.371788,"2014_2019",1.6672670841217,0.784546136856079,0.321008026599884,3.40240263938904,118.142356872559,14.7251386642456,2.27003693580627,25.6939716339111,22.2799606323242,1.61117172241211,1,-0.253418773412704,"train",627,1,1.32037037037036
"456",1,1,11.3195962905884,1192179.481994,409557.605394,"2014_2019",1.68520307540894,1.21454727649689,0.229800805449486,6.31735372543335,117.909957885742,14.6794281005859,1.47951519489288,27.3525772094727,1.477046251297,0.0568323135375977,1,11.3195962905884,"train",628,4,0.47852348993288
"457",1,1,-1.09466779232025,1202899.656312,429169.229351,"2014_2019",1.38661932945251,0.239377826452255,0.335296928882599,0.643292605876923,117.569519042969,17.2431831359863,3.20074939727783,22.1816921234131,3.12325596809387,-0.00372576713562012,1,-1.09466779232025,"train",629,5,1.75615763546796
"458",1,1,-0.877026498317719,1193561.491775,409460.494886,"2014_2019",1.77185845375061,1.27424907684326,0.437060981988907,6.76844596862793,118.807601928711,14.2695951461792,1.53920078277588,27.3998756408691,2.82695198059082,-0.0164889097213745,1,-0.877026498317719,"train",630,4,0.47852348993288
"459",1,1,-0.290037393569946,1200017.503864,425640.459512,"2014_2019",1.6336282491684,0.910008609294891,0.280898451805115,4.50532913208008,118.162475585938,14.698525428772,2.11095356941223,25.9542942047119,5.46036529541016,-0.533100068569183,1,-0.290037393569946,"train",632,4,0.47852348993288
"460",1,1,1.35329580307007,1194918.419917,429066.62334,"2014_2019",1.65105020999908,0.846515238285065,0.423628777265549,4.08067798614502,117.949447631836,14.9528770446777,2.1808614730835,25.6098365783691,6.66938209533691,-1.07330751419067,1,1.35329580307007,"train",633,4,0.47852348993288
"461",1,1,-1.50922346115112,1202237.397969,429068.063195,"2014_2019",1.40302765369415,0.258223623037338,0.361187726259232,0.735437750816345,117.720138549805,17.1776027679443,3.16720700263977,22.2821350097656,2.1502833366394,-0.000234603881835938,1,-1.50922346115112,"train",636,5,1.75615763546796
"462",1,1,-1.02552819252014,1202955.396057,429127.007938,"2014_2019",1.38689911365509,0.23844638466835,0.332585662603378,0.638872742652893,117.624244689941,17.2326488494873,3.19847893714905,22.1942882537842,2.32889461517334,-0.0248028039932251,1,-1.02552819252014,"train",637,5,1.75615763546796
"463",1,1,7.73158836364746,1193353.380946,381047.695828,"2014_2019",1.60867750644684,1.656289935112,0.278156131505966,11.8355512619019,119.171585083008,12.0587520599365,1.06602132320404,30.1605548858643,7.23073482513428,-0.590580940246582,1,7.73158836364746,"train",639,4,0.47852348993288
"464",1,1,1.06820046901703,1200809.896321,384412.252367,"2014_2019",1.66789615154266,1.68625748157501,0.218739464879036,10.3158512115479,120.414825439453,12.6470165252686,1.34631407260895,29.2315006256104,2.69806218147278,-0.127810716629028,1,1.06820046901703,"train",642,4,0.47852348993288
"465",1,1,0.461271911859512,1196368.983989,428422.738923,"2014_2019",1.67297577857971,0.98406320810318,0.314715713262558,5.10595607757568,118.138198852539,14.7471866607666,2.12066888809204,25.9114437103271,14.7209253311157,0.055060476064682,1,0.461271911859512,"train",643,4,0.47852348993288
"466",1,1,1.42796409130096,1196742.765579,428190.528596,"2014_2019",1.68275666236877,1.06936430931091,0.389344453811646,5.75498056411743,117.934219360352,14.6332302093506,2.06096696853638,26.1019973754883,6.8841061592102,-0.0103371143341064,1,1.42796409130096,"train",644,4,0.47852348993288
"467",1,1,14.2832689285278,1200771.252354,425071.747496,"2014_2019",1.59886407852173,0.868652999401093,0.291460990905762,4.26788663864136,118.067718505859,15.0665597915649,2.18567943572998,25.5727577209473,0.849234461784363,0.00943756103515625,1,14.2832689285278,"train",647,4,0.47852348993288
"468",1,1,0.498522371053696,1195106.459712,395929.853524,"2014_2019",1.43570721149445,1.22141599655151,0.130852177739143,6.34627199172974,116.692863464355,14.29478931427,1.53435051441193,28.0774192810059,4.57943487167358,0.184988230466843,1,0.498522371053696,"train",650,2,1.71394230769229
"469",1,1,3.70730137825012,1197431.749981,408152.519448,"2014_2019",1.770672082901,1.31084418296814,0.5105299949646,7.13235187530518,119.050331115723,14.1640214920044,1.62028157711029,27.302619934082,3.39380955696106,-0.00290489196777344,1,3.70730137825012,"train",651,4,0.47852348993288
"470",1,1,0.274059444665909,1198948.386533,401916.448133,"2014_2019",1.82824289798737,1.57154786586761,0.253747016191483,9.03267955780029,120.288063049316,13.2677116394043,1.56049823760986,28.2209320068359,1.7872474193573,0.215110391378403,1,0.274059444665909,"train",652,4,0.47852348993288
"471",1,1,2.5738000869751,1200182.161027,383196.700334,"2014_2019",1.61758041381836,1.69838881492615,0.249621748924255,11.2362766265869,120.544303894043,12.4954900741577,1.28746294975281,29.4834632873535,0.891050755977631,0.025897741317749,1,2.5738000869751,"train",653,4,0.47852348993288
"472",1,1,-0.707808256149292,1193810.135785,411647.706871,"2014_2019",1.76901686191559,1.18366622924805,0.543773472309113,6.08923625946045,118.894836425781,14.4865436553955,1.54067277908325,27.1670513153076,17.7926807403564,0.0686704516410828,1,-0.707808256149292,"train",654,4,0.47852348993288
"473",1,1,1.84258306026459,1203721.30155,420197.867688,"2014_2019",1.48587644100189,0.730456233024597,0.188422307372093,3.56865525245667,119.255889892578,15.6779289245605,2.21370363235474,25.1484813690186,3.1101062297821,0.370349407196045,1,1.84258306026459,"train",655,4,0.47852348993288
"474",1,1,5.80389499664307,1197778.711656,427461.530139,"2014_2019",1.67534232139587,1.06670868396759,0.585977375507355,5.63595247268677,117.383750915527,14.6575145721436,2.01392555236816,26.1806678771973,10.3448667526245,-0.774503707885742,1,5.80389499664307,"train",657,4,0.47852348993288
"475",1,1,8.92226791381836,1198105.048468,427354.444557,"2014_2019",1.67332637310028,1.0444632768631,0.597604215145111,5.45019102096558,117.240386962891,14.6504001617432,2.03128576278687,26.1534290313721,20.8310070037842,0.442249298095703,1,8.92226791381836,"train",658,1,1.32037037037036
"476",1,1,-3.00764799118042,1187931.488145,436661.15191,"2014_2019",1.62941420078278,0.903675734996796,0.20165441930294,4.5894079208374,117.592811584473,15.3047437667847,1.68633878231049,26.1549034118652,14.1289825439453,2.19134616851807,1,-3.00764799118042,"train",661,1,1.32037037037036
"477",1,1,0.395366489887238,1193492.037045,382667.660996,"2014_2019",0.905457735061646,0.227754965424538,0.0692562535405159,0.885380566120148,113.986465454102,15.3392658233643,0.752458393573761,30.2849292755127,1.14793753623962,-0.0145926177501678,1,0.395366489887238,"train",663,2,1.71394230769229
"478",1,1,0.0729335322976112,1191735.700585,426696.948302,"2014_2019",1.73355054855347,1.02616453170776,0.443824529647827,5.15352725982666,118.892433166504,14.9147148132324,1.69234275817871,26.395938873291,8.22770309448242,0.0526347979903221,1,0.0729335322976112,"train",665,4,0.47852348993288
"479",1,1,-2.02131533622742,1193923.515017,426766.115193,"2014_2019",1.70827579498291,1.06601166725159,0.38300085067749,5.73337268829346,118.776809692383,14.7734422683716,1.88765513896942,26.2131061553955,18.5784683227539,3.42872166633606,1,-2.02131533622742,"train",666,1,1.32037037037036
"480",1,1,1.15774118900299,1199855.786527,426883.889811,"2014_2019",1.65268099308014,0.93092805147171,0.273566514253616,4.65371131896973,117.901664733887,14.546368598938,2.08178925514221,26.134557723999,7.98482847213745,-0.215531706809998,1,1.15774118900299,"train",667,4,0.47852348993288
"481",1,1,0.44191986322403,1201134.432942,426704.934868,"2014_2019",1.59699130058289,0.872124671936035,0.219068288803101,4.34064626693726,118.013961791992,15.1492462158203,2.14039206504822,25.5751819610596,6.16503858566284,-0.0743878483772278,1,0.44191986322403,"train",670,4,0.47852348993288
"482",1,1,-2.65320134162903,1202729.297023,427121.300013,"2014_2019",1.55671393871307,0.490279406309128,0.679188668727875,1.94847726821899,119.30216217041,15.7601909637451,2.69111943244934,24.2761898040771,4.21843194961548,0.38418698310852,1,-2.65320134162903,"train",671,4,0.47852348993288
"483",1,1,1.29308342933655,1040359.50212,593233.804903,"2014_2019",1.23874747753143,1.56664419174194,0.446469604969025,18.3938999176025,110.11742401123,11.0431728363037,0.545974969863892,29.6435298919678,14.2935400009155,0.188223242759705,1,1.29308342933655,"train",672,2,1.71394230769229
"484",1,1,2.75949358940125,1200000.438419,419444.272167,"2014_2019",1.72486889362335,1.26877844333649,0.280177742242813,6.91800260543823,118.812477111816,13.8577060699463,1.77284502983093,27.2572841644287,35.197566986084,2.61966824531555,1,2.75949358940125,"train",673,1,1.32037037037036
"485",1,1,4.99438762664795,1193298.266487,426154.445001,"2014_2019",1.73802149295807,1.15279018878937,0.258786201477051,6.27061462402344,119.281211853027,14.6039447784424,1.75804471969604,26.5797367095947,8.66877365112305,0.0263395309448242,1,4.99438762664795,"train",674,4,0.47852348993288
"486",1,1,-2.90350389480591,1188305.530461,435150.869668,"2014_2019",1.64793336391449,0.844646394252777,0.297917634248734,4.13901090621948,117.439956665039,15.4995431900024,1.64431488513947,25.9954509735107,5.37053489685059,1.0625627040863,1,-2.90350389480591,"train",675,4,0.47852348993288
"487",1,1,0.900195360183716,1194151.508517,426593.731674,"2014_2019",1.71112132072449,1.08764255046844,0.473280191421509,5.94033098220825,118.761604309082,14.656925201416,1.91640269756317,26.2612781524658,15.4199647903442,0.437384903430939,1,0.900195360183716,"train",676,4,0.47852348993288
"488",1,1,2.42080807685852,1198267.690045,426477.176894,"2014_2019",1.68908834457397,1.06480240821838,0.616850435733795,5.52114152908325,117.468353271484,14.4152774810791,2.02390456199646,26.3369522094727,8.73444843292236,-1.18374466896057,1,2.42080807685852,"train",678,4,0.47852348993288
"489",1,1,3.99978089332581,1199412.076047,426184.608959,"2014_2019",1.65533268451691,0.964006721973419,0.390126645565033,4.81079053878784,117.855094909668,14.5301952362061,2.05525684356689,26.1687641143799,9.71215343475342,-0.00133776664733887,1,3.99978089332581,"train",680,4,0.47852348993288
"490",1,1,1.99507343769073,1191097.92533,418994.692472,"2014_2019",1.60433900356293,0.996571779251099,0.293994933366776,5.29530811309814,117.153930664062,15.1703567504883,1.43355190753937,26.7733459472656,18.0370330810547,1.48528790473938,1,1.99507343769073,"train",682,1,1.32037037037036
"491",1,1,-7.50364542007446,1203263.588615,426140.031655,"2014_2019",1.58445274829865,0.80874890089035,0.336927503347397,3.96124267578125,118.609931945801,15.4983377456665,2.32146763801575,25.0803470611572,11.5707712173462,0.0973343849182129,1,-7.50364542007446,"train",685,4,0.47852348993288
"492",1,1,-1.87989389896393,1204340.027486,426539.040395,"2014_2019",1.62272644042969,0.663850665092468,0.208496049046516,2.68925595283508,118.938949584961,15.2660331726074,2.54144287109375,24.9468173980713,4.81975603103638,-0.134114265441895,1,-1.87989389896393,"train",686,4,0.47852348993288
"493",1,1,-1.03181958198547,1193478.937554,409648.328012,"2014_2019",1.76067709922791,1.26848447322845,0.438498675823212,6.70719242095947,118.682144165039,14.352011680603,1.52672111988068,27.3668403625488,4.11193084716797,-0.0213322639465332,1,-1.03181958198547,"train",687,4,0.47852348993288
"494",1,1,-2.86985373497009,1182518.910077,374371.643332,"2014_2019",1.60396480560303,1.90117084980011,0.122096382081509,13.6084775924683,120.290367126465,11.8771572113037,1.0508451461792,30.3173446655273,8.07502555847168,1.56521964073181,1,-2.86985373497009,"train",688,4,0.47852348993288
"495",1,1,-2.54773640632629,1194988.729349,409644.954213,"2014_2019",1.78052270412445,1.25002288818359,0.63569051027298,6.53390836715698,118.750442504883,14.3340950012207,1.57420492172241,27.2381248474121,5.19193363189697,-1.63944292068481,1,-2.54773640632629,"train",689,4,0.47852348993288
"496",1,1,8.07428932189941,1187116.533139,378600.373407,"2014_2019",1.60878086090088,1.79230570793152,0.397949010133743,13.0664434432983,120.586898803711,11.9426860809326,1.05729913711548,30.2368831634521,1.65316116809845,-1.55256652832031,1,8.07428932189941,"train",690,4,0.47852348993288
"497",1,1,2.4677951335907,1192421.150691,425643.947861,"2014_2019",1.73846280574799,1.05952036380768,0.375271111726761,5.48013830184937,118.85173034668,14.8111724853516,1.70306313037872,26.4734420776367,4.24893474578857,-0.99547290802002,1,2.4677951335907,"train",691,4,0.47852348993288
"498",1,1,-2.95207977294922,1192741.032082,425644.695429,"2014_2019",1.74331045150757,1.10108351707458,0.329253613948822,5.79163503646851,119.013954162598,14.6514644622803,1.72702968120575,26.5675792694092,23.3635101318359,2.2580714225769,1,-2.95207977294922,"train",692,1,1.32037037037036
"499",1,1,6.01162767410278,1193796.155731,425991.24404,"2014_2019",1.7314213514328,1.14645051956177,0.349607229232788,6.24327802658081,118.961967468262,14.6303329467773,1.78732883930206,26.501184463501,6.26702356338501,0.411638736724854,1,6.01162767410278,"train",693,4,0.47852348993288
"500",1,1,0.830861687660217,1203764.735551,425961.457847,"2014_2019",1.60230422019958,0.734440863132477,0.289166927337646,3.3277542591095,118.789939880371,15.3659029006958,2.45744442939758,25.0058555603027,10.4726858139038,-0.341460585594177,1,0.830861687660217,"train",697,4,0.47852348993288
"501",1,1,7.23581838607788,1205138.161137,425991.510682,"2014_2019",1.54561054706573,0.641268312931061,0.470088005065918,2.79971098899841,118.624244689941,15.8434019088745,2.55901622772217,24.4642963409424,9.27875328063965,-0.194832324981689,1,7.23581838607788,"train",698,4,0.47852348993288
"502",1,1,-3.00764799118042,1205763.8513,425705.01217,"2014_2019",1.57054853439331,0.59437882900238,0.191023081541061,2.37830924987793,119.16584777832,15.5179872512817,2.61672306060791,24.6531887054443,2.47575402259827,0,1,-3.00764799118042,"train",699,4,0.47852348993288
"503",1,1,-3.00764799118042,1207777.026749,418405.985003,"2014_2019",1.62532663345337,0.98608523607254,0.664977014064789,5.0496621131897,119.695266723633,14.3590927124023,2.14770102500916,26.2902336120605,11.6738243103027,1.10495519638062,1,-3.00764799118042,"train",700,4,0.47852348993288
"504",1,1,1.82936370372772,1168749.456409,373540.960644,"2014_2019",1.81546926498413,0.5750373005867,0.10603328794241,2.97207260131836,116.106422424316,13.3083772659302,0.685672223567963,29.5919494628906,1.87196660041809,0.108865737915039,1,1.82936370372772,"train",702,4,0.47852348993288
"505",1,1,0.672012627124786,1045637.794577,581455.839495,"2014_2019",1.25042903423309,1.19404375553131,0.097982332110405,10.8361768722534,111.240951538086,11.709174156189,0.475080609321594,29.6371154785156,7.00850105285645,0.404770612716675,1,0.672012627124786,"train",703,2,1.71394230769229
"506",1,1,0.272430449724197,1188423.197241,425609.233082,"2014_2019",1.72063779830933,0.864124119281769,0.339113712310791,4.31208944320679,117.185585021973,15.4948711395264,1.61043465137482,26.1321430206299,12.5330991744995,0.369404792785645,1,0.272430449724197,"train",705,4,0.47852348993288
"507",1,1,-4.42255353927612,1188788.431262,425297.371364,"2014_2019",1.7287449836731,0.860231101512909,0.318207412958145,4.27742528915405,117.277297973633,15.5114011764526,1.60505867004395,26.1139812469482,19.2283058166504,0.462543964385986,1,-4.42255353927612,"train",706,1,1.32037037037036
"508",1,1,-2.79879283905029,1191902.243426,412695.732258,"2014_2019",1.78357195854187,1.20166110992432,0.308833926916122,6.13092613220215,118.72891998291,14.4586725234985,1.50877356529236,27.2359142303467,3.27484035491943,-1.95292735099792,1,-2.79879283905029,"train",707,4,0.47852348993288
"509",1,1,-3.00764799118042,1205710.387456,425165.357351,"2014_2019",1.57298767566681,0.644896686077118,0.125358313322067,2.70037817955017,118.896667480469,15.3606414794922,2.55825996398926,24.8999195098877,1.35053431987762,-0.00243520736694336,1,-3.00764799118042,"train",709,4,0.47852348993288
"510",1,1,-2.96495079994202,1185376.714597,432496.820178,"2014_2019",1.7574599981308,0.611409306526184,0.36007085442543,2.68601632118225,116.543434143066,16.2548942565918,1.3969898223877,25.7264060974121,14.9028673171997,2.40526223182678,1,-2.96495079994202,"train",712,1,1.32037037037036
"511",1,1,1.86140060424805,1196036.061729,402719.684652,"2014_2019",1.82054257392883,1.41516637802124,0.578464865684509,7.8561749458313,119.701805114746,13.6686267852783,1.54582965373993,27.8869571685791,3.13135433197021,-0.0635606050491333,1,1.86140060424805,"train",713,4,0.47852348993288
"512",1,1,3.41680979728699,1195574.327915,393072.589003,"2014_2019",1.3496618270874,1.18353343009949,0.155796617269516,6.16873645782471,116.3125,14.4090986251831,1.46782541275024,28.2092685699463,0.740380346775055,-0.00842499732971191,1,3.41680979728699,"train",715,2,1.71394230769229
"513",1,1,3.07173466682434,1193923.132685,424984.330802,"2014_2019",1.72315955162048,1.09688878059387,0.364263713359833,5.84592485427856,118.618095397949,14.7398891448975,1.79864275455475,26.3875923156738,7.92689943313599,-1.22570538520813,1,3.07173466682434,"train",716,4,0.47852348993288
"514",1,1,6.80440473556519,1196546.544311,424656.533705,"2014_2019",1.69638204574585,1.11552381515503,0.425959289073944,6.17699909210205,117.085105895996,14.578179359436,1.91715323925018,26.3188400268555,20.1803455352783,-1.48574209213257,1,6.80440473556519,"train",718,1,1.32037037037036
"515",1,1,-0.662819743156433,1200322.971518,424971.836913,"2014_2019",1.60631585121155,0.876361012458801,0.258266717195511,4.31286716461182,118.123329162598,14.9825649261475,2.16894912719727,25.6587657928467,2.73263955116272,-0.0843504667282104,1,-0.662819743156433,"train",719,4,0.47852348993288
"516",1,1,0.267119973897934,1181769.697473,411712.140936,"2014_2019",1.77015435695648,0.814244627952576,0.198611006140709,3.9102292060852,116.216957092285,15.3886089324951,1.1821277141571,26.9417762756348,15.2997531890869,2.7114782333374,1,0.267119973897934,"train",721,1,1.32037037037036
"517",1,1,-4.25422716140747,1178501.489603,420391.294153,"2014_2019",1.93976449966431,0.55379056930542,0.903008460998535,2.0531735420227,115.297706604004,15.2059783935547,1.26115870475769,26.6263427734375,19.2115726470947,0.201623916625977,1,-4.25422716140747,"train",722,1,1.32037037037036
"518",1,1,8.8657341003418,1180622.487597,416944.248401,"2014_2019",1.91245126724243,0.952000737190247,0.391479849815369,4.72451162338257,116.76473236084,15.0409564971924,1.25241565704346,26.9627227783203,10.6357736587524,-1.47608947753906,1,8.8657341003418,"train",723,4,0.47852348993288
"519",1,1,7.97674226760864,1197488.118829,408154.176503,"2014_2019",1.76997709274292,1.31201362609863,0.511821329593658,7.14432048797607,119.04182434082,14.16224193573,1.62071144580841,27.30491065979,5.18191957473755,-0.0451350212097168,1,7.97674226760864,"train",724,4,0.47852348993288
"520",1,1,-1.53016412258148,1055272.570232,586653.621981,"2014_2019",1.52466142177582,1.41208267211914,0.740939438343048,12.8556251525879,112.93758392334,11.8697357177734,0.545293152332306,28.2705917358398,10.641318321228,-0.156328916549683,1,-1.53016412258148,"train",726,2,1.71394230769229
"521",1,1,6.06768178939819,1197700.146099,411689.667037,"2014_2019",1.74670910835266,1.2758287191391,0.512522459030151,6.80613470077515,119.106544494629,14.1684064865112,1.69490146636963,27.1767730712891,4.94601631164551,-1.30147886276245,1,6.06768178939819,"train",728,4,0.47852348993288
"522",1,1,-1.30513799190521,1200771.159833,401288.151227,"2014_2019",1.80771207809448,1.65246880054474,0.42060461640358,9.96134757995605,120.07470703125,13.0720872879028,1.57098782062531,28.3262844085693,11.7771625518799,0.0438190698623657,1,-1.30513799190521,"train",729,4,0.47852348993288
"523",1,1,1.30403935909271,1191437.215657,411542.58581,"2014_2019",1.77625072002411,1.23863208293915,0.341905355453491,6.34131097793579,118.418815612793,14.409348487854,1.48191952705383,27.3834419250488,7.00792360305786,-0.0915325880050659,1,1.30403935909271,"train",730,4,0.47852348993288
"524",1,1,-0.14931221306324,1193054.807177,411419.089859,"2014_2019",1.76968955993652,1.23454010486603,0.407445162534714,6.38358783721924,119.049545288086,14.4593420028687,1.51214253902435,27.291711807251,4.53815317153931,-0.030233770608902,1,-0.14931221306324,"train",732,4,0.47852348993288
"525",1,1,0.115779682993889,1201008.122407,424294.25866,"2014_2019",1.59765470027924,0.853582143783569,0.240337237715721,4.19197797775269,118.097618103027,15.1224613189697,2.21726155281067,25.4918308258057,11.6564664840698,0.219316184520721,1,0.115779682993889,"train",733,4,0.47852348993288
"526",1,1,7.42163753509521,1199593.611262,411435.454399,"2014_2019",1.74200820922852,1.34511542320251,0.588063478469849,7.44151973724365,119.396156311035,13.766921043396,1.74424362182617,27.4249687194824,10.5427923202515,-1.05214214324951,1,7.42163753509521,"train",737,4,0.47852348993288
"527",1,1,-3.0076117515564,1192310.215872,410667.126486,"2014_2019",1.77076494693756,1.32883727550507,0.228564500808716,6.92847204208374,118.88794708252,14.2750082015991,1.5137482881546,27.4630088806152,13.6853189468384,-0.0298757553100586,1,-3.0076117515564,"train",739,4,0.47852348993288
"528",1,1,0.758628726005554,1165945.93643,375334.388411,"2014_2019",1.52800595760345,1.76001477241516,0.0998797044157982,12.5878658294678,115.355094909668,11.9428796768188,0.853508830070496,30.6670570373535,2.04267263412476,-0.0262766480445862,1,0.758628726005554,"train",740,2,1.71394230769229
"529",1,1,5.08360242843628,1054888.652997,584672.158555,"2014_2019",1.1062570810318,0.706074774265289,0.204727947711945,5.11768865585327,110.597770690918,13.5403490066528,0.486916989088058,28.1941833496094,3.87823367118835,0.249766826629639,1,5.08360242843628,"train",742,2,1.71394230769229
"530",1,1,1.9187536239624,1191791.095004,423681.515732,"2014_2019",1.72536838054657,0.849398374557495,0.515990972518921,4.10150623321533,118.04020690918,15.588472366333,1.59645187854767,26.0543003082275,21.5481052398682,-0.481056213378906,1,1.9187536239624,"train",743,1,1.32037037037036
"531",1,1,14.8129968643188,1192531.009757,423825.67486,"2014_2019",1.72249686717987,0.88121908903122,0.516398012638092,4.2816014289856,118.167793273926,15.4451608657837,1.6246589422226,26.1130275726318,24.6182098388672,-0.343387603759766,1,14.8129968643188,"train",744,1,1.32037037037036
"532",1,1,6.09578132629395,1199784.014223,400478.17081,"2014_2019",1.82454144954681,1.62531769275665,0.478815943002701,9.4314136505127,120.319564819336,13.2257890701294,1.55582368373871,28.299825668335,2.16035556793213,-0.0379066467285156,1,6.09578132629395,"train",745,4,0.47852348993288
"533",1,1,5.75385236740112,1191398.711692,426620.07353,"2014_2019",1.72826194763184,0.958483815193176,0.502744853496552,4.65530633926392,118.536987304688,15.1341381072998,1.67190718650818,26.2399482727051,12.2974309921265,-0.0696382522583008,1,5.75385236740112,"train",746,4,0.47852348993288
"534",1,1,4.03107976913452,1192476.216027,414944.298993,"2014_2019",1.71412932872772,0.943816661834717,0.569038689136505,4.52072191238403,118.498687744141,14.9934043884277,1.44102442264557,26.8724994659424,6.24083375930786,-0.0151915550231934,1,4.03107976913452,"train",747,4,0.47852348993288
"535",1,1,-1.57999062538147,1198091.317839,424126.739932,"2014_2019",1.69704794883728,1.1926999092102,0.214431524276733,6.69421243667603,117.416999816895,14.5465116500854,1.79698753356934,26.5876960754395,11.2475757598877,0.770455598831177,1,-1.57999062538147,"train",748,4,0.47852348993288
"536",1,1,-0.965175926685333,1193906.41325,414666.690568,"2014_2019",1.75833487510681,1.15786957740784,0.325706899166107,6.10843658447266,118.906883239746,14.5359210968018,1.61615753173828,26.9488258361816,4.26225566864014,-0.454146504402161,1,-0.965175926685333,"train",750,4,0.47852348993288
"537",1,1,1.6085216999054,1198009.698179,410336.125963,"2014_2019",1.75335800647736,1.31340885162354,0.652558445930481,7.12044095993042,119.228240966797,14.0038604736328,1.67994666099548,27.3280696868896,2.09581232070923,0.0163334608078003,1,1.6085216999054,"train",752,4,0.47852348993288
"538",1,1,-0.0291729234158993,1191367.071979,409752.316655,"2014_2019",1.3414443731308,0.84425562620163,0.180519759654999,4.17453861236572,117.323654174805,15.4638767242432,1.44894325733185,27.2762680053711,0.983925819396973,0.00876285135746002,1,-0.0291729234158993,"train",754,2,1.71394230769229
"539",1,1,-0.742422580718994,1190010.091554,434668.358602,"2014_2019",1.53277790546417,0.840466737747192,0.0882022678852081,4.35541820526123,117.985229492188,15.4810228347778,1.72424161434174,26.090295791626,0.782832145690918,0.0643550157546997,1,-0.742422580718994,"train",755,3,1.32037037037036
"540",1,1,0.027677197009325,1200858.272305,387763.123175,"2014_2019",1.74424302577972,1.5955708026886,0.47585654258728,9.20351791381836,119.754852294922,13.3511781692505,1.44593811035156,28.5473880767822,6.57905578613281,-0.246632292866707,1,0.027677197009325,"train",757,4,0.47852348993288
"541",1,1,-0.804886043071747,1192384.228159,422705.660647,"2014_2019",1.72938287258148,0.878297805786133,0.565043389797211,4.32884740829468,118.136116027832,15.4567270278931,1.60273575782776,26.1726684570312,18.8485012054443,0.895865261554718,1,-0.804886043071747,"train",759,1,1.32037037037036
"542",1,1,-0.654837310314178,1205751.944956,422681.479019,"2014_2019",1.53446912765503,0.823450148105621,0.233097434043884,4.17393684387207,119.043174743652,15.4533367156982,2.27182865142822,25.1905212402344,7.07070350646973,0.143782734870911,1,-0.654837310314178,"train",760,4,0.47852348993288
"543",1,1,0.641974687576294,1207928.507189,420889.310507,"2014_2019",1.57647264003754,0.881413519382477,0.380619406700134,4.52096033096313,118.309608459473,15.1004600524902,2.15626645088196,25.6622638702393,4.87721586227417,-0.0415159463882446,1,0.641974687576294,"train",761,4,0.47852348993288
"544",1,1,-2.26401591300964,1178855.473521,418228.603832,"2014_2019",1.92085444927216,0.821910262107849,0.678273677825928,3.80445408821106,117.163055419922,15.1809301376343,1.24036073684692,26.6915969848633,22.6840019226074,3.16408181190491,1,-2.26401591300964,"train",762,1,1.32037037037036
"545",1,1,1.50501346588135,1179922.331036,418538.92645,"2014_2019",1.92123639583588,0.891756415367126,0.357244670391083,4.28292179107666,116.565658569336,15.0168190002441,1.27865314483643,26.9032020568848,6.5276288986206,-1.675133228302,1,1.50501346588135,"train",763,4,0.47852348993288
"546",1,1,-1.02869510650635,1198581.693586,404285.326386,"2014_2019",1.54178392887115,1.21243536472321,0.159571319818497,6.7646074295044,119.913528442383,14.6950845718384,1.46493327617645,27.6022529602051,2.80051445960999,0.00366199016571045,1,-1.02869510650635,"train",764,4,0.47852348993288
"547",1,1,-1.69048535823822,1192431.243773,422615.498708,"2014_2019",1.72907066345215,0.881875872612,0.556610524654388,4.35602521896362,118.140342712402,15.440749168396,1.60462784767151,26.1846370697021,22.5929832458496,3.85378217697144,1,-1.69048535823822,"train",766,1,1.32037037037036
"548",1,1,1.12503206729889,1183782.948944,434100.022227,"2014_2019",1.77287685871124,0.574406921863556,0.297822773456573,2.4575514793396,116.490097045898,16.2617073059082,1.3746212720871,25.7007274627686,4.70313596725464,-4.51803207397461e-05,1,1.12503206729889,"train",767,4,0.47852348993288
"549",1,1,4.86390209197998,1193601.39004,403687.272072,"2014_2019",1.78886675834656,1.29674327373505,0.320012658834457,7.02690172195435,118.37712097168,14.1322221755981,1.51743447780609,27.5423831939697,4.3031964302063,-0.27561092376709,1,4.86390209197998,"train",768,4,0.47852348993288
"550",1,1,0.612134754657745,1193925.997247,381179.119931,"2014_2019",1.58885300159454,1.64597344398499,0.250556915998459,11.7584199905396,119.199699401855,12.0995759963989,1.06208229064941,30.186918258667,2.84009552001953,-0.986903250217438,1,0.612134754657745,"train",770,4,0.47852348993288
"551",1,1,-0.0625920668244362,1207324.852374,418473.962741,"2014_2019",1.62073302268982,0.98564624786377,0.677509486675262,5.04328346252441,119.557304382324,14.4143629074097,2.13955569267273,26.2598361968994,2.91129732131958,-0.0842182710766792,1,-0.0625920668244362,"train",771,4,0.47852348993288
"552",1,1,-2.29864859580994,1198720.884461,404057.061415,"2014_2019",1.48831212520599,1.16334676742554,0.221273437142372,6.45224857330322,119.916801452637,14.9162559509277,1.43876028060913,27.5562419891357,4.57679653167725,-0.0165321826934814,1,-2.29864859580994,"train",772,4,0.47852348993288
"553",1,1,2.37461948394775,1195324.637332,428998.801496,"2014_2019",1.65604317188263,0.848773241043091,0.401686310768127,4.05713176727295,118.049346923828,14.9251155853271,2.2064962387085,25.608585357666,5.01304292678833,-0.458181381225586,1,2.37461948394775,"train",773,4,0.47852348993288
"554",1,1,6.31483268737793,1195968.945292,416738.60114,"2014_2019",1.71781516075134,1.1050980091095,0.450802236795425,5.84495210647583,119.142158508301,14.8488121032715,1.6881490945816,26.5502986907959,2.34440875053406,-0.328330039978027,1,6.31483268737793,"train",774,4,0.47852348993288
"555",1,1,-1.6858903169632,1191958.342967,403574.842379,"2014_2019",1.75039041042328,1.24459874629974,0.261147975921631,6.74048852920532,117.117950439453,14.4016265869141,1.47296226024628,27.4638366699219,5.90437030792236,-0.00410449504852295,1,-1.6858903169632,"train",775,4,0.47852348993288
"556",1,1,12.751335144043,1193897.245515,403374.832898,"2014_2019",1.79903125762939,1.33180630207062,0.279057890176773,7.28290462493896,118.665939331055,13.9864053726196,1.53276383876801,27.6470699310303,6.40322208404541,0.0182285308837891,1,12.751335144043,"train",776,4,0.47852348993288
"557",1,1,-1.70774829387665,1194563.335039,380650.569274,"2014_2019",1.61050808429718,1.82564532756805,0.207016959786415,13.1503801345825,119.668304443359,11.8931493759155,1.09467566013336,30.216100692749,4.88083124160767,-0.0635503530502319,1,-1.70774829387665,"train",780,4,0.47852348993288
"558",1,1,2.39611506462097,1194100.137707,430682.506089,"2014_2019",1.64479672908783,0.868736922740936,0.650765180587769,4.21806001663208,116.452964782715,14.720046043396,2.14142799377441,25.8053016662598,36.4887733459473,6.03980827331543,1,2.39611506462097,"train",781,1,1.32037037037036
"559",1,1,-1.73134350776672,1178971.882151,417313.233083,"2014_2019",1.92754507064819,0.964463591575623,0.471162259578705,4.70369482040405,117.544960021973,15.0960884094238,1.22302949428558,26.7894954681396,13.951756477356,0.231377243995667,1,-1.73134350776672,"train",784,4,0.47852348993288
"560",1,1,-0.227773189544678,1205129.304462,419855.957822,"2014_2019",1.51418519020081,0.755854964256287,0.339251279830933,3.62856364250183,118.712791442871,15.6142454147339,2.25863265991211,25.0605869293213,7.81784629821777,0.0204327553510666,1,-0.227773189544678,"train",785,4,0.47852348993288
"561",1,1,0.469835579395294,1178024.729371,371156.025686,"2014_2019",1.42767262458801,1.63625431060791,0.125605583190918,12.8806028366089,118.75708770752,11.7943449020386,0.894199788570404,30.7561416625977,8.73419857025146,-1.1460132598877,1,0.469835579395294,"train",787,2,1.71394230769229
"562",1,1,16.8408546447754,1198031.660729,406906.61268,"2014_2019",1.77403545379639,1.34531354904175,0.499011069536209,7.43250608444214,119.03581237793,14.0779008865356,1.60763216018677,27.400806427002,4.90822649002075,-0.991752624511719,1,16.8408546447754,"train",788,4,0.47852348993288
"563",1,1,-0.817326843738556,1195391.254219,402218.196384,"2014_2019",1.78660452365875,1.38936305046082,0.268801510334015,7.70562791824341,119.630752563477,13.9468774795532,1.52160477638245,27.8067264556885,1.54680633544922,0.00112122297286987,1,-0.817326843738556,"train",789,4,0.47852348993288
"564",1,1,1.41159951686859,1197440.080264,406539.655016,"2014_2019",1.76880919933319,1.36343801021576,0.339267611503601,7.61701679229736,119.457984924316,14.048131942749,1.60408163070679,27.5145378112793,1.8955192565918,0.00469648838043213,1,1.41159951686859,"train",790,4,0.47852348993288
"565",1,1,1.71498036384583,1198812.842605,390710.543865,"2014_2019",1.72970950603485,1.49645948410034,0.347339928150177,8.35051250457764,118.72534942627,13.6653051376343,1.46825218200684,28.3173713684082,6.15064334869385,-0.799397945404053,1,1.71498036384583,"train",791,4,0.47852348993288
"566",1,1,-1.94981706142426,1178339.871107,420221.377755,"2014_2019",1.93749868869781,0.573178112506866,0.946948766708374,2.18166565895081,115.398651123047,15.217209815979,1.25954210758209,26.624828338623,24.7789840698242,1.81574714183807,1,-1.94981706142426,"train",792,1,1.32037037037036
"567",1,1,4.84466934204102,1193745.937352,380329.712365,"2014_2019",1.63888025283813,1.84554576873779,0.34046146273613,13.2904462814331,119.956962585449,11.8281803131104,1.09538614749908,30.1587371826172,1.72735488414764,-0.23013973236084,1,4.84466934204102,"train",794,4,0.47852348993288
"568",1,1,-9.69170665740967,1191943.74531,410277.324194,"2014_2019",1.69065725803375,1.23061978816986,0.210942000150681,6.32196235656738,118.635627746582,14.5868072509766,1.49090158939362,27.3889427185059,14.259991645813,0.246609687805176,1,-9.69170665740967,"train",796,4,0.47852348993288
"569",1,1,-0.252341508865356,1199185.996813,401653.789122,"2014_2019",1.82644176483154,1.60294437408447,0.223304018378258,9.28414916992188,120.442276000977,13.2451934814453,1.56432604789734,28.2605781555176,1.14458072185516,-0.0116127133369446,1,-0.252341508865356,"train",797,4,0.47852348993288
"570",1,1,0.490778684616089,1193531.356506,420356.351209,"2014_2019",1.73752748966217,1.06620109081268,0.40197342634201,5.58240461349487,118.476226806641,14.8984966278076,1.63278198242188,26.5883693695068,8.63003444671631,-0.100205540657043,1,0.490778684616089,"train",798,4,0.47852348993288
"571",1,1,-1.8655514717102,1192398.64271,407901.27918,"2014_2019",1.67458188533783,1.2347846031189,0.308345913887024,6.61613035202026,118.390617370605,14.5074644088745,1.51645493507385,27.452522277832,1.6857134103775,-0.0342220067977905,1,-1.8655514717102,"train",799,4,0.47852348993288
"572",1,1,-2.41257262229919,1192481.986145,407750.263752,"2014_2019",1.68502879142761,1.23585414886475,0.321119666099548,6.61843204498291,118.304832458496,14.4761419296265,1.51550400257111,27.4437866210938,1.92417502403259,-0.135227680206299,1,-2.41257262229919,"train",800,4,0.47852348993288
"573",1,1,-1.4063229560852,1193971.056154,414709.147234,"2014_2019",1.75633025169373,1.16086757183075,0.328477829694748,6.13801765441895,118.895362854004,14.5433340072632,1.61945521831512,26.9396553039551,3.9925103187561,-0.267910718917847,1,-1.4063229560852,"train",802,4,0.47852348993288
"574",1,1,2.85398840904236,1189077.706658,418895.096313,"2014_2019",1.36084735393524,0.708099663257599,0.162749111652374,3.67343306541443,114.652534484863,15.9191589355469,1.25010335445404,26.6628456115723,4.70675373077393,-2.09965395927429,1,2.85398840904236,"train",803,3,1.32037037037036
"575",1,1,-3.85408115386963,1197526.790943,408059.599803,"2014_2019",1.76985943317413,1.31464540958405,0.511059761047363,7.16774272918701,119.032089233398,14.157940864563,1.62009835243225,27.3110294342041,4.52053451538086,-13.4012184143066,1,-3.85408115386963,"train",804,4,0.47852348993288
"576",1,1,12.9790229797363,1198019.335244,394187.618757,"2014_2019",1.76809465885162,1.54351758956909,0.376364022493362,8.6327543258667,118.949813842773,13.789758682251,1.48378098011017,28.1484031677246,7.59637498855591,0.203046798706055,1,12.9790229797363,"train",805,4,0.47852348993288
"577",1,1,-0.162699967622757,1177731.338093,371693.529138,"2014_2019",1.49117696285248,1.84711527824402,0.0873607993125916,14.5564765930176,119.164398193359,11.5573253631592,0.915742456912994,30.7627201080322,14.5501728057861,-0.462356299161911,1,-0.162699967622757,"train",806,4,0.47852348993288
"578",1,1,5.48043918609619,1178297.282851,371984.486512,"2014_2019",1.38761329650879,1.54623508453369,0.122611604630947,12.0442237854004,117.962265014648,12.0608749389648,0.872257173061371,30.7569923400879,3.90180158615112,0.550657272338867,1,5.48043918609619,"train",807,2,1.71394230769229
"579",1,1,8.36289310455322,1191335.221568,426707.856027,"2014_2019",1.72769820690155,0.952766001224518,0.514031112194061,4.60636615753174,118.511795043945,15.1485872268677,1.67174673080444,26.2269229888916,8.71788883209229,0.0870132446289062,1,8.36289310455322,"train",808,4,0.47852348993288
"580",1,1,0.296934813261032,1194270.618625,411431.169485,"2014_2019",1.76672971248627,1.18106067180634,0.632302045822144,6.06563329696655,118.918029785156,14.4994592666626,1.53947448730469,27.1529541015625,16.6724681854248,0.632114708423615,1,0.296934813261032,"train",810,4,0.47852348993288
"581",1,1,4.67989063262939,1183660.594241,375933.082367,"2014_2019",1.59414756298065,1.89710879325867,0.214564651250839,13.565333366394,119.999649047852,11.9875860214233,1.04932701587677,30.2878875732422,1.89140331745148,0.0289368629455566,1,4.67989063262939,"train",811,4,0.47852348993288
"582",1,1,9.41574287414551,1194756.82123,427041.800219,"2014_2019",1.68418097496033,0.982570648193359,0.615453720092773,5.15176153182983,118.452033996582,14.9302177429199,1.983966588974,25.9067840576172,8.02775478363037,-0.479848861694336,1,9.41574287414551,"train",812,4,0.47852348993288
"583",1,1,0.300727367401123,1204720.01933,419975.605135,"2014_2019",1.50592470169067,0.746209144592285,0.304067075252533,3.58065295219421,119.048278808594,15.7114133834839,2.26734375953674,24.9760189056396,6.44365072250366,0.00364500284194946,1,0.300727367401123,"train",813,4,0.47852348993288
"584",1,1,3.80009078979492,1052694.987283,589847.935817,"2014_2019",1.522465467453,1.56974291801453,0.588217616081238,14.0237550735474,111.281539916992,11.9769659042358,0.533735632896423,28.2634582519531,12.4933919906616,0.0768067836761475,1,3.80009078979492,"train",815,2,1.71394230769229
"585",1,1,0.519042730331421,1189297.102904,415903.571435,"2014_2019",1.64598274230957,0.837474524974823,0.367261171340942,4.00535869598389,117.281745910645,15.5016355514526,1.32492589950562,26.7296314239502,10.4274959564209,-0.329129576683044,1,0.519042730331421,"train",817,4,0.47852348993288
"586",1,1,-3.00764799118042,1189265.535663,413883.671147,"2014_2019",1.61499416828156,0.635203421115875,0.377150863409042,2.60855078697205,117.552658081055,15.65456199646,1.19248104095459,26.8426856994629,2.96247124671936,-5.2411642074585,1,-3.00764799118042,"train",818,4,0.47852348993288
"587",1,1,4.06385326385498,1197133.175467,391088.006551,"2014_2019",1.58849155902863,1.39836192131042,0.178259417414665,7.62499523162842,118.360534667969,13.9870891571045,1.45877587795258,28.2593975067139,1.16668045520782,0.0366854667663574,1,4.06385326385498,"train",820,4,0.47852348993288
"588",1,1,-0.170537248253822,1201563.160848,419494.135464,"2014_2019",1.19836115837097,0.342195153236389,0.094819538295269,1.56298696994781,117.332008361816,15.452657699585,1.5312420129776,27.3756237030029,0.975057303905487,-0.0421111732721329,1,-0.170537248253822,"train",821,2,1.71394230769229
"589",1,1,1.98351490497589,1178619.385176,370789.831188,"2014_2019",1.47742462158203,1.76271748542786,0.180885702371597,14.0673599243164,119.539489746094,11.4869527816772,0.919518768787384,30.7595329284668,2.55374312400818,0.194509625434875,1,1.98351490497589,"train",822,4,0.47852348993288
"590",1,1,-2.44162058830261,1203363.644819,426107.60658,"2014_2019",1.59094953536987,0.787077069282532,0.326675057411194,3.77917909622192,118.683715820312,15.4515962600708,2.3604040145874,25.0624771118164,8.73779010772705,0.238901615142822,1,-2.44162058830261,"train",824,4,0.47852348993288
"591",1,1,1.44656372070312,1194425.920429,410210.922076,"2014_2019",1.77544224262238,1.24627077579498,0.618668675422668,6.53553152084351,118.734687805176,14.3257989883423,1.56107139587402,27.2799663543701,1.95251870155334,-0.221977472305298,1,1.44656372070312,"train",826,4,0.47852348993288
"592",1,1,-1.21574985980988,1178350.699427,417663.554298,"2014_2019",1.88840389251709,0.929272174835205,0.390640109777451,4.40974998474121,117.04776763916,15.599157333374,1.08977258205414,26.4821662902832,16.0535144805908,-0.326079428195953,1,-1.21574985980988,"train",827,1,1.32037037037036
"593",1,1,0.747846484184265,1194368.370537,401222.033411,"2014_2019",1.78874611854553,1.31919050216675,0.590150475502014,7.27114582061768,118.674247741699,13.9625091552734,1.53801870346069,27.7099895477295,2.54431009292603,-0.0875364542007446,1,0.747846484184265,"train",828,4,0.47852348993288
"594",1,1,10.7988920211792,1196941.746303,410319.893758,"2014_2019",1.75824069976807,1.26718330383301,0.585605323314667,6.76464605331421,118.993934631348,14.2274589538574,1.64115452766418,27.2029876708984,14.0150737762451,0.00964927673339844,1,10.7988920211792,"train",829,4,0.47852348993288
"595",1,1,-0.0829102247953415,1191406.881716,381869.914247,"2014_2019",1.53418803215027,1.45450294017792,0.213298425078392,9.98204708099365,118.110054016113,12.4610834121704,1.02888643741608,30.1387176513672,12.2266836166382,0.121423244476318,1,-0.0829102247953415,"train",831,4,0.47852348993288
"596",1,1,-0.528139889240265,1197265.12423,429935.600917,"2014_2019",1.54159927368164,0.454754531383514,0.208690568804741,1.45007467269897,116.826400756836,16.0019016265869,2.69377756118774,24.0319023132324,14.3136711120605,1.04727530479431,1,-0.528139889240265,"train",833,1,1.32037037037036
"597",1,1,5.76327133178711,1192993.409825,381675.670758,"2014_2019",1.406613945961,1.1185816526413,0.163900032639503,7.39072370529175,117.117576599121,13.0148820877075,0.970041453838348,30.1934909820557,7.50016593933105,2.62850880622864,1,5.76327133178711,"train",834,2,1.71394230769229
"598",1,1,3.81421566009521,1193234.191809,416400.032785,"2014_2019",1.66500794887543,0.959366679191589,0.280368357896805,4.75697183609009,118.540672302246,15.1712913513184,1.4815149307251,26.6690731048584,11.2819261550903,0.291646480560303,1,3.81421566009521,"train",835,4,0.47852348993288
"599",1,1,-0.634230852127075,1170469.353418,374367.794156,"2014_2019",1.87704205513,0.254394561052322,0.0540604740381241,0.776276588439941,113.348823547363,15.3004608154297,0.44328847527504,27.7763824462891,6.39052391052246,1.21899354457855,1,-0.634230852127075,"train",837,3,1.32037037037036
"600",1,1,-2.39218211174011,1193585.95175,414521.840975,"2014_2019",1.76575672626495,1.13382792472839,0.350875049829483,5.89363622665405,118.958915710449,14.5221157073975,1.59203541278839,26.9922523498535,5.07891273498535,-0.253591537475586,1,-2.39218211174011,"train",838,4,0.47852348993288
"601",1,1,-0.370827049016953,1203072.702707,421060.119352,"2014_2019",1.4907261133194,0.731235325336456,0.162097409367561,3.53558897972107,119.249252319336,15.8313703536987,2.28782892227173,24.8631477355957,5.27956533432007,-0.00111934542655945,1,-0.370827049016953,"train",839,4,0.47852348993288
"602",1,1,0.720528185367584,1214997.145256,479757.570074,"2014_2019",1.35813534259796,0.623836755752563,0.0886163786053658,1.14776492118835,114.556991577148,18.9730491638184,3.33070373535156,10.9748334884644,11.6541919708252,-1.43415760993958,1,0.720528185367584,"train",840,5,1.75615763546796
"603",1,1,-1.60413134098053,1194932.088147,396535.964779,"2014_2019",1.59348821640015,1.37652635574341,0.151900544762611,7.40796852111816,116.722061157227,13.9923887252808,1.55577909946442,28.0296993255615,12.873628616333,-0.0204201936721802,1,-1.60413134098053,"train",843,4,0.47852348993288
"604",1,1,3.35855317115784,1193364.585392,425649.553509,"2014_2019",1.73672842979431,1.13635659217834,0.3163922727108,6.1122727394104,119.029220581055,14.6270837783813,1.76117157936096,26.5420455932617,9.29986095428467,-0.145035266876221,1,3.35855317115784,"train",844,4,0.47852348993288
"605",1,1,4.77947902679443,1184469.771549,376863.876859,"2014_2019",1.58403921127319,1.88222873210907,0.249078556895256,13.4194250106812,120.311134338379,12.0033922195435,1.06232130527496,30.2804584503174,1.30745708942413,0.0380072593688965,1,4.77947902679443,"train",845,4,0.47852348993288
"606",1,1,4.05457258224487,1189085.520235,413303.653962,"2014_2019",1.62400197982788,0.65499871969223,0.331485122442245,2.68732142448425,117.45100402832,15.6004304885864,1.17934429645538,26.9207420349121,0.807939887046814,-0.181369304656982,1,4.05457258224487,"train",850,4,0.47852348993288
"607",1,1,7.243483543396,1185521.893449,377742.066894,"2014_2019",1.61689960956573,1.89376962184906,0.305856645107269,13.517388343811,120.783561706543,11.9248170852661,1.0574539899826,30.2595195770264,6.70975399017334,1.58519887924194,1,7.243483543396,"train",851,4,0.47852348993288
"608",1,1,-0.691986739635468,1198770.360557,390340.692774,"2014_2019",1.71844959259033,1.4840384721756,0.287888795137405,8.2687578201294,118.700210571289,13.6847038269043,1.47133052349091,28.3260860443115,8.93911170959473,0.132201254367828,1,-0.691986739635468,"train",853,4,0.47852348993288
"609",1,1,1.59783542156219,1208487.933197,418471.096632,"2014_2019",1.6286164522171,0.996505200862885,0.645932734012604,5.09042358398438,119.501770019531,14.3085308074951,2.1347987651825,26.342830657959,8.61317348480225,0.0119316577911377,1,1.59783542156219,"train",854,4,0.47852348993288
"610",1,1,7.85237216949463,1200052.366431,403908.336733,"2014_2019",1.75505590438843,1.38520169258118,0.629549741744995,7.82395029067993,119.702369689941,13.9507570266724,1.58505964279175,27.5816345214844,3.92026829719543,0.00980806350708008,1,7.85237216949463,"train",855,4,0.47852348993288
"611",1,1,7.42372798919678,1196163.112252,410618.954844,"2014_2019",1.76054179668427,1.22007179260254,0.588010311126709,6.3822865486145,118.769180297852,14.41552734375,1.61394274234772,27.0933170318604,9.78003883361816,-0.222098827362061,1,7.42372798919678,"train",856,4,0.47852348993288
"612",1,1,-0.745706140995026,1186397.79797,378640.441856,"2014_2019",1.52780508995056,1.67885267734528,0.35561203956604,12.1923475265503,119.540458679199,12.3309354782104,1.00625383853912,30.2514877319336,2.33790135383606,0.0375162959098816,1,-0.745706140995026,"train",858,4,0.47852348993288
"613",1,1,2.53961038589478,1185158.344509,377378.82545,"2014_2019",1.60453414916992,1.89146947860718,0.263758420944214,13.5204381942749,120.52547454834,11.923300743103,1.06027579307556,30.2745590209961,4.89632511138916,0.226623296737671,1,2.53961038589478,"train",862,4,0.47852348993288
"614",1,1,4.17527627944946,1194924.550669,416310.718675,"2014_2019",1.73558187484741,1.1264865398407,0.524743020534515,5.95918941497803,119.400840759277,14.7008390426636,1.66611957550049,26.694845199585,0.861323773860931,-1.76904439926147,1,4.17527627944946,"train",864,4,0.47852348993288
"615",1,1,-1.66710841655731,1192452.840762,402640.88888,"2014_2019",1.75038743019104,1.248619556427,0.22496896982193,6.78318548202515,117.224922180176,14.3888807296753,1.47900915145874,27.5032138824463,8.88572692871094,0.0185374021530151,1,-1.66710841655731,"train",866,4,0.47852348993288
"616",1,1,0.767529606819153,1178757.040546,417306.237986,"2014_2019",1.93058848381042,0.972936868667603,0.43373316526413,4.72678232192993,117.54857635498,15.1188688278198,1.20805871486664,26.7750053405762,21.3745288848877,-1.74015438556671,1,0.767529606819153,"train",867,1,1.32037037037036
"617",1,1,2.3918285369873,1055354.379976,586073.079143,"2014_2019",1.54039573669434,1.5012092590332,0.476053059101105,13.1235113143921,113.350303649902,11.8706016540527,0.546958327293396,28.4262428283691,4.9335880279541,-0.391948223114014,1,2.3918285369873,"train",869,2,1.71394230769229
"618",1,1,2.05207586288452,1177723.206928,371183.521974,"2014_2019",1.50607299804688,1.86111009120941,0.108512207865715,14.7316274642944,119.687973022461,11.4104194641113,0.926918387413025,30.7601337432861,15.2819700241089,-0.412019968032837,1,2.05207586288452,"train",870,4,0.47852348993288
"619",1,1,6.0840015411377,1184458.398624,376770.746123,"2014_2019",1.58635222911835,1.88488054275513,0.253913760185242,13.4490661621094,120.311416625977,11.9918174743652,1.06216442584991,30.2815246582031,1.5133056640625,0.0552291870117188,1,6.0840015411377,"train",873,4,0.47852348993288
"620",1,1,-4.75696277618408,1192543.245642,402123.739737,"2014_2019",1.74832034111023,1.24327194690704,0.187407076358795,6.77419328689575,117.259613037109,14.410590171814,1.47528696060181,27.5262432098389,8.57949733734131,0.104174613952637,1,-4.75696277618408,"train",875,4,0.47852348993288
"621",1,1,0.384929239749908,1194023.046627,382475.837129,"2014_2019",0.89904135465622,0.238851621747017,0.128906399011612,0.976802229881287,114.05436706543,15.3289575576782,0.750655114650726,30.2781009674072,3.11215496063232,-0.926843822002411,1,0.384929239749908,"train",876,2,1.71394230769229
"622",1,1,0.624206006526947,1194710.552395,398232.656206,"2014_2019",1.76062512397766,1.48743844032288,0.202667787671089,8.30435752868652,116.735542297363,13.7504529953003,1.57219851016998,27.9586753845215,0.700187563896179,0.0347453355789185,1,0.624206006526947,"train",877,4,0.47852348993288
"623",1,1,0.71086847782135,1185423.59121,377662.865387,"2014_2019",1.61438655853271,1.89366829395294,0.289552927017212,13.5227842330933,120.734802246094,11.9241638183594,1.05808019638062,30.26171875,5.63879060745239,-0.00236976146697998,1,0.71086847782135,"train",878,4,0.47852348993288
"624",1,1,5.63491439819336,1197213.824764,391140.33763,"2014_2019",1.60688757896423,1.41296410560608,0.186251014471054,7.72277784347534,118.513694763184,13.951286315918,1.45911109447479,28.2597904205322,1.32822847366333,0.00149679183959961,1,5.63491439819336,"train",879,4,0.47852348993288
"625",1,1,2.80276703834534,1192840.79912,410487.025459,"2014_2019",1.75359630584717,1.31166505813599,0.313405215740204,6.86012744903564,118.950035095215,14.3805532455444,1.51263463497162,27.4161376953125,8.23714542388916,0.284634351730347,1,2.80276703834534,"train",880,4,0.47852348993288
"626",1,1,3.27469658851624,1194416.875457,416686.2509,"2014_2019",1.72615110874176,1.10537803173065,0.504235565662384,5.81015157699585,119.126541137695,14.8241958618164,1.63870680332184,26.6455745697021,2.47130465507507,0.0198709964752197,1,3.27469658851624,"train",881,4,0.47852348993288
"627",1,1,3.57190895080566,1194460.258231,416702.254566,"2014_2019",1.72702300548553,1.10549461841583,0.509318470954895,5.812331199646,119.134521484375,14.8245429992676,1.64253056049347,26.6376934051514,2.56394410133362,-0.0117461681365967,1,3.57190895080566,"train",882,4,0.47852348993288
"628",1,1,0.291018038988113,1197102.738462,430199.547468,"2014_2019",1.60037732124329,0.525564670562744,0.324231684207916,1.79422163963318,117.156288146973,15.3171663284302,2.53987407684326,24.7853145599365,8.55756950378418,-0.155369132757187,1,0.291018038988113,"train",883,4,0.47852348993288
"629",1,1,-2.05056691169739,1200735.269162,385151.894454,"2014_2019",1.52103686332703,1.2447315454483,0.136108189821243,7.5069580078125,119.564102172852,13.2895383834839,1.25499498844147,29.0998954772949,3.89959716796875,-0.351282358169556,1,-2.05056691169739,"train",884,4,0.47852348993288
"630",1,1,-0.479249835014343,1182371.411766,416289.769112,"2014_2019",1.80310475826263,0.8476842045784,0.230333358049393,4.05714797973633,115.527488708496,15.5803356170654,1.14649212360382,26.8783130645752,12.6599464416504,-0.300868391990662,1,-0.479249835014343,"train",888,1,1.32037037037036
"631",1,1,7.20970153808594,1192663.635416,407498.872407,"2014_2019",1.69513165950775,1.23936200141907,0.343507826328278,6.64511251449585,118.20191192627,14.4251556396484,1.51750409603119,27.4431476593018,0.759185314178467,0.0129060745239258,1,7.20970153808594,"train",889,4,0.47852348993288
"632",1,1,4.54455041885376,1202277.558364,417976.217829,"2014_2019",1.68530178070068,1.24104380607605,0.503715872764587,6.80424356460571,119.838684082031,13.6000242233276,1.7559232711792,27.5651893615723,25.4485893249512,0.13231086730957,1,4.54455041885376,"train",890,1,1.32037037037036
"633",1,1,4.11595010757446,1192614.454932,411341.734733,"2014_2019",1.7718471288681,1.2679967880249,0.262754946947098,6.56832647323608,118.931602478027,14.3778524398804,1.50828111171722,27.3600025177002,2.88026833534241,-0.293708324432373,1,4.11595010757446,"train",891,4,0.47852348993288
"634",1,1,1.15633952617645,1195370.711789,401055.96861,"2014_2019",1.81731462478638,1.42112791538239,0.288107097148895,7.93172740936279,119.31672668457,13.6709213256836,1.56710922718048,27.8931522369385,1.80794548988342,-0.0449270009994507,1,1.15633952617645,"train",893,4,0.47852348993288
"635",1,1,-1.13335478305817,1201130.860903,387410.820833,"2014_2019",1.74675524234772,1.59606111049652,0.490722745656967,9.16681480407715,119.82186126709,13.3530015945435,1.44630694389343,28.5248241424561,8.44515705108643,-0.0515222549438477,1,-1.13335478305817,"train",894,4,0.47852348993288
"636",1,1,1.17015469074249,1195946.328754,402766.814418,"2014_2019",1.82065153121948,1.40984559059143,0.587155342102051,7.81961297988892,119.733551025391,13.674633026123,1.54729878902435,27.8785915374756,2.52454495429993,-0.0669997930526733,1,1.17015469074249,"train",895,4,0.47852348993288
"637",1,1,-2.71916151046753,1213641.114779,424493.343582,"2014_2019",1.34748673439026,0.255502492189407,0.507533073425293,0.785074055194855,118.076156616211,17.1130447387695,3.02085375785828,22.6291255950928,10.7907514572144,1.94862699508667,1,-2.71916151046753,"train",896,5,1.75615763546796
"638",1,1,-0.302470207214355,1194789.606444,398837.10835,"2014_2019",1.77770185470581,1.4627720117569,0.333990722894669,8.16925430297852,116.962898254395,13.7657508850098,1.56493604183197,27.9279670715332,0.996335387229919,0.0125606954097748,1,-0.302470207214355,"train",897,4,0.47852348993288
"639",1,1,-1.68480491638184,1194072.098714,411021.48891,"2014_2019",1.75878286361694,1.20321571826935,0.587518215179443,6.23789119720459,118.880935668945,14.4811611175537,1.53546369075775,27.2127628326416,18.2098712921143,1.34993886947632,1,-1.68480491638184,"train",898,4,0.47852348993288
"640",1,1,-3.00764799118042,1203773.165022,426893.082902,"2014_2019",1.63338613510132,0.543210208415985,0.467316508293152,1.95934820175171,119.349502563477,15.2323150634766,2.65228581428528,24.7652187347412,0.0985687524080276,0,1,-3.00764799118042,"train",899,4,0.47852348993288
"641",1,1,-2.37049698829651,1191884.32953,409303.091425,"2014_2019",1.60772621631622,1.13746547698975,0.21331000328064,5.88102149963379,117.659446716309,14.9217529296875,1.46456384658813,27.3307189941406,9.4330472946167,0.528663158416748,1,-2.37049698829651,"train",900,4,0.47852348993288
"642",1,1,1.5099686384201,1197993.295603,410702.052748,"2014_2019",1.75303912162781,1.30482649803162,0.599947929382324,7.04873752593994,119.202705383301,14.0406923294067,1.68602275848389,27.2908592224121,8.23034763336182,0.0240988731384277,1,1.5099686384201,"train",901,4,0.47852348993288
"643",1,1,5.93656635284424,1169969.748323,373901.437765,"2014_2019",1.85624969005585,0.368322104215622,0.0869481265544891,1.3010550737381,114.422622680664,14.7034845352173,0.498756319284439,28.5771484375,4.05469608306885,-0.409556865692139,1,5.93656635284424,"train",902,3,1.32037037037036
"644",1,1,1.0989146232605,1196919.633684,391111.962865,"2014_2019",1.53384399414062,1.35407280921936,0.175661876797676,7.31201171875,118.137847900391,14.0909776687622,1.45816004276276,28.2507305145264,1.7696133852005,-0.0907533168792725,1,1.0989146232605,"train",903,4,0.47852348993288
"645",1,1,1.23418998718262,1201819.468373,426488.210173,"2014_2019",1.58267557621002,0.847066700458527,0.183409556746483,4.22191524505615,118.099678039551,15.391508102417,2.18488359451294,25.3383312225342,9.03128147125244,-0.0201261043548584,1,1.23418998718262,"train",904,4,0.47852348993288
"646",1,1,-1.01636457443237,1193113.063158,411836.246293,"2014_2019",1.78531289100647,1.21108186244965,0.479820102453232,6.26093149185181,119.001960754395,14.4208917617798,1.52439272403717,27.2559242248535,14.1914539337158,-0.0311276912689209,1,-1.01636457443237,"train",906,4,0.47852348993288
"647",1,1,0.962316930294037,1166583.273232,374673.992816,"2014_2019",1.54931354522705,1.75476539134979,0.182702645659447,12.7104835510254,116.197212219238,11.7673273086548,0.857507765293121,30.6462135314941,2.55624127388,-0.25734406709671,1,0.962316930294037,"train",907,2,1.71394230769229
"648",1,1,-0.166156977415085,1186518.72604,378652.071576,"2014_2019",1.54145908355713,1.6951003074646,0.369960904121399,12.3155040740967,119.693626403809,12.2716255187988,1.01380801200867,30.2479801177979,4.13241958618164,-0.674097537994385,1,-0.166156977415085,"train",908,4,0.47852348993288
"649",1,1,4.01295280456543,1190517.115173,382000.416721,"2014_2019",1.53808546066284,1.36459410190582,0.186590909957886,9.08346557617188,118.743347167969,12.4631624221802,1.00532484054565,30.1396751403809,6.95574045181274,-0.483248710632324,1,4.01295280456543,"train",909,4,0.47852348993288
"650",1,1,-1.43875324726105,1191953.645308,410009.368761,"2014_2019",1.6381334066391,1.17311406135559,0.224259003996849,6.01494264602661,118.125289916992,14.7446975708008,1.48176908493042,27.3588161468506,10.3786735534668,0.0113365650177002,1,-1.43875324726105,"train",911,4,0.47852348993288
"651",1,1,-1.09210002422333,1197525.137006,424205.49971,"2014_2019",1.69733476638794,1.18018662929535,0.153406888246536,6.61109972000122,117.219970703125,14.5424175262451,1.82082092761993,26.5435657501221,17.352331161499,0.00584495067596436,1,-1.09210002422333,"train",912,1,1.32037037037036
"652",1,1,8.18391799926758,1198567.540455,394088.670588,"2014_2019",1.77507948875427,1.56995403766632,0.399390935897827,8.83542156219482,119.23282623291,13.7348279953003,1.47980082035065,28.1849708557129,2.49609446525574,0.0123395919799805,1,8.18391799926758,"train",913,4,0.47852348993288
"653",1,1,-1.53799510002136,1186430.936558,378608.12698,"2014_2019",1.52940583229065,1.68192207813263,0.374656319618225,12.2132587432861,119.571327209473,12.3218288421631,1.00738644599915,30.2505149841309,4.15863180160522,0.0852696895599365,1,-1.53799510002136,"train",914,4,0.47852348993288
"654",1,1,-1.1476331949234,1195771.725736,400641.310446,"2014_2019",1.82336473464966,1.51600384712219,0.176972344517708,8.55136013031006,119.683128356934,13.5378189086914,1.58473753929138,28.00315284729,1.58673989772797,-0.203328609466553,1,-1.1476331949234,"train",915,4,0.47852348993288
"655",1,1,3.70933747291565,1197373.425471,431059.996843,"2014_2019",1.60151219367981,0.441179633140564,0.533771216869354,1.37475955486298,117.396003723145,15.1570291519165,2.55340337753296,24.8337211608887,23.3126678466797,-1.12832522392273,1,3.70933747291565,"train",918,1,1.32037037037036
"656",1,1,-1.76720476150513,1193780.590645,410663.782752,"2014_2019",1.73128485679626,1.23539221286774,0.534064710140228,6.46808767318726,118.842597961426,14.5530481338501,1.5095134973526,27.2904796600342,8.90898990631104,0.244986772537231,1,-1.76720476150513,"train",920,4,0.47852348993288
"657",1,1,0.670704782009125,1199978.235426,400661.811948,"2014_2019",1.82217073440552,1.64040386676788,0.450330346822739,9.60451507568359,120.411521911621,13.1866512298584,1.55762028694153,28.3208827972412,1.71793043613434,0.0213603377342224,1,0.670704782009125,"train",921,4,0.47852348993288
"658",1,1,5.03841066360474,1196219.346173,410751.097717,"2014_2019",1.75941526889801,1.21751689910889,0.596059083938599,6.36790037155151,118.806495666504,14.4264621734619,1.61629986763,27.0805931091309,4.6602635383606,-0.175854682922363,1,5.03841066360474,"train",922,4,0.47852348993288
"659",1,1,-1.90969395637512,1203665.583334,417321.993557,"2014_2019",1.68888998031616,1.24742913246155,0.476555019617081,6.8497371673584,119.886947631836,13.4594106674194,1.80338001251221,27.5973320007324,4.62362861633301,-0.332181811332703,1,-1.90969395637512,"train",923,4,0.47852348993288
"660",1,1,9.97884464263916,1194601.327564,425729.604799,"2014_2019",1.71816420555115,1.11791861057281,0.502831697463989,6.16764259338379,118.486991882324,14.5737466812134,1.90228748321533,26.3516540527344,7.46781063079834,-0.52009105682373,1,9.97884464263916,"train",924,4,0.47852348993288
"661",1,1,1.32059359550476,1184698.80805,414140.032824,"2014_2019",1.68420600891113,0.579741716384888,0.397002756595612,2.51877379417419,115.986824035645,15.906286239624,1.13426268100739,26.7662773132324,13.1151103973389,-0.0471068620681763,1,1.32059359550476,"train",926,1,1.32037037037036
"662",1,1,-1.60837757587433,1193772.703127,425178.393852,"2014_2019",1.72638475894928,1.10881149768829,0.340743809938431,5.91859722137451,118.704833984375,14.7215042114258,1.79209613800049,26.4175472259521,17.56955909729,2.01431941986084,1,-1.60837757587433,"train",927,1,1.32037037037036
"663",1,1,4.56498384475708,1199332.28185,390586.877973,"2014_2019",1.744624376297,1.52503192424774,0.35170391201973,8.57166576385498,118.85693359375,13.6008224487305,1.46571469306946,28.3485145568848,2.86873984336853,0.063713550567627,1,4.56498384475708,"train",928,4,0.47852348993288
"664",1,1,5.60735177993774,1193555.176816,410419.00791,"2014_2019",1.72469472885132,1.2402251958847,0.462686538696289,6.5060544013977,118.831001281738,14.5913486480713,1.49721264839172,27.2999744415283,5.10900592803955,-0.549641132354736,1,5.60735177993774,"train",930,4,0.47852348993288
"665",1,1,-1.94677984714508,1192105.34439,426303.1745,"2014_2019",1.73715937137604,1.06011557579041,0.375647693872452,5.46200370788574,118.920433044434,14.8078832626343,1.70555400848389,26.4745140075684,6.13807725906372,0.1659916639328,1,-1.94677984714508,"train",931,4,0.47852348993288
"666",1,1,7.06071996688843,1198473.76052,420324.486165,"2014_2019",1.72693860530853,1.24506223201752,0.459017336368561,6.79517316818237,118.712699890137,14.1115379333496,1.8041216135025,26.9875011444092,2.72539162635803,0.189134120941162,1,7.06071996688843,"train",932,4,0.47852348993288
"667",1,1,-3.05949449539185,1197644.08521,423679.08255,"2014_2019",1.70161557197571,1.19235551357269,0.228749021887779,6.69243335723877,117.384422302246,14.5114049911499,1.81670594215393,26.5823917388916,4.78081750869751,-2.4120888710022,1,-3.05949449539185,"train",934,4,0.47852348993288
"668",1,1,2.71971130371094,1199132.286055,427057.057345,"2014_2019",1.66184604167938,0.971524775028229,0.488306909799576,4.86871576309204,117.545066833496,14.5034141540527,2.04813575744629,26.2107715606689,3.25533151626587,0.0308332443237305,1,2.71971130371094,"train",936,4,0.47852348993288
"669",1,1,6.32825374603271,1200330.114645,394255.271861,"2014_2019",1.79126417636871,1.62034320831299,0.463963598012924,9.30747509002686,119.794166564941,13.4289646148682,1.48493051528931,28.3242988586426,2.90347266197205,0.0225491523742676,1,6.32825374603271,"train",937,4,0.47852348993288
"670",1,1,4.71044254302979,1192117.721871,409840.833384,"2014_2019",1.67330849170685,1.20726442337036,0.238171383738518,6.24087524414062,117.94246673584,14.6817607879639,1.48329997062683,27.3571033477783,0.265895664691925,-0.022280216217041,1,4.71044254302979,"train",938,4,0.47852348993288
"671",1,1,3.69678926467896,1178893.667426,371811.421293,"2014_2019",1.32002389431,1.34748017787933,0.151104018092155,10.403811454773,117.212242126465,12.3800830841064,0.84541118144989,30.75461769104,5.2424898147583,0.238544225692749,1,3.69678926467896,"train",939,2,1.71394230769229
"672",1,1,4.48672771453857,1192967.353858,420110.558615,"2014_2019",1.73777484893799,1.09592497348785,0.289429515600204,5.79823732376099,118.433326721191,14.8495988845825,1.60349440574646,26.6839084625244,8.31589889526367,-0.00883769989013672,1,4.48672771453857,"train",940,4,0.47852348993288
"673",1,1,-0.361587852239609,1196282.727128,400843.093627,"2014_2019",1.81223702430725,1.6001044511795,0.186029031872749,9.14778327941895,120.632766723633,13.5018329620361,1.5680947303772,28.1670322418213,2.11156821250916,-0.0419981777667999,1,-0.361587852239609,"train",941,4,0.47852348993288
"674",1,1,-1.12435483932495,1195115.129336,397121.250353,"2014_2019",1.647017121315,1.43449819087982,0.241750314831734,7.79288196563721,116.806442260742,13.9103689193726,1.56271409988403,28.0106029510498,1.72056984901428,-0.0440294742584229,1,-1.12435483932495,"train",942,4,0.47852348993288
"675",1,1,-1.79069113731384,1199858.159049,388896.762162,"2014_2019",1.74000656604767,1.56914925575256,0.209544062614441,8.96524047851562,119.234565734863,13.4995603561401,1.43652629852295,28.4766845703125,14.1285390853882,0.685793399810791,1,-1.79069113731384,"train",943,4,0.47852348993288
"676",1,1,4.90140390396118,1199125.817873,401105.126679,"2014_2019",1.82800900936127,1.58473086357117,0.296004265546799,9.10897827148438,120.193000793457,13.2634506225586,1.55873167514801,28.2458000183105,4.64545631408691,0.0879220962524414,1,4.90140390396118,"train",944,4,0.47852348993288
"677",1,1,0.834710657596588,1195802.368646,391946.209696,"2014_2019",1.21196758747101,0.939129114151001,0.138841658830643,4.84578037261963,116.342864990234,15.2258625030518,1.30972170829773,28.1773853302002,2.2388653755188,-0.00923192501068115,1,0.834710657596588,"train",947,2,1.71394230769229
"678",1,1,10.15611743927,1196939.15762,411048.473716,"2014_2019",1.75403928756714,1.25106871128082,0.589737832546234,6.62896490097046,119.023780822754,14.2850618362427,1.6552494764328,27.1356716156006,11.8312196731567,0.130942344665527,1,10.15611743927,"train",948,4,0.47852348993288
"679",1,1,-2.98562932014465,1197880.83714,410752.765064,"2014_2019",1.75263583660126,1.30069899559021,0.593669891357422,7.01583242416382,119.220138549805,14.0642423629761,1.68316638469696,27.2759532928467,7.96121788024902,2.65110373497009,1,-2.98562932014465,"train",949,4,0.47852348993288
"680",1,1,0.945152759552002,1169096.965043,373810.065664,"2014_2019",1.86594021320343,0.321558833122253,0.104276150465012,1.28107106685638,115.070602416992,14.197338104248,0.576848387718201,28.9876918792725,0.87698221206665,0.0441907048225403,1,0.945152759552002,"train",950,4,0.47852348993288
"681",1,1,1.37087249755859,1195321.890971,394336.708409,"2014_2019",1.2423837184906,0.986360490322113,0.152956306934357,5.00310325622559,116.257041931152,14.7581748962402,1.46926069259644,28.2010746002197,0.711726248264313,-0.045360803604126,1,1.37087249755859,"train",952,2,1.71394230769229
"682",1,1,5.45124578475952,1196932.944519,424513.791012,"2014_2019",1.6983026266098,1.13816606998444,0.289413422346115,6.34313249588013,116.993011474609,14.5195226669312,1.90498638153076,26.3930587768555,15.9154052734375,-0.934971332550049,1,5.45124578475952,"train",953,1,1.32037037037036
"683",1,1,4.05262756347656,1199477.430525,426147.369301,"2014_2019",1.65391230583191,0.958984553813934,0.374393105506897,4.78318500518799,117.881217956543,14.5393352508545,2.05917429924011,26.1553344726562,8.27330207824707,-0.00677728652954102,1,4.05262756347656,"train",954,4,0.47852348993288
"684",1,1,1.6452944278717,1195217.667659,395143.522709,"2014_2019",1.259805560112,1.00590336322784,0.151706025004387,5.09069871902466,116.363571166992,14.7367362976074,1.4882538318634,28.1686000823975,1.49158883094788,0.139236569404602,1,1.6452944278717,"train",955,2,1.71394230769229
"685",1,1,4.83768606185913,1196427.305773,416549.474532,"2014_2019",1.7153195142746,1.11715078353882,0.339450567960739,5.93566513061523,119.157791137695,14.8241653442383,1.6899139881134,26.5741863250732,3.85653853416443,-0.0178966522216797,1,4.83768606185913,"train",959,4,0.47852348993288
"686",1,1,10.4731817245483,1201935.588938,388483.8586,"2014_2019",1.75331664085388,1.62001419067383,0.541905999183655,9.31343173980713,119.953132629395,13.336893081665,1.4436469078064,28.4906196594238,4.04154586791992,-0.17851448059082,1,10.4731817245483,"train",962,4,0.47852348993288
"687",1,1,2.283287525177,1196856.606422,425394.218828,"2014_2019",1.69365620613098,1.1202871799469,0.338135063648224,6.18833494186401,117.119522094727,14.584623336792,1.91913938522339,26.3138389587402,6.11081743240356,-0.184925556182861,1,2.283287525177,"train",963,4,0.47852348993288
"688",1,1,2.86829710006714,1191772.005919,411146.099311,"2014_2019",1.7594883441925,1.27927815914154,0.337305337190628,6.61886835098267,118.867683410645,14.3508129119873,1.50104928016663,27.4352741241455,2.85256409645081,-0.243960618972778,1,2.86829710006714,"train",964,4,0.47852348993288
"689",1,1,6.69719886779785,1200301.950181,393670.537934,"2014_2019",1.78474354743958,1.62060034275055,0.452164620161057,9.29353141784668,119.79239654541,13.4529314041138,1.47893238067627,28.3289680480957,6.44083547592163,-0.519477844238281,1,6.69719886779785,"train",965,4,0.47852348993288
"690",1,1,5.43471908569336,1182799.282875,373013.645005,"2014_2019",1.61506569385529,1.89970111846924,0.252511709928513,13.6631116867065,120.292015075684,11.7807703018188,1.05607557296753,30.3185901641846,5.84784460067749,0.195953369140625,1,5.43471908569336,"train",967,4,0.47852348993288
"691",1,1,-3.00764799118042,1204280.3428,426644.946474,"2014_2019",1.62720441818237,0.65436452627182,0.220577776432037,2.61415195465088,119.024749755859,15.2470703125,2.55301141738892,24.9409027099609,6.31989669799805,0.0207533836364746,1,-3.00764799118042,"train",968,4,0.47852348993288
"692",1,1,1.83104264736176,1196254.05286,391723.62287,"2014_2019",1.41038393974304,1.21428954601288,0.145502522587776,6.42968940734863,117.175521850586,14.4623861312866,1.41363954544067,28.2046031951904,0.583134055137634,-0.11970055103302,1,1.83104264736176,"train",969,2,1.71394230769229
"693",1,1,-1.87958431243896,1200669.155039,426928.417729,"2014_2019",1.60195863246918,0.881829380989075,0.28076234459877,4.40774822235107,117.993293762207,15.0512952804565,2.10358905792236,25.6958122253418,10.5724496841431,-0.0595052242279053,1,-1.87958431243896,"train",972,4,0.47852348993288
"694",1,1,1.96811234951019,1195558.900218,392418.199567,"2014_2019",1.38223826885223,1.20661294460297,0.101607136428356,6.35749435424805,116.586288452148,14.4675416946411,1.43259918689728,28.1988563537598,0.46996009349823,-0.110381722450256,1,1.96811234951019,"train",973,2,1.71394230769229
"695",1,1,7.09794473648071,1039832.934468,593280.074661,"2014_2019",1.24031174182892,1.58369565010071,0.485514491796494,18.4361000061035,109.945892333984,11.0501279830933,0.54350608587265,29.6474666595459,18.4638538360596,0.411274909973145,1,7.09794473648071,"train",974,2,1.71394230769229
"696",1,1,5.58488607406616,1200943.03056,424354.390665,"2014_2019",1.59869813919067,0.857195973396301,0.248305231332779,4.21421432495117,118.083290100098,15.1079216003418,2.21234154701233,25.5104007720947,9.20404720306396,0.63434648513794,1,5.58488607406616,"train",975,4,0.47852348993288
"697",1,1,-2.54703712463379,1189412.438948,435726.428865,"2014_2019",1.55718696117401,0.907809615135193,0.11181166023016,4.71543073654175,117.657943725586,15.3841800689697,1.72433352470398,26.138500213623,13.6818494796753,0.70529294013977,1,-2.54703712463379,"train",976,1,1.32037037037036
"698",1,1,5.43881702423096,1194548.054818,426302.396042,"2014_2019",1.71455109119415,1.10422551631927,0.539819121360779,6.11207866668701,118.61597442627,14.5868062973022,1.9350917339325,26.2878513336182,8.42093086242676,0.197040557861328,1,5.43881702423096,"train",977,4,0.47852348993288
"699",1,1,-3.00764799118042,1179692.289633,414672.045884,"2014_2019",1.91574645042419,1.02722573280334,0.257618755102158,5.17049407958984,116.616813659668,15.0919370651245,1.22016513347626,26.9125900268555,7.99771451950073,-0.000439882278442383,1,-3.00764799118042,"train",980,4,0.47852348993288
"700",1,1,7.71849584579468,1198032.57739,394113.176705,"2014_2019",1.76805686950684,1.54361593723297,0.37711289525032,8.63431549072266,118.963409423828,13.7917671203613,1.48232471942902,28.1511745452881,5.57970809936523,-0.175482273101807,1,7.71849584579468,"train",981,4,0.47852348993288
"701",1,1,1.88692557811737,1193455.713553,428282.516474,"2014_2019",1.6617283821106,0.873826503753662,0.482063978910446,4.27532577514648,118.007484436035,15.3684349060059,1.94440758228302,25.6037311553955,2.65147161483765,-1.0185958147049,1,1.88692557811737,"train",983,4,0.47852348993288
"702",1,1,4.65502309799194,1191848.234166,381658.81463,"2014_2019",1.57672595977783,1.6402153968811,0.241466954350471,11.6464338302612,118.623977661133,12.2455530166626,1.04918086528778,30.157585144043,3.5896852016449,1.0062837600708,1,4.65502309799194,"train",985,4,0.47852348993288
"703",1,1,2.90855956077576,1197150.781643,410827.518751,"2014_2019",1.75354695320129,1.2636284828186,0.594321250915527,6.73464632034302,119.115158081055,14.2258443832397,1.65667307376862,27.1794147491455,5.09359073638916,-0.958627223968506,1,2.90855956077576,"train",986,4,0.47852348993288
"704",1,1,7.98654222488403,1190646.898685,382266.00702,"2014_2019",1.46600079536438,1.19101428985596,0.171989247202873,7.65878248214722,117.752182006836,12.766040802002,0.984333753585815,30.1198482513428,3.52269625663757,1.27485656738281,1,7.98654222488403,"train",989,2,1.71394230769229
"705",1,1,-0.94607824087143,1199842.186717,388575.748446,"2014_2019",1.73166120052338,1.56179082393646,0.192442655563354,8.94137287139893,119.237533569336,13.5346813201904,1.41677963733673,28.4985733032227,6.55539083480835,0.0922637581825256,1,-0.94607824087143,"train",990,4,0.47852348993288
"706",1,1,-1.45874905586243,1194233.934985,400864.362125,"2014_2019",1.78925442695618,1.33864343166351,0.615358293056488,7.39295530319214,118.666275024414,13.911566734314,1.54915964603424,27.7386856079102,0.99714583158493,0.0052412748336792,1,-1.45874905586243,"train",991,4,0.47852348993288
"707",1,1,1.2825528383255,1192121.172401,411574.281082,"2014_2019",1.77766370773315,1.29036104679108,0.294210016727448,6.69069719314575,118.789970397949,14.3089580535889,1.51262485980988,27.3984661102295,4.76533508300781,-0.303481101989746,1,1.2825528383255,"train",992,4,0.47852348993288
"708",1,1,0.335173666477203,1059224.119679,560984.325403,"2014_2019",1.37338733673096,0.0607098042964935,0.149693861603737,0.0239779390394688,106.873626708984,17.2078819274902,0.19664303958416,24.297342300415,1.86661171913147,-0.00163349509239197,1,0.335173666477203,"train",993,3,1.32037037037036
"709",1,1,2.50426506996155,1059107.859675,545844.10108,"2014_2019",1.32828795909882,0.312536418437958,0.182983204722404,1.56998980045319,111.119102478027,15.3649101257324,0.374788522720337,26.9202117919922,2.80052638053894,-0.13934588432312,1,2.50426506996155,"train",994,2,1.71394230769229
"710",1,1,1.76915848255157,1201836.912888,430907.29845,"2014_2019",1.35165822505951,0.217685461044312,0.369703501462936,0.514589786529541,117.078979492188,17.5631198883057,3.35319590568542,21.6946105957031,10.5119848251343,0.0243257284164429,1,1.76915848255157,"train",995,5,1.75615763546796
"711",1,1,-0.628523290157318,1059597.149236,553560.674847,"2014_2019",1.61973214149475,0.25822576880455,0.55326497554779,0.9488884806633,112.087043762207,14.6737642288208,0.41475236415863,26.3423290252686,0.573685944080353,-0.000165402889251709,1,-0.628523290157318,"train",996,2,1.71394230769229
"712",1,1,-3.00764799118042,1057505.934682,568956.934826,"2014_2019",1.39117562770844,0.0743914619088173,0.123446024954319,0.0571296587586403,108.679862976074,16.6329345703125,0.214878886938095,25.3449192047119,8.35168647766113,-1.19017863273621,1,-3.00764799118042,"train",998,3,1.32037037037036
"713",1,1,0.618033170700073,1059212.285593,561236.974095,"2014_2019",1.37100350856781,0.0616031400859356,0.142258271574974,0.0238276813179255,106.896842956543,17.1859722137451,0.197773948311806,24.2833480834961,2.62242293357849,-0.0483522415161133,1,0.618033170700073,"train",1000,3,1.32037037037036
"714",1,1,0.595327436923981,1084392.468203,511823.255732,"2014_2019",1.56379234790802,0.15767215192318,0.165221929550171,0.377427995204926,113.458541870117,16.912036895752,0.290736436843872,27.2918434143066,0.399878025054932,0.010934054851532,1,0.595327436923981,"train",1001,3,1.32037037037036
"715",1,1,1.00873816013336,1058871.646329,564152.421441,"2014_2019",1.3576740026474,0.0652943104505539,0.133558928966522,0.0253050271421671,108.954940795898,17.068998336792,0.194020435214043,24.3516654968262,1.85416495800018,-0.00713706016540527,1,1.00873816013336,"train",1002,3,1.32037037037036
"716",1,1,-0.821827411651611,1059240.456852,561723.335535,"2014_2019",1.36727058887482,0.0627822652459145,0.146699905395508,0.0238739084452391,107.055328369141,17.1531429290771,0.199321389198303,24.2682514190674,1.66834104061127,0.297995686531067,1,-0.821827411651611,"train",1003,3,1.32037037037036
"717",1,1,0.56699949502945,1073011.58434,530437.307676,"2014_2019",1.45999693870544,0.335343927145004,0.215018570423126,1.49301397800446,110.735198974609,14.805853843689,0.399140655994415,27.5642623901367,0.827350616455078,0.107669532299042,1,0.56699949502945,"train",1005,2,1.71394230769229
"718",1,1,0.291936039924622,1060004.740658,553951.99951,"2014_2019",1.59423458576202,0.182329073548317,0.539237022399902,0.536583781242371,112.166366577148,15.2315654754639,0.369456589221954,25.8957939147949,1.4428151845932,0.012006938457489,1,0.291936039924622,"train",1008,3,1.32037037037036
"719",1,1,-0.944155514240265,1057128.996828,569283.305364,"2014_2019",1.40042793750763,0.0754688605666161,0.112224571406841,0.0631862431764603,108.24299621582,16.5584144592285,0.215072050690651,25.4716987609863,6.31939601898193,-0.236267805099487,1,-0.944155514240265,"train",1009,3,1.32037037037036
"720",1,1,-1.29714453220367,1071179.232147,532192.73609,"2014_2019",1.46272170543671,0.346060395240784,0.247449710965157,1.56376576423645,110.20637512207,14.8560695648193,0.392030239105225,27.5150241851807,1.35800170898438,-0.17959475517273,1,-1.29714453220367,"train",1010,2,1.71394230769229
"721",1,1,-0.587752640247345,1071601.499976,531517.645428,"2014_2019",1.4618843793869,0.342153668403625,0.213312700390816,1.58084332942963,110.380897521973,14.8098363876343,0.39838495850563,27.5576992034912,0.415031403303146,0.000203549861907959,1,-0.587752640247345,"train",1011,2,1.71394230769229
"722",1,1,-1.39698719978333,1061236.533479,555209.26404,"2014_2019",1.43998098373413,0.0692892670631409,0.355788707733154,0.0509958490729332,108.647926330566,16.9038276672363,0.246236503124237,24.4978828430176,1.30811858177185,0.0055840015411377,1,-1.39698719978333,"train",1012,3,1.32037037037036
"723",1,1,5.2918586730957,1058522.520371,564930.558333,"2014_2019",1.35763764381409,0.0655389651656151,0.109473764896393,0.0282401815056801,109.296096801758,17.0882663726807,0.189392760396004,24.4632358551025,5.55526399612427,0.0102620124816895,1,5.2918586730957,"train",1013,3,1.32037037037036
"724",1,1,0.569570243358612,1058904.834385,547143.693759,"2014_2019",1.40498411655426,0.354280829429626,0.248401522636414,1.70809161663055,111.424644470215,14.9917917251587,0.396970331668854,26.9742374420166,1.43749034404755,0.0661246180534363,1,0.569570243358612,"train",1014,2,1.71394230769229
"725",1,1,4.02381420135498,1059202.814536,547146.356286,"2014_2019",1.40099203586578,0.358924508094788,0.290164262056351,1.74683499336243,111.608543395996,14.9971075057983,0.397302836179733,26.9793472290039,1.89927268028259,0.0268118381500244,1,4.02381420135498,"train",1015,2,1.71394230769229
"726",1,1,7.04405069351196,1059162.048442,546952.657045,"2014_2019",1.37727093696594,0.354160487651825,0.273788720369339,1.77714049816132,111.83943939209,15.114896774292,0.392344653606415,26.9448566436768,1.13653552532196,0.00937414169311523,1,7.04405069351196,"train",1016,2,1.71394230769229
"727",1,1,1.46346807479858,1063438.119758,541495.228683,"2014_2019",1.5175439119339,0.456415861845016,0.333429515361786,2.41731643676758,110.167945861816,14.3580675125122,0.428724855184555,27.397144317627,1.35240888595581,0.0272818803787231,1,1.46346807479858,"train",1019,2,1.71394230769229
"728",1,1,1.22329831123352,1063857.578114,540958.53718,"2014_2019",1.56884729862213,0.455351859331131,0.289113014936447,2.39023685455322,110.415733337402,14.329381942749,0.437504321336746,27.3028945922852,0.952229738235474,0.186301231384277,1,1.22329831123352,"train",1021,2,1.71394230769229
"729",1,1,0.641179263591766,1182162.984048,441895.826272,"2014_2019",1.43778789043427,0.12930928170681,0.189191684126854,0.204737737774849,116.927352905273,18.0040817260742,2.90891170501709,21.7371196746826,7.37034511566162,-0.00443094968795776,1,0.641179263591766,"train",1022,5,1.75615763546796
"730",1,1,2.78763794898987,1183222.837585,441120.846084,"2014_2019",1.42743301391602,0.1314827054739,0.190844401717186,0.2092315107584,116.680404663086,17.9850406646729,2.95796346664429,21.6973972320557,4.67592477798462,-0.0430924892425537,1,2.78763794898987,"train",1023,5,1.75615763546796
"731",1,1,1.45267975330353,1206385.190777,426408.720659,"2014_2019",1.41335213184357,0.264923751354218,0.26370644569397,0.725543260574341,118.571304321289,16.7916698455811,3.03434801101685,22.8478336334229,10.9980068206787,0.218494176864624,1,1.45267975330353,"train",1025,5,1.75615763546796
"732",1,1,-1.61022126674652,1206205.824623,426000.302616,"2014_2019",1.53079831600189,0.439099758863449,0.160465776920319,1.50324535369873,119.366607666016,15.82239818573,2.80006718635559,24.0708198547363,0.986954867839813,-0.00603222846984863,1,-1.61022126674652,"train",1026,4,0.47852348993288
"733",1,1,-2.06168603897095,1206940.109515,426023.747688,"2014_2019",1.38726353645325,0.263999909162521,0.259166091680527,0.765931963920593,118.206283569336,16.9697895050049,3.03268527984619,22.693042755127,1.94372665882111,-0.00651192665100098,1,-2.06168603897095,"train",1027,5,1.75615763546796
"734",1,1,-2.40448379516602,1207877.434061,425640.18875,"2014_2019",1.35647964477539,0.239226594567299,0.292194604873657,0.704649686813354,117.683250427246,17.2275905609131,3.04911136627197,22.4164886474609,3.87599229812622,-0.000115871429443359,1,-2.40448379516602,"train",1029,5,1.75615763546796
"735",1,1,0.931539714336395,1208454.040069,425641.13346,"2014_2019",1.35026288032532,0.233375281095505,0.299439966678619,0.684654891490936,117.238899230957,17.2595653533936,3.06047797203064,22.364128112793,3.85059475898743,-0.309549152851105,1,0.931539714336395,"train",1030,5,1.75615763546796
"736",1,1,-2.84047484397888,1207917.961183,425618.735388,"2014_2019",1.35773801803589,0.240715235471725,0.293678373098373,0.713129162788391,117.670143127441,17.2173938751221,3.04350924491882,22.4314804077148,5.98607444763184,0.911806344985962,1,-2.84047484397888,"train",1031,5,1.75615763546796
"737",1,1,-2.56675434112549,1208359.671029,425453.528213,"2014_2019",1.35796546936035,0.242343932390213,0.309337705373764,0.729789197444916,117.297691345215,17.199390411377,3.02936959266663,22.4537601470947,3.15094542503357,-0.000983715057373047,1,-2.56675434112549,"train",1032,5,1.75615763546796
"738",1,1,-2.71488118171692,1208655.72896,425355.953664,"2014_2019",1.35433328151703,0.238710761070251,0.316807389259338,0.714963555335999,117.063568115234,17.2219467163086,3.03998136520386,22.4105682373047,4.33310794830322,0.14563512802124,1,-2.71488118171692,"train",1033,5,1.75615763546796
"739",1,1,1.40152430534363,1209186.481471,425145.658792,"2014_2019",1.35421466827393,0.241514012217522,0.318204671144485,0.734299123287201,116.905227661133,17.1952819824219,3.01771211624146,22.4556865692139,10.9919185638428,0.0750607252120972,1,1.40152430534363,"train",1034,5,1.75615763546796
"740",1,1,1.49707651138306,1212210.56756,425333.740141,"2014_2019",1.32818245887756,0.237822383642197,0.376147359609604,0.69399631023407,117.715789794922,17.2769832611084,3.09386658668518,22.3387603759766,6.56260204315186,-1.25910091400146,1,1.49707651138306,"train",1035,5,1.75615763546796
"741",1,1,3.85706973075867,1191971.303047,436542.070436,"2014_2019",1.36441099643707,0.154068857431412,0.26320418715477,0.278425306081772,117.003967285156,17.977710723877,3.28616452217102,21.2449436187744,5.78604030609131,0.024329662322998,1,3.85706973075867,"train",1037,5,1.75615763546796
"742",1,1,4.51273441314697,1192618.58698,436284.458252,"2014_2019",1.36197149753571,0.156826302409172,0.280902504920959,0.284467488527298,117.146797180176,17.9704475402832,3.30244493484497,21.2116508483887,7.06535768508911,-0.000631332397460938,1,4.51273441314697,"train",1038,5,1.75615763546796
"743",1,1,0.135033831000328,1076015.488561,527417.323678,"2014_2019",1.45597732067108,0.309762895107269,0.184781536459923,1.3698616027832,111.509468078613,14.7593755722046,0.405601978302002,27.638011932373,1.26054918766022,0.00254122912883759,1,0.135033831000328,"train",1039,2,1.71394230769229
"744",1,1,-1.17682087421417,1060395.21771,554397.370273,"2014_2019",1.48310554027557,0.0994458347558975,0.504456341266632,0.148938119411469,110.65397644043,16.2844409942627,0.281542301177979,25.0724868774414,1.3911691904068,-0.00669717788696289,1,-1.17682087421417,"train",1040,3,1.32037037037036
"745",1,1,6.74393606185913,1194750.630623,435792.839807,"2014_2019",1.37433338165283,0.184267729520798,0.471520274877548,0.362517952919006,116.771812438965,17.7307472229004,3.35702800750732,21.5049629211426,10.7118196487427,-0.0340008735656738,1,6.74393606185913,"train",1041,5,1.75615763546796
"746",1,1,-1.07970416545868,1077754.123463,525521.806203,"2014_2019",1.45332396030426,0.328512758016586,0.193443015217781,1.50544965267181,110.752822875977,14.7468385696411,0.409740775823593,27.6999969482422,1.38065481185913,2.6702880859375e-05,1,-1.07970416545868,"train",1042,2,1.71394230769229
"747",1,1,2.11834168434143,1079539.288272,524769.947328,"2014_2019",1.41578948497772,0.309166818857193,0.131791919469833,1.35349488258362,112.156440734863,15.1080093383789,0.392271041870117,27.6210632324219,1.19284570217133,-0.0106549263000488,1,2.11834168434143,"train",1043,2,1.71394230769229
"748",1,1,-0.480572402477264,1079942.806,524220.254023,"2014_2019",1.39314639568329,0.300380140542984,0.10255528241396,1.30803966522217,113.026786804199,15.2562761306763,0.391801923513412,27.6153354644775,1.4071204662323,-0.00757533311843872,1,-0.480572402477264,"train",1044,2,1.71394230769229
"749",1,1,-0.857628643512726,1079980.960177,524169.631707,"2014_2019",1.3924275636673,0.297691702842712,0.0992411598563194,1.28839242458344,113.018569946289,15.2684345245361,0.391038835048676,27.610818862915,1.33996188640594,-0.000263333320617676,1,-0.857628643512726,"train",1045,2,1.71394230769229
"750",1,1,3.47775483131409,1196006.518811,434525.11859,"2014_2019",1.38297438621521,0.206363946199417,0.454402893781662,0.420508772134781,117.282470703125,17.5990962982178,3.34868955612183,21.6328220367432,3.81072688102722,-0.974550008773804,1,3.47775483131409,"train",1046,5,1.75615763546796
"751",1,1,-0.0320766344666481,1080264.207345,523926.140881,"2014_2019",1.38280832767487,0.284720629453659,0.084750160574913,1.19432103633881,113.163063049316,15.3436708450317,0.388418048620224,27.5984649658203,1.44282793998718,-0.030412970110774,1,-0.0320766344666481,"train",1047,2,1.71394230769229
"752",1,1,2.31205248832703,1196081.069897,433915.909074,"2014_2019",1.38983702659607,0.217661559581757,0.360908627510071,0.488956570625305,118.003311157227,17.4855976104736,3.27592134475708,21.816198348999,2.52637219429016,-0.15148663520813,1,2.31205248832703,"train",1048,5,1.75615763546796
"753",1,1,0.819673240184784,1197461.72228,433884.088093,"2014_2019",1.42100930213928,0.226210430264473,0.6427161693573,0.457763075828552,118.113327026367,17.2437191009521,3.35683679580688,21.9531803131104,2.5679829120636,-1.26296830177307,1,0.819673240184784,"train",1050,5,1.75615763546796
"754",1,1,1.23492920398712,1080995.995388,523429.398683,"2014_2019",1.36810851097107,0.267398774623871,0.105562217533588,1.09303843975067,113.694152832031,15.4758729934692,0.381638199090958,27.5756587982178,0.785600185394287,-0.0319828987121582,1,1.23492920398712,"train",1051,2,1.71394230769229
"755",1,1,0.734097123146057,1081712.774427,522928.862311,"2014_2019",1.34899175167084,0.252174317836761,0.127142503857613,1.02298879623413,114.171325683594,15.572639465332,0.381584405899048,27.5635204315186,0.919261157512665,0.0112149715423584,1,0.734097123146057,"train",1054,2,1.71394230769229
"756",1,1,1.20833134651184,1197424.960463,432809.267181,"2014_2019",1.45408809185028,0.283179640769958,0.791023135185242,0.745330929756165,118.314346313477,16.7488822937012,3.10476303100586,22.7039604187012,6.93739414215088,-1.32900595664978,1,1.20833134651184,"train",1055,5,1.75615763546796
"757",1,1,5.04673957824707,1199217.002021,432818.308247,"2014_2019",1.42811870574951,0.249552324414253,0.366715550422668,0.555806338787079,117.812843322754,16.9967594146729,3.24567174911499,22.3627586364746,5.71619367599487,-0.495673656463623,1,5.04673957824707,"train",1056,5,1.75615763546796
"758",1,1,0.442086607217789,1197281.747829,432428.437595,"2014_2019",1.47306144237518,0.306445240974426,1.09734439849854,0.863048732280731,118.214889526367,16.5654296875,3.02000761032104,22.985876083374,9.48038482666016,-0.233609527349472,1,0.442086607217789,"train",1057,4,0.47852348993288
"759",1,1,0.453817158937454,1082583.743097,521893.815174,"2014_2019",1.33381927013397,0.243817046284676,0.214506849646568,0.97473406791687,114.695610046387,15.7078628540039,0.388060212135315,27.5739116668701,1.08826899528503,-0.0197259783744812,1,0.453817158937454,"train",1058,2,1.71394230769229
"760",1,1,20.6191673278809,1198227.032645,432220.764611,"2014_2019",1.52433383464813,0.295567065477371,0.731463015079498,0.702761292457581,118.028907775879,16.1072483062744,2.93216395378113,23.4886989593506,4.79650115966797,-2.21323013305664,1,20.6191673278809,"train",1059,4,0.47852348993288
"761",1,1,2.11800146102905,1198582.99068,432150.993854,"2014_2019",1.52647924423218,0.296655893325806,0.506137251853943,0.700971305370331,117.944953918457,16.0835247039795,2.94149994850159,23.4949989318848,11.6402168273926,-0.838265419006348,1,2.11800146102905,"train",1060,4,0.47852348993288
"762",1,1,3.51211404800415,1199667.512296,432172.254931,"2014_2019",1.39437508583069,0.236668169498444,0.370624899864197,0.561199247837067,117.240356445312,17.3901844024658,3.27239036560059,21.9975337982178,5.58037853240967,0.513355731964111,1,3.51211404800415,"train",1062,5,1.75615763546796
"763",1,1,2.39071345329285,1200371.916953,431698.427846,"2014_2019",1.37400329113007,0.228947296738625,0.346051216125488,0.561287999153137,116.974365234375,17.5282173156738,3.2945122718811,21.8264942169189,2.80722188949585,-0.606796503067017,1,2.39071345329285,"train",1065,5,1.75615763546796
"764",1,1,-1.36911845207214,1082641.41418,520256.654662,"2014_2019",1.41379451751709,0.273402631282806,0.283766329288483,1.14667081832886,113.277900695801,15.8657369613647,0.3528853058815,27.5475368499756,0.302577257156372,-0.0518072843551636,1,-1.36911845207214,"train",1066,2,1.71394230769229
"765",1,1,-2.06563258171082,1189277.556276,382775.269887,"2014_2019",1.3441150188446,0.739872395992279,0.103046715259552,4.03284358978271,116.610511779785,13.4779052734375,0.878380417823792,30.144739151001,5.70949649810791,0.317950010299683,1,-2.06563258171082,"train",1067,2,1.71394230769229
"766",1,1,0.932763159275055,1200571.671876,431571.919576,"2014_2019",1.36867225170135,0.229575961828232,0.348978668451309,0.570206761360168,116.905334472656,17.5389919281006,3.30014085769653,21.7970943450928,2.39350843429565,-0.385078370571136,1,0.932763159275055,"train",1068,5,1.75615763546796
"767",1,1,-0.56544303894043,1200978.970228,431398.185123,"2014_2019",1.36101448535919,0.22716997563839,0.352271646261215,0.563247382640839,116.856369018555,17.5639572143555,3.32326626777649,21.7333736419678,3.1836245059967,-0.0159190893173218,1,-0.56544303894043,"train",1069,5,1.75615763546796
"768",1,1,1.30413961410522,1177809.392676,447318.746961,"2014_2019",1.55202388763428,0.150521531701088,0.353369057178497,0.233044683933258,117.015472412109,17.4564533233643,2.67801976203918,22.5616397857666,2.86324095726013,-0.153345584869385,1,1.30413961410522,"train",1070,5,1.75615763546796
"769",1,1,2.53301382064819,1202126.078523,430752.461407,"2014_2019",1.35194385051727,0.219294652342796,0.378549009561539,0.52441018819809,117.097457885742,17.543119430542,3.35220837593079,21.7172775268555,7.66863584518433,0.000494003295898438,1,2.53301382064819,"train",1071,5,1.75615763546796
"770",1,1,-1.19369101524353,1202404.437797,430428.67655,"2014_2019",1.35796093940735,0.22566245496273,0.379660993814468,0.560513138771057,117.10718536377,17.4752616882324,3.31218767166138,21.8275089263916,4.61971616744995,-0.136211395263672,1,-1.19369101524353,"train",1072,5,1.75615763546796
"771",1,1,-0.999749302864075,1076999.264694,526133.475842,"2014_2019",1.45225429534912,0.303301215171814,0.17986136674881,1.35660743713379,110.931587219238,14.9031143188477,0.395643621683121,27.620641708374,0.703782975673676,-0.0263155102729797,1,-0.999749302864075,"train",1073,2,1.71394230769229
"772",1,1,1.02541589736938,1058918.503602,547131.895975,"2014_2019",1.40310156345367,0.353848040103912,0.249256521463394,1.70996940135956,111.443740844727,15.0021152496338,0.396468073129654,26.9712924957275,1.32516705989838,0.0612038969993591,1,1.02541589736938,"train",1074,2,1.71394230769229
"773",1,1,2.42599368095398,1202346.781317,429726.597947,"2014_2019",1.37730813026428,0.238201946020126,0.376181423664093,0.624516189098358,117.223854064941,17.3498859405518,3.23679256439209,22.0340328216553,6.19938516616821,-0.0543434619903564,1,2.42599368095398,"train",1075,5,1.75615763546796
"774",1,1,0.985993921756744,1202524.744639,429645.230897,"2014_2019",1.3749805688858,0.236791700124741,0.371111452579498,0.621970891952515,117.266487121582,17.3532085418701,3.24039506912231,22.0301055908203,6.74997758865356,-0.756467282772064,1,0.985993921756744,"train",1076,5,1.75615763546796
"775",1,1,-1.25020790100098,1202452.170123,429464.647609,"2014_2019",1.38391363620758,0.246288567781448,0.369721472263336,0.669154345989227,117.35262298584,17.2966403961182,3.20978951454163,22.1159648895264,3.35994553565979,0.00571572780609131,1,-1.25020790100098,"train",1077,5,1.75615763546796
"776",1,1,4.41761541366577,1203373.602206,429152.716484,"2014_2019",1.37087559700012,0.225690856575966,0.326893210411072,0.583655059337616,117.678848266602,17.3125,3.22109627723694,22.099552154541,10.5090198516846,-0.0973248481750488,1,4.41761541366577,"train",1078,5,1.75615763546796
"777",1,1,9.36584281921387,1203445.386982,429102.895525,"2014_2019",1.36960446834564,0.225013300776482,0.321972280740738,0.580957353115082,117.688301086426,17.3204460144043,3.22181725502014,22.0910224914551,9.64082622528076,0.000499725341796875,1,9.36584281921387,"train",1079,5,1.75615763546796
"778",1,1,0,1203580.739034,428995.95882,"2014_2019",1.36826753616333,0.22305653989315,0.310722798109055,0.575095057487488,117.751655578613,17.3278751373291,3.21645188331604,22.0882358551025,6.6904730796814,-1.39827644824982,1,0,"train",1080,5,1.75615763546796
"779",1,1,17.2588081359863,1204092.917412,428738.882279,"2014_2019",1.35899531841278,0.220047205686569,0.29203325510025,0.567484378814697,117.820747375488,17.3981246948242,3.21114563941956,22.0398406982422,12.5127086639404,0.0238685607910156,1,17.2588081359863,"train",1081,5,1.75615763546796
"780",1,1,0.76980859041214,1204851.15187,428886.881845,"2014_2019",1.34328246116638,0.213132530450821,0.331357687711716,0.536478519439697,117.590476989746,17.4854488372803,3.26323199272156,21.9079723358154,6.38611030578613,-0.567829310894012,1,0.76980859041214,"train",1082,5,1.75615763546796
"781",1,1,3.68887972831726,1205185.967822,428710.014656,"2014_2019",1.3393542766571,0.211308360099792,0.329199016094208,0.535897433757782,117.684013366699,17.4885940551758,3.26024794578552,21.9067115783691,6.15944814682007,-0.0996606349945068,1,3.68887972831726,"train",1083,5,1.75615763546796
"782",1,1,-2.59496855735779,1202824.064917,428257.053608,"2014_2019",1.48212933540344,0.289917886257172,0.561679780483246,0.818511009216309,118.377418518066,16.4388103485107,2.99120211601257,23.1961040496826,9.91386127471924,0.848281621932983,1,-2.59496855735779,"train",1084,5,1.75615763546796
"783",1,1,-0.456700265407562,1203212.388895,428278.895607,"2014_2019",1.46274769306183,0.290242910385132,0.41106179356575,0.81437623500824,118.34423828125,16.5527973175049,3.02672171592712,23.0405597686768,1.9711080789566,0.262955129146576,1,-0.456700265407562,"train",1085,5,1.75615763546796
"784",1,1,0.756769776344299,1203541.709966,428180.063609,"2014_2019",1.42423605918884,0.265437692403793,0.330890089273453,0.729900598526001,118.288131713867,16.8666553497314,3.07348823547363,22.708610534668,2.29072618484497,0.0343584418296814,1,0.756769776344299,"train",1086,5,1.75615763546796
"785",1,1,0.0457667708396912,1204052.642588,428625.604506,"2014_2019",1.3613805770874,0.22137887775898,0.281009763479233,0.573594033718109,117.873497009277,17.3811779022217,3.20143127441406,22.0679664611816,2.94742798805237,-0.408374845981598,1,0.0457667708396912,"train",1087,5,1.75615763546796
"786",1,1,15.8603420257568,1205647.513524,428249.093901,"2014_2019",1.33919548988342,0.212434515357018,0.332124829292297,0.545780181884766,117.781845092773,17.4529857635498,3.23306083679199,21.9842796325684,18.3541698455811,-0.2720947265625,1,15.8603420257568,"train",1090,5,1.75615763546796
"787",1,1,-2.46315455436707,1203895.776676,428080.305753,"2014_2019",1.39522063732147,0.246042057871819,0.270535230636597,0.660477995872498,118.261436462402,17.1081466674805,3.11309933662415,22.4376029968262,4.88018846511841,-0.00998115539550781,1,-2.46315455436707,"train",1093,5,1.75615763546796
"788",1,1,2.28626418113708,1204938.690929,428124.281246,"2014_2019",1.35731685161591,0.222853794693947,0.321348339319229,0.585783302783966,118.016906738281,17.3818759918213,3.18275284767151,22.090446472168,9.24775695800781,-0.796966791152954,1,2.28626418113708,"train",1095,5,1.75615763546796
"789",1,1,10.8059568405151,1206457.636378,427735.263343,"2014_2019",1.33706748485565,0.216169133782387,0.332957744598389,0.569086968898773,117.915672302246,17.4201240539551,3.20310306549072,22.0562133789062,8.53222751617432,-1.28243350982666,1,10.8059568405151,"train",1097,5,1.75615763546796
"790",1,1,1.253950715065,1084823.224932,510725.062846,"2014_2019",1.49365735054016,0.109461016952991,0.122419945895672,0.221983522176743,113.92259979248,17.3228626251221,0.266267478466034,27.258939743042,1.33800518512726,0.00600957870483398,1,1.253950715065,"train",1098,3,1.32037037037036
"791",1,1,-2.84756946563721,1202911.417304,427373.632938,"2014_2019",1.55951857566833,0.39121288061142,0.954783201217651,1.30838799476624,119.398475646973,15.7786436080933,2.80582046508789,24.0769138336182,1.70260775089264,-0.0232386589050293,1,-2.84756946563721,"train",1099,4,0.47852348993288
"792",1,1,-1.27110195159912,1203704.329448,427289.800719,"2014_2019",1.59709978103638,0.453416854143143,0.54008162021637,1.53693640232086,119.197288513184,15.5246562957764,2.74439191818237,24.3681182861328,9.65113067626953,0.629309058189392,1,-1.27110195159912,"train",1100,4,0.47852348993288
"793",1,1,-3.00764799118042,1204762.859946,427533.77699,"2014_2019",1.38248383998871,0.25394544005394,0.323527097702026,0.741810262203217,118.398986816406,17.1936874389648,3.0991542339325,22.3652858734131,14.1380910873413,3.38766670227051,1,-3.00764799118042,"train",1101,5,1.75615763546796
"794",1,1,-2.14044499397278,1205217.469897,427520.919147,"2014_2019",1.37252056598663,0.242659345269203,0.322485774755478,0.680221140384674,118.198974609375,17.244104385376,3.12557983398438,22.2885570526123,1.55471169948578,-0.0632061958312988,1,-2.14044499397278,"train",1102,5,1.75615763546796
"795",1,1,1.05462682247162,1205707.988068,427595.052733,"2014_2019",1.36127257347107,0.233050167560577,0.340610653162003,0.637169361114502,118.05492401123,17.2732067108154,3.13939619064331,22.2606925964355,13.749044418335,-1.70728552341461,1,1.05462682247162,"train",1103,5,1.75615763546796
"796",1,1,5.45863342285156,1206966.688348,427370.723282,"2014_2019",1.33608460426331,0.217506036162376,0.328851073980331,0.580590665340424,117.94457244873,17.4073829650879,3.18619441986084,22.0985565185547,8.68853378295898,0.0838589668273926,1,5.45863342285156,"train",1105,5,1.75615763546796
"797",1,1,-2.76699781417847,1205422.190083,427036.555416,"2014_2019",1.42174887657166,0.337303102016449,0.318505555391312,1.16756272315979,118.407875061035,16.8276748657227,2.97625708580017,22.899600982666,14.1069641113281,1.57406234741211,1,-2.76699781417847,"train",1106,5,1.75615763546796
"798",1,1,0,1206408.358421,426656.000011,"2014_2019",1.38689517974854,0.249565720558167,0.288852155208588,0.687410533428192,118.273040771484,17.0031318664551,3.06980323791504,22.6121196746826,1.24475574493408,-0.310044765472412,1,0,"train",1107,5,1.75615763546796
"799",1,1,8.84566402435303,1207359.211753,427132.591647,"2014_2019",1.33167064189911,0.217827633023262,0.316751152276993,0.588139355182648,117.816390991211,17.4162120819092,3.17973899841309,22.0961685180664,8.94982528686523,0.0211257934570312,1,8.84566402435303,"train",1108,5,1.75615763546796
"800",1,1,3.04232025146484,1206489.481354,426605.680859,"2014_2019",1.38564729690552,0.249088138341904,0.283858388662338,0.686111569404602,118.261253356934,17.011438369751,3.07147312164307,22.5994663238525,2.71278190612793,-0.325623750686646,1,3.04232025146484,"train",1111,5,1.75615763546796
"801",1,1,5.3636679649353,1207314.376408,426140.096181,"2014_2019",1.35321700572968,0.231197893619537,0.272513210773468,0.653017401695251,117.84447479248,17.244441986084,3.08489656448364,22.3644351959229,3.33061337471008,-0.0472497940063477,1,5.3636679649353,"train",1112,5,1.75615763546796
"802",1,1,2.32532358169556,1196866.398606,434445.528055,"2014_2019",1.40158689022064,0.214557513594627,0.549782454967499,0.420849978923798,117.704277038574,17.4716281890869,3.40671038627625,21.6765747070312,5.10601615905762,-0.177526712417603,1,2.32532358169556,"train",1113,5,1.75615763546796
"803",1,1,0.994218647480011,1197074.496146,434300.190537,"2014_2019",1.4079487323761,0.218990445137024,0.570170998573303,0.436916053295135,117.874130249023,17.408727645874,3.38329148292542,21.7604751586914,4.73933887481689,0.155624568462372,1,0.994218647480011,"train",1114,5,1.75615763546796
"804",1,1,-0.564481973648071,1196849.936305,433468.363638,"2014_2019",1.3860205411911,0.239124923944473,0.666786789894104,0.57697182893753,118.484382629395,17.3745498657227,3.27420520782471,21.9376811981201,5.54309558868408,0.150706887245178,1,-0.564481973648071,"train",1115,5,1.75615763546796
"805",1,1,5.17498111724854,1097745.546164,498019.423196,"2014_2019",1.63802599906921,0.0572842843830585,0.138599395751953,0.0346954017877579,112.667869567871,18.0309371948242,0.279297262430191,26.8261165618896,0.6022669672966,0.281215667724609,1,5.17498111724854,"train",1116,3,1.32037037037036
"806",1,1,2.37539124488831,1131164.97364,497728.926215,"2014_2019",1.58942222595215,0.0728413835167885,0.241399630904198,0.0244235955178738,114.436981201172,18.7844505310059,0.869018077850342,23.3723316192627,10.8878135681152,-0.512170791625977,1,2.37539124488831,"train",1117,3,1.32037037037036
"807",1,1,1.4710865020752,1210437.626417,424705.163961,"2014_2019",1.3523416519165,0.246565863490105,0.367978096008301,0.765413165092468,116.784378051758,17.1349678039551,2.98445177078247,22.5599403381348,8.37339401245117,-0.0896105766296387,1,1.4710865020752,"train",1120,5,1.75615763546796
"808",1,1,10.6167707443237,1212174.881336,424893.858722,"2014_2019",1.3393828868866,0.2404974848032,0.359558969736099,0.715532302856445,117.445785522461,17.2211418151855,3.0486466884613,22.4286861419678,15.7336521148682,-0.530844688415527,1,10.6167707443237,"train",1121,5,1.75615763546796
"809",1,1,1.72914624214172,1213225.980623,424965.42073,"2014_2019",1.33178448677063,0.246191278100014,0.420601189136505,0.73687756061554,118.087532043457,17.1941947937012,3.07261753082275,22.476598739624,1.3283417224884,0.293843150138855,1,1.72914624214172,"train",1122,5,1.75615763546796
"810",1,1,8.69130992889404,1215357.826269,424690.818457,"2014_2019",1.37070679664612,0.271190345287323,0.927506029605865,0.834934830665588,118.246154785156,16.9595222473145,3.00991106033325,22.8576564788818,13.6968746185303,0.090458869934082,1,8.69130992889404,"train",1123,5,1.75615763546796
"811",1,1,10.7465305328369,1215804.917497,424705.329694,"2014_2019",1.38568675518036,0.279426038265228,0.967149436473846,0.85341089963913,118.207534790039,16.8707103729248,3.01400971412659,22.9346675872803,9.4786205291748,-0.000768661499023438,1,10.7465305328369,"train",1124,4,0.47852348993288
"812",1,1,4.39168930053711,1216197.761143,424709.699842,"2014_2019",1.4077399969101,0.292464762926102,0.966012358665466,0.88579660654068,118.360816955566,16.711784362793,2.9969596862793,23.1056938171387,6.59219312667847,-0.0289974212646484,1,4.39168930053711,"train",1125,4,0.47852348993288
"813",1,1,-1.50554347038269,1210853.41301,424537.070072,"2014_2019",1.35226213932037,0.250886768102646,0.373609155416489,0.785841703414917,116.837608337402,17.1070575714111,2.96869206428528,22.6042976379395,15.2123212814331,0.658044338226318,1,-1.50554347038269,"train",1126,5,1.75615763546796
"814",1,1,-1.85201597213745,1211169.189887,424340.122688,"2014_2019",1.35111653804779,0.250872105360031,0.391074180603027,0.786429822444916,116.878799438477,17.1123104095459,2.96630668640137,22.6006813049316,8.82275009155273,0.0560468435287476,1,-1.85201597213745,"train",1127,5,1.75615763546796
"815",1,1,18.801586151123,1212385.346803,424181.697357,"2014_2019",1.35015821456909,0.251563251018524,0.369245529174805,0.786086440086365,117.304779052734,17.105770111084,2.97425055503845,22.6108531951904,14.4330644607544,0.0463886260986328,1,18.801586151123,"train",1129,5,1.75615763546796
"816",1,1,3.4694356918335,1193424.778375,436094.952926,"2014_2019",1.36363589763641,0.163506209850311,0.402171194553375,0.298345237970352,116.943840026855,17.9327602386475,3.33500862121582,21.2407665252686,8.75890350341797,-0.0519399642944336,1,3.4694356918335,"train",1130,5,1.75615763546796
"817",1,1,1.42722129821777,1196381.592204,434688.340917,"2014_2019",1.38938665390015,0.205904200673103,0.506014347076416,0.398376017808914,117.348365783691,17.5797214508057,3.42486429214478,21.5630035400391,4.27685880661011,-1.27552533149719,1,1.42722129821777,"train",1131,5,1.75615763546796
"818",1,1,1.55788660049438,1121438.311603,495739.864942,"2014_2019",1.6222265958786,0.0735356137156487,0.176529988646507,0.026321379467845,111.114929199219,18.2185916900635,0.833504915237427,24.3995304107666,9.74924373626709,-0.513706684112549,1,1.55788660049438,"train",1132,3,1.32037037037036
"819",1,1,-3.00764799118042,1123793.651364,494813.127404,"2014_2019",1.62744736671448,0.0747102797031403,0.194322660565376,0.0272878799587488,111.647186279297,18.2385234832764,0.89096337556839,24.1698207855225,0,0,1,-3.00764799118042,"train",1136,3,1.32037037037036
"820",1,1,-0.157202631235123,1129219.128497,494747.787683,"2014_2019",1.5653440952301,0.068625770509243,0.132136031985283,0.0179771259427071,114.255027770996,18.7192325592041,0.957823216915131,23.3179798126221,0.387470990419388,0.0133028030395508,1,-0.157202631235123,"train",1137,3,1.32037037037036
"821",1,1,8.94240570068359,1129880.07592,494619.150009,"2014_2019",1.56012189388275,0.0689744204282761,0.118206508457661,0.0179420430213213,114.385665893555,18.7603855133057,0.970857799053192,23.1987075805664,10.4211101531982,-0.00780296325683594,1,8.94240570068359,"train",1139,3,1.32037037037036
"822",1,1,10.4512557983398,1129976.547305,494574.054486,"2014_2019",1.55854320526123,0.0688975751399994,0.11851903796196,0.0178130101412535,114.397727966309,18.7699928283691,0.972362458705902,23.1787624359131,11.703839302063,0.0334348678588867,1,10.4512557983398,"train",1140,3,1.32037037037036
"823",1,1,8.46230316162109,1087107.162911,559930.137725,"2014_2019",1.88473701477051,0.593486487865448,0.0860141217708588,1.06652808189392,111.682693481445,18.4819297790527,0.384372740983963,13.4376182556152,5.19420671463013,0.0277585983276367,1,8.46230316162109,"train",1141,3,1.32037037037036
"824",1,1,0.306193083524704,1088430.556991,559243.762443,"2014_2019",2.18401670455933,1.17146480083466,0.0442247949540615,1.85371923446655,112.156387329102,17.6767158508301,0.560847699642181,11.3272380828857,13.224027633667,2.31954598426819,1,0.306193083524704,"train",1143,3,1.32037037037036
"825",1,1,3.58197665214539,1178017.078711,418195.206392,"2014_2019",1.86774563789368,0.891107797622681,0.371760845184326,4.16300010681152,116.779594421387,15.7945718765259,1.03441405296326,26.3879241943359,10.0608167648315,-2.37115454673767,1,3.58197665214539,"train",1144,4,0.47852348993288
"826",1,1,-0.498038232326508,1086900.057174,560149.760983,"2014_2019",1.88357150554657,0.586523830890656,0.103258736431599,1.05126857757568,111.622177124023,18.4624176025391,0.384969383478165,13.5783767700195,2.50274205207825,0.0226836204528809,1,-0.498038232326508,"train",1147,3,1.32037037037036
"827",1,1,5.85655450820923,1214877.666223,479761.433304,"2014_2019",1.36122000217438,0.626756548881531,0.0887077450752258,1.15354919433594,114.558586120605,18.9661731719971,3.32443380355835,10.9683904647827,9.46888256072998,0.204643249511719,1,5.85655450820923,"train",1148,5,1.75615763546796
"828",1,1,-0.90971839427948,1087607.654118,559075.566578,"2014_2019",2.05829763412476,0.930567264556885,0.0869934931397438,1.54187917709351,111.491607666016,17.9648475646973,0.493777364492416,11.8878650665283,2.51643419265747,-0.0541141033172607,1,-0.90971839427948,"train",1151,3,1.32037037037036
"829",1,1,3.96852111816406,1088399.739311,558683.916616,"2014_2019",2.12271928787231,0.995107710361481,0.038902822881937,1.602130651474,112.334495544434,17.7206478118896,0.548842489719391,11.5065402984619,11.0059785842896,-0.0325093269348145,1,3.96852111816406,"train",1152,3,1.32037037037036
"830",1,1,9.43447303771973,1178713.770308,425697.436427,"2014_2019",1.55444705486298,0.0873768031597137,0.400090217590332,0.0578093342483044,113.686614990234,18.82692527771,0.747680306434631,24.4413833618164,28.0404853820801,-1.19044589996338,1,9.43447303771973,"train",1153,1,1.32037037037036
"831",1,1,0.917693138122559,1181176.498569,423766.15325,"2014_2019",1.68097591400146,0.184689044952393,0.193813309073448,0.433897495269775,112.88304901123,17.9094123840332,0.843366980552673,24.9994468688965,15.3118925094604,0.100959658622742,1,0.917693138122559,"train",1156,3,1.32037037037036
"832",1,1,17.2878742218018,1059780.621009,572420.926365,"2014_2019",1.44316864013672,0.111724346876144,0.184715822339058,0.166705504059792,108.498512268066,15.7579984664917,0.314230561256409,25.7577514648438,9.80136871337891,0.651357650756836,1,17.2878742218018,"train",1157,3,1.32037037037036
"833",1,1,13.6411485671997,1182142.615765,408907.808976,"2014_2019",1.58637404441833,0.28208264708519,0.149239331483841,0.888909697532654,115.919761657715,16.293155670166,0.940311551094055,26.7848854064941,9.34567451477051,0.131466865539551,1,13.6411485671997,"train",1158,3,1.32037037037036
"834",1,1,-5.98770952224731,1189091.617052,385368.576398,"2014_2019",1.16895735263824,0.184516310691833,0.0218550208956003,0.391240119934082,112.953170776367,15.5207633972168,0.708859622478485,30.1551322937012,5.90519094467163,-1.70983839035034,1,-5.98770952224731,"train",1159,2,1.71394230769229
"835",1,1,-0.75068610906601,1179843.639774,425062.48377,"2014_2019",1.63946759700775,0.138788446784019,0.235957026481628,0.232480943202972,113.215042114258,18.2649040222168,0.814209461212158,24.7515354156494,18.6523475646973,1.02852153778076,1,-0.75068610906601,"train",1160,1,1.32037037037036
"836",1,1,2.38043069839478,1177221.336567,419154.343944,"2014_2019",1.77849662303925,0.83185863494873,0.136315792798996,3.93475890159607,115.379623413086,16.0641841888428,0.94660222530365,26.4818248748779,5.39236974716187,0.0111920833587646,1,2.38043069839478,"train",1162,3,1.32037037037036
"837",1,1,-0.0745745822787285,1087877.973569,560134.16538,"2014_2019",2.04678678512573,0.93030047416687,0.116520240902901,1.57095539569855,111.304443359375,18.0607662200928,0.473529070615768,12.2087182998657,5.68804597854614,-0.0249407142400742,1,-0.0745745822787285,"train",1163,3,1.32037037037036
"838",1,1,0.577934503555298,1162533.294472,459650.023067,"2014_2019",1.69791698455811,0.313828885555267,0.316376388072968,0.643601179122925,116.00617980957,16.832670211792,1.25295054912567,24.9753360748291,2.54588794708252,-0.0218790173530579,1,0.577934503555298,"train",1164,3,1.32037037037036
"839",1,1,-1.99980735778809,1178498.969169,415601.934015,"2014_2019",1.94020247459412,0.968782544136047,0.271837741136551,4.6348180770874,116.776870727539,15.4183483123779,1.12559568881989,26.5961608886719,13.5805444717407,0.754777431488037,1,-1.99980735778809,"train",1165,1,1.32037037037036
"840",1,1,-0.145155027508736,1162813.852668,459463.557006,"2014_2019",1.71263647079468,0.334231466054916,0.271925419569016,0.679992914199829,116.266296386719,16.7301235198975,1.27409958839417,25.0396003723145,4.70066404342651,-0.0884061455726624,1,-0.145155027508736,"train",1166,3,1.32037037037036
"841",1,1,2.0688943862915,1177374.169201,418705.262845,"2014_2019",1.83820962905884,0.881890892982483,0.162860244512558,4.14807176589966,116.214981079102,15.9710330963135,0.976918995380402,26.3532485961914,4.1125431060791,-0.575530290603638,1,2.0688943862915,"train",1167,3,1.32037037037036
"842",1,1,3.54981231689453,1176469.873311,418505.936853,"2014_2019",1.99341356754303,0.97473269701004,0.117616072297096,4.41870021820068,115.986312866211,15.7641162872314,1.03595077991486,26.020486831665,29.5390453338623,0.0331268310546875,1,3.54981231689453,"train",1169,1,1.32037037037036
"843",1,1,0.972231388092041,1177744.335298,418211.687116,"2014_2019",1.84983217716217,0.898926556110382,0.273208856582642,4.21381330490112,116.684982299805,15.9324951171875,0.991077840328217,26.3352298736572,9.48679065704346,0.828274250030518,1,0.972231388092041,"train",1171,4,0.47852348993288
"844",1,1,-0.201941132545471,1179473.238816,437346.091978,"2014_2019",1.79396605491638,0.36768040060997,0.394907176494598,1.31770932674408,116.619956970215,16.4501571655273,1.35554480552673,25.3949718475342,3.84602355957031,0.057224690914154,1,-0.201941132545471,"train",1172,4,0.47852348993288
"845",1,1,0.690572798252106,1161753.790372,460155.646515,"2014_2019",1.68507444858551,0.209079220890999,0.384476482868195,0.264328628778458,115.669692993164,17.1554355621338,1.1352299451828,24.682933807373,1.78060984611511,0.267797529697418,1,0.690572798252106,"train",1173,3,1.32037037037036
"846",1,1,-3.15659427642822,1087366.017935,559356.908978,"2014_2019",2.0163745880127,0.863721251487732,0.100333333015442,1.45664584636688,111.385375976562,18.1085777282715,0.462432771921158,12.2945585250854,11.4158210754395,2.19643402099609,1,-3.15659427642822,"train",1174,3,1.32037037037036
"847",1,1,-1.6959593296051,1179239.117484,415093.4551,"2014_2019",1.9337272644043,1.00777959823608,0.263867527246475,4.99454593658447,116.592964172363,15.1862630844116,1.19053959846497,26.8236637115479,16.3934345245361,1.23645257949829,1,-1.6959593296051,"train",1175,1,1.32037037037036
"848",1,1,0.770626783370972,1177804.670279,416156.29959,"2014_2019",1.94319784641266,0.933213293552399,0.262401252985001,4.32278728485107,116.944267272949,15.6815605163574,1.05637812614441,26.3207454681396,13.1584367752075,-0.0296165347099304,1,0.770626783370972,"train",1177,1,1.32037037037036
"849",1,1,-0.232400372624397,1161396.633675,460249.529262,"2014_2019",1.65374767780304,0.172034472227097,0.32944843173027,0.188303887844086,115.044342041016,17.5173645019531,1.06521821022034,24.4071674346924,5.29486799240112,-0.0183663815259933,1,-0.232400372624397,"train",1178,3,1.32037037037036
"850",1,1,-1.47196841239929,1181928.017545,410615.562377,"2014_2019",1.69420695304871,0.581275105476379,0.171410396695137,2.49687695503235,116.205375671387,15.7429113388062,1.09352219104767,26.880765914917,21.9185256958008,0.47393798828125,1,-1.47196841239929,"train",1180,1,1.32037037037036
"851",1,1,2.57865262031555,1182096.731402,409905.164524,"2014_2019",1.65390169620514,0.441948413848877,0.149686440825462,1.70964288711548,115.969215393066,15.9965629577637,1.02810525894165,26.8452377319336,10.3214073181152,-0.0897653102874756,1,2.57865262031555,"train",1181,3,1.32037037037036
"852",1,1,-5.69312047958374,1182010.015671,410192.965783,"2014_2019",1.66545331478119,0.478349834680557,0.154711216688156,1.91175806522369,116.067153930664,15.9234895706177,1.04767107963562,26.8538208007812,20.1375465393066,0.283499717712402,1,-5.69312047958374,"train",1183,1,1.32037037037036
"853",1,1,-2.86408019065857,1087411.19954204,559402.526347132,"2020_2022",1.96373772621155,0.967209815979004,0.105447709560394,1.57316541671753,106.288467407227,17.9523658752441,0.596799671649933,11.0173263549805,0.853460848331451,-0.0722126960754395,1,-2.86408019065857,"train",1184,3,1.32037037037036
"854",1,1,3.62994813919067,1088359.28502142,559364.421959705,"2020_2022",2.13078808784485,1.34817469120026,0.0484121181070805,2.09550762176514,106.80207824707,17.5497016906738,0.682192921638489,9.94818687438965,6.62799453735352,0.0295803546905518,1,3.62994813919067,"train",1185,3,1.32037037037036
"855",1,1,2.37560057640076,1059296.95284165,547238.260460049,"2020_2022",1.3851113319397,0.326779812574387,0.308709353208542,1.48313307762146,106.126174926758,15.2684631347656,0.759757459163666,25.7277507781982,2.80158519744873,0.16438102722168,1,2.37560057640076,"train",1187,2,1.71394230769229
"856",1,1,1.521803855896,1062784.25183256,542242.736316478,"2020_2022",1.4352502822876,0.408253490924835,0.353717774152756,1.96182990074158,105.752296447754,14.7701873779297,0.756203293800354,26.2041091918945,3.41673922538757,-0.501553058624268,1,1.521803855896,"train",1189,2,1.71394230769229
"857",1,1,4.64354944229126,1063883.19990147,541157.787282547,"2020_2022",1.52761030197144,0.407671689987183,0.326324313879013,1.8974837064743,105.969177246094,14.7008504867554,0.777658224105835,25.9220542907715,1.3578667640686,0.0342216491699219,1,4.64354944229126,"train",1190,2,1.71394230769229
"858",1,1,-0.271010041236877,1063773.68672478,540657.657242904,"2020_2022",1.63121938705444,0.453889787197113,0.25487220287323,2.07419228553772,106.327903747559,14.6785249710083,0.785705983638763,25.5581970214844,0.997663378715515,-0.00282016396522522,1,-0.271010041236877,"train",1191,3,1.32037037037036
"859",1,1,-1.03935599327087,1064014.26136201,539711.884996782,"2020_2022",1.97007787227631,0.679959714412689,0.205857425928116,2.86078500747681,106.562683105469,14.8235597610474,0.791352152824402,24.1522808074951,0.543931186199188,-0.048222541809082,1,-1.03935599327087,"train",1193,3,1.32037037037036
"860",1,1,5.8364109992981,1208357.27817943,481991.742088059,"2020_2022",2.05048179626465,2.07349896430969,0.0977916792035103,3.30841183662415,108.812187194824,17.3708896636963,2.9269802570343,6.07286262512207,10.2357597351074,-0.847888469696045,1,5.8364109992981,"train",1194,5,1.75615763546796
"861",1,1,5.88147068023682,1208803.90224697,481784.838549316,"2020_2022",1.91584372520447,1.82265567779541,0.0985967814922333,2.98851251602173,108.718376159668,17.6301364898682,3.03369975090027,6.22394895553589,8.7794132232666,0.604602336883545,1,5.88147068023682,"train",1195,5,1.75615763546796
"862",1,1,-1.0588401556015,1208390.37795865,481243.910654934,"2020_2022",1.79715967178345,1.55787348747253,0.0971674025058746,2.61276626586914,108.793281555176,17.8656063079834,3.241779088974,6.44945621490479,6.40916299819946,0.00152957439422607,1,-1.0588401556015,"train",1196,5,1.75615763546796
"863",1,1,1.19301557540894,1208488.64600802,481153.035399196,"2020_2022",1.75029098987579,1.48813819885254,0.0952427983283997,2.51092576980591,108.804611206055,17.9780883789062,3.31966066360474,6.52126836776733,3.26474714279175,-0.0126211643218994,1,1.19301557540894,"train",1197,5,1.75615763546796
"864",1,1,2.35134029388428,1208961.58169386,481633.623312438,"2020_2022",1.85675179958344,1.71665441989899,0.0972898527979851,2.84845280647278,108.696990966797,17.7500381469727,3.09516024589539,6.29761791229248,7.32827138900757,-0.252689838409424,1,2.35134029388428,"train",1198,5,1.75615763546796
"865",1,1,1.11718332767487,1208928.77282262,480633.805500412,"2020_2022",1.45805323123932,1.06728100776672,0.0872341394424438,1.84420895576477,108.865211486816,18.771032333374,4.0624566078186,7.11140060424805,2.11161756515503,-0.0138903856277466,1,1.11718332767487,"train",1200,5,1.75615763546796
"866",1,1,0.394980579614639,1209452.25669641,480311.534092534,"2020_2022",1.2875804901123,0.832961916923523,0.0826221704483032,1.45340275764465,108.808784484863,19.2645969390869,4.61448287963867,7.50170040130615,3.99485611915588,0.0250183641910553,1,0.394980579614639,"train",1201,5,1.75615763546796
"867",1,1,-2.45144891738892,1209896.14276384,480234.388422308,"2020_2022",1.25957763195038,0.799966394901276,0.0802900791168213,1.39705669879913,108.694915771484,19.3516521453857,4.74614810943604,7.56981229782104,7.09545612335205,-0.609564542770386,1,-2.45144891738892,"train",1202,5,1.75615763546796
"868",1,1,-0.55085813999176,1209703.78123769,479825.382540802,"2020_2022",1.05007803440094,0.501872003078461,0.0768422782421112,0.906273722648621,108.643402099609,19.9511566162109,5.42600154876709,8.04031658172607,0.596854865550995,-0.176801443099976,1,-0.55085813999176,"train",1203,5,1.75615763546796
"869",1,1,8.3790693283081,1214699.86258006,479783.184113728,"2020_2022",1.2580806016922,0.848883390426636,0.0792276188731194,1.47648370265961,108.329147338867,19.3609275817871,4.88333034515381,7.57018947601318,12.3960847854614,0.299880981445312,1,8.3790693283081,"train",1204,5,1.75615763546796
"870",1,1,0.240836217999458,1215015.87103397,479687.485599827,"2020_2022",1.24383640289307,0.829134225845337,0.0788407027721405,1.44296991825104,108.310859680176,19.4013786315918,4.94384384155273,7.60388898849487,10.6071109771729,0.804997026920319,1,0.240836217999458,"train",1205,5,1.75615763546796
"871",1,1,-2.48091268539429,1209448.87200792,479237.069459449,"2020_2022",0.89709335565567,0.323492467403412,0.0731587186455727,0.613161444664001,108.317314147949,20.390604019165,6.01815938949585,8.37227821350098,4.50089168548584,-1.31812071800232,1,-2.48091268539429,"train",1207,5,1.75615763546796
"872",1,1,4.0546932220459,1215313.67428078,479625.828433745,"2020_2022",1.23590958118439,0.818181574344635,0.0786351710557938,1.42434680461884,108.299797058105,19.4238243103027,4.97832727432251,7.62264680862427,12.9231758117676,-0.108543872833252,1,4.0546932220459,"train",1208,5,1.75615763546796
"873",1,1,1.67433178424835,1161413.78579758,460267.832512592,"2020_2022",1.69195008277893,0.204868569970131,0.33135262131691,0.184828147292137,112.216011047363,17.7540683746338,2.13499760627747,22.4185695648193,2.4984393119812,0.337715148925781,1,1.67433178424835,"train",1210,3,1.32037037037036
"874",1,1,1.28169727325439,1162898.18659241,459437.054575927,"2020_2022",1.74622094631195,0.326812595129013,0.267050951719284,0.532516717910767,113.133125305176,17.0917568206787,2.58073210716248,23.0367431640625,2.29770445823669,-0.0138641595840454,1,1.28169727325439,"train",1211,3,1.32037037037036
"875",1,1,-0.471114486455917,1176766.44210402,446970.105106329,"2020_2022",1.82377779483795,0.373263001441956,0.594692349433899,0.702648162841797,114.316474914551,16.1163883209229,5.07709503173828,22.3412475585938,11.5875062942505,-0.874463200569153,1,-0.471114486455917,"train",1213,5,1.75615763546796
"876",1,1,6.1266827583313,1174910.75149895,444709.893436788,"2020_2022",1.76196110248566,0.391250669956207,0.444070369005203,1.14688396453857,113.479866027832,16.8822193145752,4.14257478713989,22.328929901123,4.46618604660034,0.026400089263916,1,6.1266827583313,"train",1215,5,1.75615763546796
"877",1,1,1.72735559940338,1174884.02034024,444518.63888169,"2020_2022",1.7611255645752,0.389163315296173,0.429374039173126,1.15271258354187,113.40650177002,16.9137744903564,4.08675098419189,22.3490467071533,1.39464044570923,-0.0854669809341431,1,1.72735559940338,"train",1216,5,1.75615763546796
"878",1,1,-2.33619236946106,1175686.15019554,443855.879349531,"2020_2022",1.79166638851166,0.477677434682846,0.372626841068268,1.55543673038483,113.234191894531,16.6021499633789,3.82991814613342,22.9242382049561,15.1487016677856,0.178181648254395,1,-2.33619236946106,"train",1217,1,1.32037037037036
"879",1,1,-0.757189095020294,1180376.5432435,443789.84210294,"2020_2022",1.58145129680634,0.221843093633652,0.214994966983795,0.279900044202805,113.801933288574,18.1215991973877,6.99835205078125,18.3997249603271,1.25525212287903,0.000158011913299561,1,-0.757189095020294,"train",1218,5,1.75615763546796
"880",1,1,8.90296077728271,1175887.88197323,443219.404119617,"2020_2022",1.7907817363739,0.470027238130569,0.377735644578934,1.55364334583282,113.277389526367,16.6956577301025,3.69366574287415,22.9485969543457,5.5358362197876,0.589471817016602,1,8.90296077728271,"train",1220,5,1.75615763546796
"881",1,1,-0.987035512924194,1180728.14236756,443395.391022389,"2020_2022",1.5691944360733,0.221287235617638,0.199635744094849,0.277196824550629,113.815650939941,18.152135848999,7.0664849281311,18.2806415557861,8.01264381408691,-0.0110007524490356,1,-0.987035512924194,"train",1221,5,1.75615763546796
"882",1,1,2.1811695098877,1179883.86435593,441300.346141472,"2020_2022",1.84176588058472,0.581818461418152,0.284200429916382,2.10728192329407,113.51643371582,16.2983703613281,3.14432978630066,23.8436908721924,28.6049022674561,0.966882824897766,1,2.1811695098877,"train",1222,1,1.32037037037036
"883",1,1,8.66409397125244,1177668.31406178,441005.884855658,"2020_2022",1.8214282989502,0.390140920877457,0.400341242551804,1.12046253681183,113.248062133789,16.7534446716309,3.1867687702179,23.2780780792236,13.5134525299072,0.000535011291503906,1,8.66409397125244,"train",1223,1,1.32037037037036
"884",1,1,1.22641241550446,1184798.95038826,440340.246236884,"2020_2022",1.55040764808655,0.256445318460464,0.250908762216568,0.37525275349617,114.055397033691,18.0142517089844,7.0856785774231,18.4482078552246,4.09841346740723,-0.0614228248596191,1,1.22641241550446,"train",1224,5,1.75615763546796
"885",1,1,3.6813952922821,1185015.6872563,440307.717325525,"2020_2022",1.54813826084137,0.254895925521851,0.249424487352371,0.371133834123611,113.962219238281,18.0408020019531,7.18636322021484,18.3538818359375,5.4231972694397,-0.000405311584472656,1,3.6813952922821,"train",1225,5,1.75615763546796
"886",1,1,2.68687534332275,1186008.65844147,439940.003736915,"2020_2022",1.53834664821625,0.252150803804398,0.233890235424042,0.368208825588226,113.633796691895,18.097412109375,7.38864183425903,18.1655521392822,4.06404161453247,-0.039015531539917,1,2.68687534332275,"train",1226,5,1.75615763546796
"887",1,1,-1.10599386692047,1188138.04454273,438721.350925347,"2020_2022",1.53138053417206,0.265391021966934,0.283152878284454,0.404437184333801,113.069465637207,18.0570907592773,7.44624614715576,18.1717529296875,5.3863091468811,0.0250927209854126,1,-1.10599386692047,"train",1227,5,1.75615763546796
"888",1,1,-0.0527223497629166,1188333.40941156,438620.687452368,"2020_2022",1.52954494953156,0.265928596258163,0.274694174528122,0.408149480819702,113.01838684082,18.0572700500488,7.45540952682495,18.1687641143799,5.01535749435425,-0.033704087138176,1,-0.0527223497629166,"train",1228,5,1.75615763546796
"889",1,1,2.52940154075623,1189127.46261461,438147.844101124,"2020_2022",1.52182948589325,0.271370857954025,0.26289626955986,0.416918188333511,113.221672058105,18.0494709014893,7.46755123138428,18.1906280517578,7.67831373214722,0.0636489391326904,1,2.52940154075623,"train",1230,5,1.75615763546796
"890",1,1,0.608643233776093,1190675.39251861,437225.261536471,"2020_2022",1.51444339752197,0.288865476846695,0.28666028380394,0.461138486862183,113.117851257324,18.0009689331055,7.46186542510986,18.2634029388428,3.24582433700562,-0.0218396782875061,1,0.608643233776093,"train",1231,5,1.75615763546796
"891",1,1,-0.0211902186274529,1190848.24629877,437129.263942044,"2020_2022",1.51414000988007,0.289210200309753,0.271848767995834,0.463818371295929,113.078941345215,17.9987106323242,7.45990180969238,18.2677097320557,4.57342767715454,-0.0233051851391792,1,-0.0211902186274529,"train",1232,5,1.75615763546796
"892",1,1,4.06374740600586,1183545.83781935,436184.447493654,"2020_2022",1.87542188167572,0.632344126701355,0.433201313018799,2.41018795967102,112.93083190918,16.4504680633545,3.01346588134766,23.8302612304688,3.56472277641296,-0.365642547607422,1,4.06374740600586,"train",1233,3,1.32037037037036
"893",1,1,17.5908145904541,1183427.09238925,436107.002911722,"2020_2022",1.87939667701721,0.629964232444763,0.436798959970474,2.39677309989929,112.946846008301,16.4536972045898,3.00946879386902,23.8257694244385,7.23145198822021,0.036468505859375,1,17.5908145904541,"train",1234,3,1.32037037037036
"894",1,1,1.14299929141998,1195332.75367659,435280.896966024,"2020_2022",1.50897634029388,0.346973299980164,0.474189460277557,0.582150638103485,112.527496337891,17.6803207397461,7.53525114059448,18.7299728393555,0.568917393684387,-0.0618582963943481,1,1.14299929141998,"train",1235,5,1.75615763546796
"895",1,1,-0.742422580718994,1190012.67593633,434671.168947373,"2020_2022",1.61914718151093,0.916017889976501,0.100941114127636,4.46128940582275,114.080665588379,15.5141458511353,3.49576354026794,24.573091506958,0.782832145690918,0.0643550157546997,1,-0.742422580718994,"train",1236,3,1.32037037037036
"896",1,1,0.577658176422119,1195483.03376168,435055.368190211,"2020_2022",1.51049184799194,0.354449152946472,0.459529161453247,0.604773640632629,112.588768005371,17.6609897613525,7.47278690338135,18.7836303710938,2.26237869262695,-0.0474169254302979,1,0.577658176422119,"train",1237,5,1.75615763546796
"897",1,1,17.8867301940918,1196134.64679083,434971.566953326,"2020_2022",1.51739454269409,0.348166674375534,0.51496958732605,0.57750016450882,112.591163635254,17.6428928375244,7.68438339233398,18.6456966400146,3.37858986854553,1.29734420776367,1,17.8867301940918,"train",1238,5,1.75615763546796
"898",1,1,0.518853664398193,1197391.56032504,433828.589680852,"2020_2022",1.53040039539337,0.379737436771393,0.664800882339478,0.663205444812775,113.531997680664,17.3036251068115,7.48532772064209,19.1335563659668,3.30397891998291,-0.191884458065033,1,0.518853664398193,"train",1241,5,1.75615763546796
"899",1,1,9.4494800567627,1197725.59124676,433676.724429829,"2020_2022",1.53945803642273,0.390175640583038,0.671701788902283,0.704103350639343,113.566795349121,17.1684150695801,7.4008469581604,19.3319530487061,4.09238529205322,-0.72715950012207,1,9.4494800567627,"train",1242,5,1.75615763546796
"900",1,1,-0.228250920772552,1189336.75072699,433634.241618941,"2020_2022",1.72607910633087,0.906641483306885,0.376395106315613,4.15977048873901,113.075241088867,15.5838356018066,3.53600454330444,24.3012371063232,11.2503709793091,-0.0191293209791183,1,-0.228250920772552,"train",1243,1,1.32037037037036
"901",1,1,5.5836672782898,1197155.97774661,433627.172552366,"2020_2022",1.51589298248291,0.38554048538208,0.690449893474579,0.701032638549805,113.630973815918,17.3259162902832,7.37262773513794,19.2036743164062,4.00879335403442,-1.31298017501831,1,5.5836672782898,"train",1246,5,1.75615763546796
"902",1,1,0.122937813401222,1189851.36096646,433086.742427874,"2020_2022",1.70848286151886,0.922959506511688,0.392049998044968,4.22808885574341,112.954154968262,15.5047702789307,3.62514448165894,24.3073272705078,26.6328868865967,-0.482281446456909,1,0.122937813401222,"train",1248,1,1.32037037037036
"903",1,1,-3.00764799118042,1190984.87043039,432962.325979714,"2020_2022",1.48003339767456,0.868916869163513,0.15893067419529,4.22834348678589,112.685874938965,15.4458341598511,3.77959537506104,24.4592189788818,7.79412031173706,0.608461380004883,1,-3.00764799118042,"train",1251,5,1.75615763546796
"904",1,1,0.166751563549042,1197437.67026669,433040.927451046,"2020_2022",1.53600382804871,0.423672676086426,0.733849465847015,0.850926637649536,113.59326171875,16.9768600463867,7.1058087348938,19.7957134246826,8.83294296264648,-0.144375443458557,1,0.166751563549042,"train",1252,5,1.75615763546796
"905",1,1,2.360511302948,1198621.0795866,432160.783546431,"2020_2022",1.61170673370361,0.442962259054184,0.497567355632782,0.884659469127655,113.579261779785,16.1408653259277,6.54887866973877,21.0406265258789,9.53874492645264,-0.206656694412231,1,2.360511302948,"train",1254,5,1.75615763546796
"906",1,1,1.34238052368164,1197453.65511949,432048.671921852,"2020_2022",1.59795677661896,0.488222777843475,1.03050994873047,1.09265875816345,113.289756774902,16.0671253204346,6.39952754974365,21.31982421875,3.46660614013672,0.26921021938324,1,1.34238052368164,"train",1258,5,1.75615763546796
"907",1,1,23.2079448699951,1197740.99196642,432082.627749444,"2020_2022",1.60571527481079,0.466732442378998,0.926416158676147,0.988895237445831,113.205764770508,16.0154514312744,6.37307643890381,21.3957042694092,7.35256910324097,1.09069442749023,1,23.2079448699951,"train",1259,5,1.75615763546796
"908",1,1,5.23919916152954,1200124.14314166,431650.663449609,"2020_2022",1.49673473834991,0.382754594087601,0.349503695964813,0.762254357337952,113.128570556641,17.4252624511719,7.27606201171875,19.3024826049805,2.81450319290161,0.128492832183838,1,5.23919916152954,"train",1260,5,1.75615763546796
"909",1,1,11.0247001647949,1195943.14704999,431144.321582529,"2020_2022",1.67723870277405,0.833964049816132,1.32500982284546,2.92547130584717,113.013870239258,14.6536130905151,5.06232595443726,23.9000911712646,22.9868488311768,-1.04202938079834,1,11.0247001647949,"train",1264,1,1.32037037037036
"910",1,1,3.04595351219177,1200451.8370897,431620.847039284,"2020_2022",1.48977530002594,0.383292526006699,0.374991714954376,0.77109557390213,112.916610717773,17.4561729431152,7.31820392608643,19.2259960174561,1.10966086387634,-0.247859716415405,1,3.04595351219177,"train",1266,5,1.75615763546796
"911",1,1,-2.8556923866272,1200824.20271983,431307.047721556,"2020_2022",1.4813472032547,0.392997026443481,0.378004163503647,0.814810335636139,112.656341552734,17.4629497528076,7.31442642211914,19.1916923522949,4.33748817443848,-0.0048520565032959,1,-2.8556923866272,"train",1267,5,1.75615763546796
"912",1,1,13.7088203430176,1191657.48520803,430651.199846921,"2020_2022",1.73002195358276,0.943085134029388,0.423979222774506,4.3011999130249,112.068473815918,15.4232511520386,4.09862661361694,23.9883441925049,6.22669792175293,-0.274712562561035,1,13.7088203430176,"train",1268,5,1.75615763546796
"913",1,1,18.3696956634521,1192648.48144072,431048.706925145,"2020_2022",1.70170021057129,1.00959622859955,0.407163828611374,4.61550998687744,110.741989135742,15.1149959564209,4.30592727661133,24.1335258483887,25.2159862518311,-0.510984420776367,1,18.3696956634521,"train",1269,1,1.32037037037036
"914",1,1,2.46100759506226,1193801.40325241,430692.981898066,"2020_2022",1.69951498508453,0.978004574775696,0.638916432857513,4.1952953338623,111.130546569824,14.8569612503052,4.59886026382446,24.1048641204834,32.9044570922852,0.642015099525452,1,2.46100759506226,"train",1270,1,1.32037037037036
"915",1,1,-2.09953236579895,1194425.57958967,430642.854917133,"2020_2022",1.69503319263458,0.931370913982391,0.807105779647827,3.75118327140808,111.904846191406,14.6776103973389,4.74406385421753,24.1413688659668,33.5857582092285,5.50447750091553,1,-2.09953236579895,"train",1271,1,1.32037037037036
"916",1,1,-3.00764799118042,1194556.84904584,430791.531754528,"2020_2022",1.69457006454468,0.939821422100067,0.878615736961365,3.80031490325928,111.918724060059,14.6881122589111,4.74260091781616,24.1315670013428,34.7161102294922,7.31814432144165,1,-3.00764799118042,"train",1272,1,1.32037037037036
"917",1,1,1.83966040611267,1196292.81275582,430906.299635677,"2020_2022",1.68283760547638,0.764405131340027,0.951028645038605,2.37655258178711,113.439315795898,14.5361919403076,5.14120960235596,23.8951320648193,26.5961952209473,-3.84640908241272,1,1.83966040611267,"train",1273,1,1.32037037037036
"918",1,1,8.25895881652832,1196985.48645544,430954.489485834,"2020_2022",1.67222201824188,0.637625217437744,0.684726059436798,1.68651616573334,113.289733886719,14.8714666366577,5.42030620574951,23.3344745635986,24.8915519714355,1.99215316772461,1,8.25895881652832,"train",1274,1,1.32037037037036
"919",1,1,2.81281113624573,1195175.39836805,430239.549504537,"2020_2022",1.70185470581055,0.837389588356018,0.850740969181061,3.00047397613525,112.947227478027,14.6073236465454,4.8909797668457,24.0833187103271,15.2330541610718,-0.123351812362671,1,2.81281113624573,"train",1277,1,1.32037037037036
"920",1,1,-1.76720952987671,1196089.77596167,430356.616866489,"2020_2022",1.70652151107788,0.761262238025665,0.925459206104279,2.35435032844543,113.545913696289,14.5551166534424,5.04444694519043,23.9786167144775,14.2691850662231,0.873224258422852,1,-1.76720952987671,"train",1279,1,1.32037037037036
"921",1,1,1.46043264865875,1196641.09111741,430295.263532435,"2020_2022",1.70623826980591,0.71538245677948,0.482739239931107,2.04564595222473,113.482330322266,14.6509647369385,5.1602954864502,23.7981472015381,9.13628101348877,0.0144859552383423,1,1.46043264865875,"train",1280,5,1.75615763546796
"922",1,1,0.218819066882133,1197131.61837978,430195.336412084,"2020_2022",1.66489923000336,0.624161303043365,0.340029031038284,1.65482532978058,112.752632141113,15.4325571060181,5.67725324630737,22.6759662628174,7.1660099029541,-0.17641581594944,1,0.218819066882133,"train",1281,5,1.75615763546796
"923",1,1,10.7607908248901,1195635.1703424,429934.664554227,"2020_2022",1.70676839351654,0.791732788085938,0.571735560894012,2.6149594783783,113.379875183105,14.6169738769531,4.97295141220093,23.9783878326416,29.5656700134277,2.13751125335693,1,10.7607908248901,"train",1284,1,1.32037037037036
"924",1,1,-6.71763610839844,1197318.10354674,429798.716081368,"2020_2022",1.62524580955505,0.567925155162811,0.233154773712158,1.46044397354126,112.542221069336,16.0613136291504,6.03626394271851,21.8240528106689,16.7983531951904,3.18252468109131,1,-6.71763610839844,"train",1285,5,1.75615763546796
"925",1,1,-0.987365007400513,1202236.81592324,429741.56983617,"2020_2022",1.49453902244568,0.407424092292786,0.409400165081024,0.87157142162323,113.366912841797,17.2759742736816,7.1100811958313,19.5137596130371,11.4017896652222,0.38168478012085,1,-0.987365007400513,"train",1287,5,1.75615763546796
"926",1,1,0.420199662446976,1202462.37493833,429662.895863773,"2020_2022",1.49079024791718,0.404513120651245,0.402326822280884,0.864735245704651,113.388114929199,17.2859134674072,7.122727394104,19.4941139221191,6.04165649414062,-0.674557089805603,1,0.420199662446976,"train",1288,5,1.75615763546796
"927",1,1,16.3726253509521,1195059.39603783,429145.186421457,"2020_2022",1.72924864292145,0.887602746486664,0.457201808691025,3.61966824531555,113.23397064209,14.9513463973999,4.72813129425049,23.9206390380859,7.76467132568359,-0.433061599731445,1,16.3726253509521,"train",1290,5,1.75615763546796
"928",1,1,8.08327960968018,1203341.36078899,429187.098702657,"2020_2022",1.48622894287109,0.399635255336761,0.354333430528641,0.8481285572052,113.556053161621,17.26589012146,7.09212160110474,19.5267372131348,11.7343397140503,-0.00927257537841797,1,8.08327960968018,"train",1292,5,1.75615763546796
"929",1,1,6.13737726211548,1188420.30051155,428799.784566167,"2020_2022",1.80924916267395,0.92923253774643,0.484755665063858,4.32080936431885,113.688735961914,15.4041538238525,3.49806714057922,24.5453338623047,17.3571910858154,0.298221111297607,1,6.13737726211548,"train",1294,1,1.32037037037036
"930",1,1,3.96556663513184,1189074.56489938,428907.906488793,"2020_2022",1.86826872825623,0.875961542129517,0.526517331600189,3.88469195365906,113.512763977051,15.6215200424194,3.50767183303833,24.2743968963623,14.6432151794434,-1.20381164550781,1,3.96556663513184,"train",1296,1,1.32037037037036
"931",1,1,10.2607927322388,1189504.40119146,428671.060382452,"2020_2022",1.85196828842163,0.848603665828705,0.520987927913666,3.66541886329651,113.306243896484,15.6792011260986,3.52280020713806,24.1989250183105,15.9038486480713,1.74045467376709,1,10.2607927322388,"train",1297,1,1.32037037037036
"932",1,1,3.05601263046265,1194886.6638244,429067.390431557,"2020_2022",1.72864425182343,0.900296866893768,0.456509947776794,3.75476861000061,113.192901611328,14.9897480010986,4.67283964157104,23.9257850646973,7.89391183853149,-0.0694952011108398,1,3.05601263046265,"train",1301,5,1.75615763546796
"933",1,1,4.32739496231079,1195296.4103116,429002.144407246,"2020_2022",1.73496186733246,0.905144691467285,0.4305379986763,3.77827835083008,113.331047058105,14.9278259277344,4.72084140777588,23.9624862670898,6.36507558822632,-0.363251686096191,1,4.32739496231079,"train",1302,5,1.75615763546796
"934",1,1,0.94666862487793,1203265.63353274,428990.35082199,"2020_2022",1.49569892883301,0.409476608037949,0.344953000545502,0.876949906349182,113.679351806641,17.1657657623291,7.02218055725098,19.6767120361328,2.06421232223511,-0.000256240367889404,1,0.94666862487793,"train",1303,5,1.75615763546796
"935",1,1,3.05106973648071,1204953.57162516,428838.912442199,"2020_2022",1.46644902229309,0.378018826246262,0.350349992513657,0.788184940814972,113.042900085449,17.4158992767334,7.12531423568726,19.3470859527588,5.44622611999512,-0.522667169570923,1,3.05106973648071,"train",1305,5,1.75615763546796
"936",1,1,11.4459638595581,1205056.94646976,428769.234731737,"2020_2022",1.46555161476135,0.376859694719315,0.349166601896286,0.78356546163559,113.053848266602,17.4161949157715,7.11558198928833,19.35280418396,3.34090542793274,-0.014735221862793,1,11.4459638595581,"train",1306,5,1.75615763546796
"937",1,1,6.81793642044067,1188671.74390159,428149.283780735,"2020_2022",1.84438669681549,0.930527091026306,0.44576433300972,4.31629991531372,113.455459594727,15.4190444946289,3.49793815612793,24.5094814300537,6.51225709915161,-0.0552659034729004,1,6.81793642044067,"train",1309,4,0.47852348993288
"938",1,1,5.28881454467773,1190771.21851167,428250.178950713,"2020_2022",1.82954859733582,0.943427681922913,0.572355091571808,4.09282445907593,113.457443237305,15.3122520446777,3.60904884338379,24.500825881958,20.1180896759033,-0.109758853912354,1,5.28881454467773,"train",1310,1,1.32037037037036
"939",1,1,11.2462558746338,1192950.80475016,428575.230787644,"2020_2022",1.75918591022491,0.887048900127411,0.42814514040947,3.81609845161438,113.170860290527,15.4604415893555,4.19761180877686,23.8076705932617,8.67907619476318,0.721347808837891,1,11.2462558746338,"train",1312,5,1.75615763546796
"940",1,1,-0.778390109539032,1193356.22951243,428314.519407825,"2020_2022",1.76051199436188,0.899606585502625,0.498202919960022,3.95657539367676,113.126846313477,15.45774269104,4.19556140899658,23.8064498901367,4.95411205291748,-1.62166142463684,1,-0.778390109539032,"train",1313,5,1.75615763546796
"941",1,1,1.49861168861389,1193465.25240589,428292.231136278,"2020_2022",1.76017594337463,0.904766857624054,0.501154363155365,3.99162268638611,113.098068237305,15.4309215545654,4.20737171173096,23.8236064910889,6.34110927581787,-1.75603532791138,1,1.49861168861389,"train",1314,5,1.75615763546796
"942",1,1,3.10322499275208,1196375.80715032,428418.256578691,"2020_2022",1.75538790225983,1.04703116416931,0.327000588178635,4.94471597671509,113.448020935059,14.7201070785522,4.4219765663147,24.3897285461426,11.4108533859253,-0.153786659240723,1,3.10322499275208,"train",1315,1,1.32037037037036
"943",1,1,-1.21652960777283,1196722.8994749,428229.781391781,"2020_2022",1.76669657230377,1.12250816822052,0.398953825235367,5.55377244949341,113.252532958984,14.565728187561,4.24688625335693,24.6807117462158,7.19199991226196,0.134683132171631,1,-1.21652960777283,"train",1316,4,0.47852348993288
"944",1,1,-3.42570424079895,1202681.36790513,428196.60486497,"2020_2022",1.575075507164,0.475809395313263,0.627145528793335,1.08343052864075,114.358512878418,16.402307510376,6.49483108520508,20.9513912200928,7.31088590621948,1.72754406929016,1,-3.42570424079895,"train",1317,5,1.75615763546796
"945",1,1,-0.169867157936096,1203477.10003535,428194.960081398,"2020_2022",1.53929126262665,0.447490841150284,0.390624135732651,0.992717504501343,113.94246673584,16.7176780700684,6.68875980377197,20.435754776001,1.89994847774506,-0.000153645873069763,1,-0.169867157936096,"train",1319,5,1.75615763546796
"946",1,1,6.47011852264404,1204512.45610628,428406.618111013,"2020_2022",1.47714865207672,0.391457319259644,0.302123039960861,0.830787181854248,113.296051025391,17.3322162628174,6.99390506744385,19.5163612365723,5.49858951568604,-0.184585094451904,1,6.47011852264404,"train",1321,5,1.75615763546796
"947",1,1,2.27041101455688,1178579.51760507,427716.177061128,"2020_2022",1.57673645019531,0.0995206907391548,0.320268124341965,0.0484418086707592,110.45703125,19.0347595214844,1.61026978492737,22.3599510192871,17.9381923675537,-0.907754898071289,1,2.27041101455688,"train",1323,1,1.32037037037036
"948",1,1,6.23868227005005,1186977.38414725,428027.505302572,"2020_2022",1.5073025226593,0.791995346546173,0.188011407852173,3.76065468788147,113.812515258789,16.0009460449219,3.29505515098572,24.4408054351807,7.91288900375366,1.21825504302979,1,6.23868227005005,"train",1324,3,1.32037037037036
"949",1,1,6.03079080581665,1190848.17894045,427912.040108152,"2020_2022",1.83081531524658,0.96779215335846,0.550628662109375,4.2560510635376,113.670852661133,15.2236843109131,3.56321382522583,24.6283054351807,8.40354347229004,0.041959285736084,1,6.03079080581665,"train",1326,4,0.47852348993288
"950",1,1,20.4682540893555,1196340.88977582,427831.431462884,"2020_2022",1.75989556312561,1.0986008644104,0.440367519855499,5.45793151855469,113.351371765137,14.6988639831543,4.2699556350708,24.5356731414795,19.3612766265869,0.480443954467773,1,20.4682540893555,"train",1328,1,1.32037037037036
"951",1,1,-2.40232467651367,1202452.07350068,427954.844055507,"2020_2022",1.56405460834503,0.479543447494507,0.564229130744934,1.11248373985291,114.516563415527,16.5071277618408,6.52711153030396,20.8117961883545,4.10298919677734,0.0101780891418457,1,-2.40232467651367,"train",1330,5,1.75615763546796
"952",1,1,-2.05075454711914,1202479.11493638,427952.835120395,"2020_2022",1.56612956523895,0.480693072080612,0.576268792152405,1.11523342132568,114.525680541992,16.4884185791016,6.51788997650146,20.8388061523438,1.49079811573029,0.0241849422454834,1,-2.05075454711914,"train",1331,5,1.75615763546796
"953",1,1,-2.94115924835205,1202992.99367344,427767.280255096,"2020_2022",1.62530839443207,0.527241408824921,0.829700946807861,1.2564412355423,114.614814758301,15.9254951477051,6.20693254470825,21.68088722229,4.69336605072021,0.0563035011291504,1,-2.94115924835205,"train",1332,5,1.75615763546796
"954",1,1,-2.71025013923645,1203909.62236049,428070.630219326,"2020_2022",1.50822234153748,0.414852231740952,0.299618899822235,0.896154582500458,113.764419555664,17.0403861999512,6.8137674331665,19.9882869720459,7.30211639404297,0.275347232818604,1,-2.71025013923645,"train",1333,5,1.75615763546796
"955",1,1,-2.26964068412781,1203983.81716015,428023.362749881,"2020_2022",1.50626242160797,0.411446988582611,0.308219224214554,0.88516753911972,113.753768920898,17.0715923309326,6.81809616088867,19.9469623565674,6.24613857269287,0.0618951320648193,1,-2.26964068412781,"train",1334,5,1.75615763546796
"956",1,1,-0.176732793450356,1204942.6060526,428118.705033321,"2020_2022",1.47768485546112,0.39142182469368,0.344966113567352,0.824656188488007,113.409843444824,17.300651550293,6.93469858169556,19.5931148529053,8.66907024383545,-1.36628544330597,1,-0.176732793450356,"train",1335,5,1.75615763546796
"957",1,1,13.1531553268433,1205088.3692496,428067.734902978,"2020_2022",1.47630548477173,0.388977110385895,0.350778788328171,0.813993871212006,113.371673583984,17.3070945739746,6.94723987579346,19.5820350646973,15.6081247329712,0.0528564453125,1,13.1531553268433,"train",1336,5,1.75615763546796
"958",1,1,16.9378967285156,1206412.68242885,427781.584112305,"2020_2022",1.46280264854431,0.379635602235794,0.355685919523239,0.789334952831268,113.41561126709,17.3743762969971,6.95982313156128,19.5165786743164,8.71689891815186,-0.0301055908203125,1,16.9378967285156,"train",1337,5,1.75615763546796
"959",1,1,16.2932186126709,1206493.14330147,427704.53852242,"2020_2022",1.46353363990784,0.380434155464172,0.354731023311615,0.795712471008301,113.45384979248,17.3638763427734,6.93869256973267,19.5451335906982,10.4710121154785,0.0279331207275391,1,16.2932186126709,"train",1338,5,1.75615763546796
"960",1,1,5.46957921981812,1190961.79867083,427321.126111031,"2020_2022",1.83496153354645,0.96726256608963,0.536425530910492,4.25619840621948,113.696304321289,15.2331838607788,3.51603221893311,24.6587734222412,6.13597536087036,-1.04762506484985,1,5.46957921981812,"train",1340,4,0.47852348993288
"961",1,1,2.11791515350342,1197276.3991341,427565.547659775,"2020_2022",1.7643985748291,1.15546703338623,0.492633581161499,5.79086208343506,112.895690917969,14.5221519470215,4.10391998291016,24.8470153808594,16.24977684021,0.327940821647644,1,2.11791515350342,"train",1341,1,1.32037037037036
"962",1,1,-1.62768864631653,1197797.87275172,427515.863562636,"2020_2022",1.76093590259552,1.14670240879059,0.595129489898682,5.62739419937134,112.674407958984,14.5439720153809,4.08751630783081,24.8500137329102,10.808798789978,-1.62550020217896,1,-1.62768864631653,"train",1342,1,1.32037037037036
"963",1,1,14.4882850646973,1198088.84837687,427344.17625815,"2020_2022",1.75938248634338,1.13964521884918,0.620076954364777,5.51103162765503,112.598876953125,14.5272789001465,4.12504053115845,24.8293151855469,18.8994216918945,1.48814296722412,1,14.4882850646973,"train",1343,1,1.32037037037036
"964",1,1,-2.15734958648682,1202357.45639135,427280.427119743,"2020_2022",1.61861777305603,0.623833060264587,0.548091948032379,1.93289303779602,114.680183410645,15.9046382904053,5.92664480209351,21.9493980407715,5.812659740448,0.0536453723907471,1,-2.15734958648682,"train",1344,5,1.75615763546796
"965",1,1,-2.92154836654663,1202874.91693541,427186.076701541,"2020_2022",1.64094877243042,0.62322723865509,0.834999144077301,1.83887624740601,114.898582458496,15.6886920928955,5.87436628341675,22.2207012176514,2.25471591949463,-0.0306422710418701,1,-2.92154836654663,"train",1345,5,1.75615763546796
"966",1,1,-3.00764799118042,1203075.37526305,427292.101318492,"2020_2022",1.64750099182129,0.577102720737457,1.03354299068451,1.52580094337463,114.807807922363,15.6823396682739,5.96922636032104,22.1431503295898,5.51877164840698,0.736144065856934,1,-3.00764799118042,"train",1346,5,1.75615763546796
"967",1,1,5.99747180938721,1206951.3251544,427383.469993305,"2020_2022",1.46334958076477,0.382750600576401,0.349558919668198,0.808866202831268,113.634353637695,17.3456783294678,6.88938426971436,19.6045551300049,8.71566390991211,0.055823802947998,1,5.99747180938721,"train",1349,5,1.75615763546796
"968",1,1,11.1899852752686,1207351.59306785,427146.189868836,"2020_2022",1.46165978908539,0.383009791374207,0.334469050168991,0.801996529102325,113.48454284668,17.353609085083,6.85896444320679,19.611234664917,9.09868240356445,0.0238065719604492,1,11.1899852752686,"train",1350,5,1.75615763546796
"969",1,1,-1.082364320755,1191918.28298572,426975.975456288,"2020_2022",1.82906341552734,1.0773309469223,0.439078956842422,5.29322624206543,114.291152954102,14.8390207290649,3.50827574729919,25.0608673095703,7.1644082069397,0.681876182556152,1,-1.082364320755,"train",1351,4,0.47852348993288
"970",1,1,10.9109163284302,1194749.07628791,427078.123459837,"2020_2022",1.77945792675018,1.02360045909882,0.633808255195618,4.89230728149414,113.435089111328,14.9445152282715,4.18747043609619,24.3231525421143,9.13031387329102,-0.047245979309082,1,10.9109163284302,"train",1352,4,0.47852348993288
"971",1,1,4.15149545669556,1199136.17389924,426895.233404407,"2020_2022",1.74377071857452,1.13159799575806,0.565969526767731,5.22119665145874,112.969024658203,14.2797861099243,4.15514326095581,24.975715637207,2.50982141494751,-0.0518646240234375,1,4.15149545669556,"train",1353,4,0.47852348993288
"972",1,1,3.85992050170898,1199511.81258461,426705.466119708,"2020_2022",1.74169206619263,1.11823129653931,0.412268370389938,5.08931827545166,113.352127075195,14.2259216308594,4.17464923858643,25.0018444061279,5.64026260375977,-0.121170282363892,1,3.85992050170898,"train",1354,4,0.47852348993288
"973",1,1,-3.00764799118042,1204410.93468828,426779.692112949,"2020_2022",1.68719482421875,0.773290932178497,0.209591627120972,2.47905015945435,114.426986694336,15.2926759719849,5.51991033554077,23.0301532745361,8.71044158935547,0.82158899307251,1,-3.00764799118042,"train",1359,5,1.75615763546796
"974",1,1,0.095894381403923,1206428.11312176,426662.249616828,"2020_2022",1.49347496032715,0.412054866552353,0.306879937648773,0.901633560657501,113.859825134277,16.9988098144531,6.66401147842407,20.1652698516846,1.07279896736145,-0.184720769524574,1,0.095894381403923,"train",1362,5,1.75615763546796
"975",1,1,7.01462173461914,1207400.51371741,427073.922274399,"2020_2022",1.46184146404266,0.382913172245026,0.33015975356102,0.80057829618454,113.42259979248,17.3493995666504,6.84364986419678,19.6247062683105,9.67657279968262,-0.0782012939453125,1,7.01462173461914,"train",1363,5,1.75615763546796
"976",1,1,-1.91733825206757,1193292.47436581,426187.422757642,"2020_2022",1.83168423175812,1.14930713176727,0.268329620361328,5.96038389205933,114.078506469727,14.5988264083862,3.55600214004517,25.2502765655518,11.9252128601074,0.176811099052429,1,-1.91733825206757,"train",1365,1,1.32037037037036
"977",1,1,-2.1316282749176,1193473.20314145,426170.272368645,"2020_2022",1.82969808578491,1.14835715293884,0.29897540807724,5.9492392539978,113.972221374512,14.6068296432495,3.57454681396484,25.2246227264404,10.2886209487915,0.214123010635376,1,-2.1316282749176,"train",1366,4,0.47852348993288
"978",1,1,1.59838819503784,1194097.39759494,426635.380186817,"2020_2022",1.80074977874756,1.10808074474335,0.454511135816574,5.57496690750122,113.637565612793,14.6932811737061,3.95224547386169,24.7955646514893,14.1362819671631,0.561155438423157,1,1.59838819503784,"train",1367,1,1.32037037037036
"979",1,1,3.7996928691864,1194679.09097851,426281.911869963,"2020_2022",1.79911851882935,1.12208914756775,0.574593901634216,5.68444347381592,113.378517150879,14.5990524291992,4.02615356445312,24.8185577392578,12.3120374679565,1.97661209106445,1,3.7996928691864,"train",1368,1,1.32037037037036
"980",1,1,5.30615520477295,1196811.70026309,426530.661964969,"2020_2022",1.77357947826385,1.154944896698,0.475495517253876,5.98551273345947,112.439674377441,14.504563331604,4.02660942077637,24.9241275787354,7.54053544998169,0.0255603790283203,1,5.30615520477295,"train",1369,4,0.47852348993288
"981",1,1,0.860231280326843,1201835.63926062,426481.747896847,"2020_2022",1.6862428188324,0.987317562103271,0.200184762477875,4.3204083442688,113.811645507812,15.0723514556885,4.56556034088135,23.9481449127197,9.54167461395264,-0.172874927520752,1,0.860231280326843,"train",1371,5,1.75615763546796
"982",1,1,-2.87517094612122,1203146.05309637,426169.839020211,"2020_2022",1.67702913284302,0.969379782676697,0.38097482919693,4.23223161697388,113.97728729248,15.2454109191895,4.82165956497192,23.6264057159424,9.42661476135254,1.03664755821228,1,-2.87517094612122,"train",1374,5,1.75615763546796
"983",1,1,-2.75025582313538,1204336.67710743,426545.543644458,"2020_2022",1.69854187965393,0.795403480529785,0.239569649100304,2.58883047103882,114.337837219238,15.1492338180542,5.44283294677734,23.2487983703613,6.30388402938843,1.73228859901428,1,-2.75025582313538,"train",1375,5,1.75615763546796
"984",1,1,-0.623102307319641,1206784.10688068,426143.278303307,"2020_2022",1.50394606590271,0.441893219947815,0.273294180631638,1.01718008518219,113.840934753418,16.8592185974121,6.54837560653687,20.4081516265869,0.523976922035217,-0.00580191612243652,1,-0.623102307319641,"train",1377,5,1.75615763546796
"985",1,1,5.02440071105957,1207223.92300586,426161.696519336,"2020_2022",1.47597634792328,0.402567744255066,0.287535905838013,0.893710136413574,113.493751525879,17.1628360748291,6.67555904388428,19.9621162414551,3.16563034057617,-0.0238704681396484,1,5.02440071105957,"train",1378,5,1.75615763546796
"986",1,1,-3.98463106155396,1188233.49592891,425790.260185529,"2020_2022",1.83466947078705,0.912964522838593,0.357404917478561,4.31979990005493,112.233131408691,15.5321855545044,3.38778233528137,24.5341949462891,17.592248916626,1.08757305145264,1,-3.98463106155396,"train",1379,1,1.32037037037036
"987",1,1,-2.20209431648254,1192730.91249438,425668.116576096,"2020_2022",1.83799207210541,1.11817419528961,0.348227202892303,5.68579483032227,113.964378356934,14.6572523117065,3.50516533851624,25.2296009063721,23.6073760986328,2.64468693733215,1,-2.20209431648254,"train",1380,1,1.32037037037036
"988",1,1,3.08041191101074,1193742.75158769,426034.542450387,"2020_2022",1.82549238204956,1.14651989936829,0.345757722854614,5.92468976974487,113.720314025879,14.6201505661011,3.61608147621155,25.1702327728271,7.92392587661743,-0.536988496780396,1,3.08041191101074,"train",1382,4,0.47852348993288
"989",1,1,3.92192077636719,1194447.60725302,425883.625870237,"2020_2022",1.81138348579407,1.14706826210022,0.50605982542038,5.8982105255127,113.402000427246,14.549524307251,3.88112425804138,24.9946689605713,8.0109052658081,1.24361252784729,1,3.92192077636719,"train",1383,4,0.47852348993288
"990",1,1,3.55857539176941,1202995.47965037,426063.241230645,"2020_2022",1.6768833398819,0.970629990100861,0.353603333234787,4.24488735198975,113.927619934082,15.2417144775391,4.78653478622437,23.6458129882812,2.40506649017334,-0.00087428092956543,1,3.55857539176941,"train",1386,5,1.75615763546796
"991",1,1,-0.310113936662674,1203527.4444881,426045.927522462,"2020_2022",1.68693423271179,0.903031527996063,0.356479108333588,3.64196491241455,114.132225036621,15.1537942886353,5.11817741394043,23.5267925262451,10.2386827468872,-0.0507760941982269,1,-0.310113936662674,"train",1387,5,1.75615763546796
"992",1,1,-1.61022126674652,1206211.89040477,426003.80284741,"2020_2022",1.6056170463562,0.60139936208725,0.174084901809692,1.63526439666748,114.927978515625,15.7957773208618,6.01253700256348,22.0302886962891,0.986954867839813,-0.00603222846984863,1,-1.61022126674652,"train",1389,5,1.75615763546796
"993",1,1,3.13260936737061,1207238.53758788,426137.9650384,"2020_2022",1.47621917724609,0.403826862573624,0.287833571434021,0.898899018764496,113.513916015625,17.1567935943604,6.6716628074646,19.9735546112061,2.39917826652527,-0.0458991527557373,1,3.13260936737061,"train",1391,5,1.75615763546796
"994",1,1,0.0651588886976242,1207829.24680701,425855.799947662,"2020_2022",1.47456002235413,0.404235363006592,0.315553039312363,0.90429425239563,113.347808837891,17.2014465332031,6.64232444763184,19.9335918426514,2.31830596923828,-0.419707655906677,1,0.0651588886976242,"train",1392,5,1.75615763546796
"995",1,1,0.257725983858109,1208220.67428029,425705.495374967,"2020_2022",1.47626316547394,0.413425028324127,0.318431735038757,0.938357591629028,113.087799072266,17.1651744842529,6.58073329925537,20.0088310241699,1.74054670333862,-0.0907371044158936,1,0.257725983858109,"train",1393,5,1.75615763546796
"996",1,1,-3.23735642433167,1188901.8101783,425257.637233897,"2020_2022",1.85162663459778,0.898851275444031,0.337054699659348,4.17850923538208,112.528427124023,15.5718698501587,3.36254477500916,24.5107135772705,16.1027030944824,2.25020813941956,1,-3.23735642433167,"train",1395,1,1.32037037037036
"997",1,1,-0.560742199420929,1189142.79842737,425187.657297704,"2020_2022",1.85332834720612,0.89282214641571,0.321258902549744,4.11436223983765,112.577072143555,15.5964651107788,3.35290598869324,24.4845962524414,10.1934118270874,-0.123507291078568,1,-0.560742199420929,"train",1396,1,1.32037037037036
"998",1,1,7.88891077041626,1192403.92941702,425612.880493518,"2020_2022",1.83463740348816,1.08944320678711,0.403078228235245,5.45517301559448,114.04093170166,14.8199844360352,3.48476982116699,25.0945796966553,9.32039451599121,0.654067039489746,1,7.88891077041626,"train",1397,4,0.47852348993288
"999",1,1,-0.55863881111145,1192740.94501949,425326.791179405,"2020_2022",1.83713734149933,1.10060560703278,0.383593171834946,5.56192684173584,113.807403564453,14.7499551773071,3.49400544166565,25.1533184051514,9.08381652832031,-0.492294073104858,1,-0.55863881111145,"train",1398,4,0.47852348993288
"1000",1,1,-1.86642634868622,1196852.33195598,425405.608876226,"2020_2022",1.78291046619415,1.13773250579834,0.342388302087784,5.83920669555664,111.332015991211,14.5218353271484,3.97026228904724,24.9444026947021,2.97262835502625,-1.66800892353058,1,-1.86642634868622,"train",1401,4,0.47852348993288
"1001",1,1,4.03933525085449,1200242.6426535,425431.17461362,"2020_2022",1.71442067623138,1.05697393417358,0.283030807971954,4.68006324768066,113.603576660156,14.4395341873169,4.35722064971924,24.6642742156982,1.95620393753052,-0.00799703598022461,1,4.03933525085449,"train",1402,5,1.75615763546796
"1002",1,1,-0.397495955228806,1208398.72469719,425637.638382301,"2020_2022",1.4757627248764,0.415830463171005,0.32413375377655,0.946628868579865,112.974456787109,17.1595287322998,6.57216548919678,20.0192852020264,1.72239911556244,-0.192544132471085,1,-0.397495955228806,"train",1404,5,1.75615763546796
"1003",1,1,-2.24212789535522,1208913.6245662,425290.316134787,"2020_2022",1.47699880599976,0.425765186548233,0.34435960650444,0.985697686672211,112.527610778809,17.1246471405029,6.5221381187439,20.0817451477051,1.3686466217041,0.00185275077819824,1,-2.24212789535522,"train",1405,5,1.75615763546796
"1004",1,1,0.207815304398537,1193326.61233332,425087.445857915,"2020_2022",1.83187687397003,1.10948097705841,0.361002326011658,5.6579418182373,113.609855651855,14.7587661743164,3.55077838897705,25.0954914093018,3.83416128158569,-0.561287522315979,1,0.207815304398537,"train",1407,4,0.47852348993288
"1005",1,1,3.3364839553833,1193716.47339885,425044.72509514,"2020_2022",1.82528018951416,1.10938322544098,0.352429926395416,5.65461444854736,113.477905273438,14.7544050216675,3.62716150283813,25.030122756958,22.0758457183838,0.453164339065552,1,3.3364839553833,"train",1408,1,1.32037037037036
"1006",1,1,8.59717178344727,1194072.78734187,424954.351911031,"2020_2022",1.81755018234253,1.11515164375305,0.398361623287201,5.69482231140137,113.309906005859,14.7312469482422,3.70507144927979,24.9845409393311,3.15266609191895,0.609413623809814,1,8.59717178344727,"train",1409,4,0.47852348993288
"1007",1,1,-1.54641890525818,1200296.66508369,424959.829161144,"2020_2022",1.7019327878952,1.03260135650635,0.274582356214523,4.52423238754272,113.424629211426,14.6312980651855,4.45378971099854,24.4267444610596,2.17094326019287,-0.0762732028961182,1,-1.54641890525818,"train",1410,5,1.75615763546796
"1008",1,1,3.0590455532074,1209936.20008542,424948.601244795,"2020_2022",1.47872269153595,0.440052002668381,0.379575192928314,1.04512965679169,112.116149902344,17.0574779510498,6.43323802947998,20.2228603363037,5.34734869003296,-0.000561237335205078,1,3.0590455532074,"train",1411,5,1.75615763546796
"1009",1,1,5.16858625411987,1210086.93880862,424866.162022794,"2020_2022",1.4793735742569,0.442210793495178,0.39203542470932,1.05364227294922,112.018768310547,17.0463275909424,6.42229652404785,20.2407417297363,6.407555103302,-0.0162773132324219,1,5.16858625411987,"train",1412,5,1.75615763546796
"1010",1,1,21.6220378875732,1211939.46481536,425000.014465077,"2020_2022",1.47155833244324,0.427224695682526,0.397489964962006,0.971237123012543,112.3994140625,17.1404132843018,6.53875064849854,20.0636234283447,20.3401222229004,-0.708505630493164,1,21.6220378875732,"train",1413,5,1.75615763546796
"1011",1,1,3.12881875038147,1212090.56109103,424945.658383849,"2020_2022",1.47277164459229,0.428922414779663,0.38404107093811,0.978752195835114,112.391136169434,17.1311054229736,6.53361797332764,20.0807056427002,17.1556987762451,-2.10118699073792,1,3.12881875038147,"train",1414,5,1.75615763546796
"1012",1,1,5.01342010498047,1215621.65808686,424695.280344239,"2020_2022",1.51413559913635,0.459353595972061,0.986025154590607,1.07636535167694,113.30640411377,16.7758102416992,6.39167642593384,20.7451972961426,11.1613750457764,0.0847835540771484,1,5.01342010498047,"train",1416,5,1.75615763546796
"1013",1,1,-3.00764799118042,1200285.66316508,424518.96758067,"2020_2022",1.6968264579773,1.0183914899826,0.287187486886978,4.42009687423706,113.357437133789,14.7249794006348,4.51685810089111,24.297737121582,5.87958478927612,0.739039659500122,1,-3.00764799118042,"train",1419,5,1.75615763546796
"1014",1,1,-1.93872690200806,1201178.4751039,424169.042619706,"2020_2022",1.69061803817749,0.990636348724365,0.254045277833939,4.21789884567261,113.261405944824,14.8733949661255,4.61503553390503,24.0866279602051,13.3730344772339,1.85274505615234,1,-1.93872690200806,"train",1420,1,1.32037037037036
"1015",1,1,23.1052551269531,1212036.80459615,424275.232932151,"2020_2022",1.47946083545685,0.448994398117065,0.393192976713181,1.08564877510071,112.385848999023,17.0045337677002,6.39244508743286,20.3143558502197,8.95355319976807,0.00330352783203125,1,23.1052551269531,"train",1424,5,1.75615763546796
"1016",1,1,18.7874317169189,1212989.15976664,424635.710461042,"2020_2022",1.47583973407745,0.444205701351166,0.446968048810959,1.03014254570007,112.775367736816,17.0660285949707,6.49161100387573,20.2071475982666,14.7362604141235,0.312957763671875,1,18.7874317169189,"train",1426,5,1.75615763546796
"1017",1,1,-0.102471321821213,1216974.58042889,424202.870780951,"2020_2022",1.59463322162628,0.544943690299988,1.17522060871124,1.34420168399811,114.279159545898,15.7989454269409,5.92475271224976,22.0910320281982,6.88627243041992,-0.163027405738831,1,-0.102471321821213,"train",1427,5,1.75615763546796
"1018",1,1,-1.85859382152557,1190071.95021458,424036.49232789,"2020_2022",1.85029339790344,0.872485816478729,0.392476707696915,4.00040531158447,113.511878967285,15.6810150146484,3.2942464351654,24.461784362793,20.2038955688477,0.96932852268219,1,-1.85859382152557,"train",1428,1,1.32037037037036
"1019",1,1,7.84729194641113,1191088.74471718,423722.004525904,"2020_2022",1.85083365440369,0.880382418632507,0.588553369045258,4.04641342163086,113.130363464355,15.6691274642944,3.27422738075256,24.5152683258057,15.7308950424194,0.792738437652588,1,7.84729194641113,"train",1430,1,1.32037037037036
"1020",1,1,-5.60298442840576,1191781.5086149,423677.486270194,"2020_2022",1.84994173049927,0.894761204719543,0.545019268989563,4.03186416625977,112.959861755371,15.6244764328003,3.32093691825867,24.5234851837158,20.6628074645996,-0.867518424987793,1,-5.60298442840576,"train",1431,1,1.32037037037036
"1021",1,1,6.39900207519531,1192405.65091956,424022.673849193,"2020_2022",1.84018123149872,0.937796294689178,0.560369968414307,4.29090881347656,113.177879333496,15.4802207946777,3.37281632423401,24.6022548675537,20.3090076446533,-0.318941116333008,1,6.39900207519531,"train",1432,1,1.32037037037036
"1022",1,1,4.30849075317383,1197603.60564042,423688.469710193,"2020_2022",1.78976082801819,1.18927073478699,0.235459461808205,6.28608083724976,111.701232910156,14.437066078186,3.71094965934753,25.2767028808594,5.64557600021362,-0.153336524963379,1,4.30849075317383,"train",1433,3,1.32037037037036
"1023",1,1,-0.0499513857066631,1198066.85300568,423714.635702801,"2020_2022",1.78774833679199,1.19530498981476,0.24955128133297,6.33978986740112,111.947158813477,14.4135274887085,3.67976808547974,25.3234233856201,4.03854846954346,-0.980537354946136,1,-0.0499513857066631,"train",1434,3,1.32037037037036
"1024",1,1,-1.77520513534546,1205507.85049261,424067.489927093,"2020_2022",1.58537006378174,0.824000775814056,0.190669894218445,3.06684899330139,113.983764648438,15.6704320907593,5.29939985275269,22.8803215026855,3.88136649131775,-0.0398921966552734,1,-1.77520513534546,"train",1438,5,1.75615763546796
"1025",1,1,6.85570955276489,1212923.83620947,423983.528417999,"2020_2022",1.4804527759552,0.456819117069244,0.404806226491928,1.09731686115265,112.9248046875,16.9978218078613,6.40383911132812,20.3379783630371,11.7285194396973,-0.469246387481689,1,6.85570955276489,"train",1439,5,1.75615763546796
"1026",1,1,0.830378592014313,1217579.58880682,423679.060780126,"2020_2022",1.62776172161102,0.618011951446533,1.26275527477264,1.6724089384079,114.237785339355,15.2303867340088,5.5505542755127,22.9753150939941,1.20070827007294,-0.401314795017242,1,0.830378592014313,"train",1441,5,1.75615763546796
"1027",1,1,4.22806119918823,1202041.48698691,423248.833318886,"2020_2022",1.65585970878601,0.885693728923798,0.196734607219696,3.50774240493774,113.723762512207,15.3806009292603,4.95845413208008,23.303503036499,22.2117080688477,0.132277488708496,1,4.22806119918823,"train",1443,1,1.32037037037036
"1028",1,1,-0.212446838617325,1213821.160122,423495.815639288,"2020_2022",1.4923347234726,0.467489838600159,0.643082201480865,1.15952897071838,113.533172607422,16.871826171875,6.25097703933716,20.6132850646973,12.0422067642212,-0.00822144746780396,1,-0.212446838617325,"train",1445,5,1.75615763546796
"1029",1,1,2.86108064651489,1214292.11568199,423417.439004106,"2020_2022",1.49657261371613,0.471905261278152,0.649230003356934,1.17946743965149,113.625061035156,16.843189239502,6.23027276992798,20.700813293457,11.4260406494141,-0.100917100906372,1,2.86108064651489,"train",1446,5,1.75615763546796
"1030",1,1,5.6563229560852,1214958.7267197,423270.941599263,"2020_2022",1.54532670974731,0.524521231651306,0.593626081943512,1.40837442874908,113.665802001953,16.4809265136719,6.11042928695679,21.2533950805664,13.4504413604736,-0.00708961486816406,1,5.6563229560852,"train",1447,5,1.75615763546796
"1031",1,1,3.63068962097168,1215228.61812334,423245.995527359,"2020_2022",1.56659293174744,0.545772612094879,0.758705377578735,1.46080565452576,113.709899902344,16.3283863067627,6.01447153091431,21.5127201080322,11.14328956604,0.010256290435791,1,3.63068962097168,"train",1448,5,1.75615763546796
"1032",1,1,5.39498376846313,1215478.24607658,423227.880763158,"2020_2022",1.5706125497818,0.559133052825928,0.677004992961884,1.55072665214539,113.856491088867,16.2319202423096,5.95243740081787,21.6572570800781,12.0332345962524,0.00377225875854492,1,5.39498376846313,"train",1449,5,1.75615763546796
"1033",1,1,5.60674571990967,1216407.76022847,423142.092591689,"2020_2022",1.63432502746582,0.778524458408356,0.982284486293793,2.98557662963867,114.324180603027,15.0338830947876,5.19101428985596,23.4435214996338,8.05263423919678,0.0295662879943848,1,5.60674571990967,"train",1450,5,1.75615763546796
"1034",1,1,-0.496993333101273,1216495.73414003,423157.426598925,"2020_2022",1.64004170894623,0.790304601192474,0.999574661254883,3.05951738357544,114.364730834961,14.9470129013062,5.13894510269165,23.5731735229492,7.38595867156982,-0.493911355733871,1,-0.496993333101273,"train",1451,5,1.75615763546796
"1035",1,1,3.5973482131958,1217011.1794427,423234.260136921,"2020_2022",1.6342442035675,0.685755789279938,1.17515528202057,2.2529137134552,114.3310546875,15.1091423034668,5.34584808349609,23.2599411010742,6.11255836486816,-0.088167667388916,1,3.5973482131958,"train",1452,5,1.75615763546796
"1036",1,1,0.370782405138016,1217506.1786556,423345.423841544,"2020_2022",1.64276504516602,0.65710586309433,1.24283123016357,1.89944982528687,114.265167236328,15.0361738204956,5.38910579681396,23.3280773162842,11.4604473114014,-0.278259009122849,1,0.370782405138016,"train",1453,5,1.75615763546796
"1037",1,1,-1.0008293390274,1192325.93657491,422857.469825942,"2020_2022",1.85168206691742,0.914080381393433,0.607022225856781,4.17877626419067,113.119438171387,15.5153131484985,3.29569530487061,24.6601505279541,14.8807544708252,0.966520309448242,1,-1.0008293390274,"train",1454,1,1.32037037037036
"1038",1,1,0.38482478260994,1197283.88398168,422906.767050352,"2020_2022",1.79632639884949,1.16552627086639,0.191217184066772,6.0727105140686,111.754592895508,14.4574537277222,3.75219964981079,25.2215671539307,5.56917524337769,-0.682300209999084,1,0.38482478260994,"train",1455,3,1.32037037037036
"1039",1,1,6.48953485488892,1202802.08712482,422701.341245305,"2020_2022",1.64509928226471,0.872379720211029,0.227121189236641,3.38269972801208,113.64737701416,15.5069885253906,5.02836322784424,23.1303844451904,1.41342496871948,-0.02728271484375,1,6.48953485488892,"train",1456,5,1.75615763546796
"1040",1,1,0.248309075832367,1205275.12124618,422932.689130266,"2020_2022",1.65071642398834,0.958335518836975,0.232052758336067,4.05837440490723,113.7255859375,15.1709127426147,4.86553049087524,23.674373626709,19.270263671875,-0.00926467776298523,1,0.248309075832367,"train",1457,1,1.32037037037036
"1041",1,1,5.60784387588501,1217034.63343173,422778.661889843,"2020_2022",1.70297014713287,0.946181416511536,0.951918363571167,3.82410478591919,114.56689453125,13.9385671615601,4.61451196670532,25.0338306427002,16.3821640014648,0.0497980117797852,1,5.60784387588501,"train",1460,1,1.32037037037036
"1042",1,1,0.458899199962616,1213341.07111313,422419.739943425,"2020_2022",1.6923816204071,1.12337207794189,0.29832512140274,5.68790197372437,114.584823608398,13.8044290542603,4.24861240386963,25.3866500854492,16.8491477966309,-0.0155206918716431,1,0.458899199962616,"train",1464,1,1.32037037037036
"1043",1,1,-2.19970941543579,1213842.79373774,422320.802614106,"2020_2022",1.76856601238251,1.37306869029999,0.431843668222427,7.41156578063965,115.035430908203,12.6489715576172,3.49316692352295,27.1927604675293,23.5284366607666,4.66009473800659,1,-2.19970941543579,"train",1465,1,1.32037037037036
"1044",1,1,-3.00764799118042,1202797.1982035,421856.162703672,"2020_2022",1.63492095470428,0.887671053409576,0.207371190190315,3.48418641090393,113.810394287109,15.5100250244141,4.9658203125,23.1972503662109,26.8456954956055,4.02333784103394,1,-3.00764799118042,"train",1469,1,1.32037037037036
"1045",1,1,-1.92800438404083,1214173.07396072,421707.367964369,"2020_2022",1.77491569519043,1.38305282592773,0.693030178546906,7.42163276672363,114.929641723633,12.5816650390625,3.50010108947754,27.2555599212646,9.62520217895508,-0.461663722991943,1,-1.92800438404083,"train",1470,4,0.47852348993288
"1046",1,1,15.0464839935303,1179581.71424258,421226.898399243,"2020_2022",1.90410363674164,0.331172555685043,0.735572636127472,0.83912843465805,110.734497070312,16.667688369751,2.12872886657715,24.0982704162598,11.2724838256836,3.24441719055176,1,15.0464839935303,"train",1472,1,1.32037037037036
"1047",1,1,4.37575578689575,1197256.47828445,421633.580399919,"2020_2022",1.80169939994812,1.17385733127594,0.531771957874298,6.04591941833496,112.822052001953,14.4307918548584,3.71277856826782,25.3094959259033,25.4761524200439,-1.94378662109375,1,4.37575578689575,"train",1473,1,1.32037037037036
"1048",1,1,-0.92254364490509,1201499.46974453,421363.093213673,"2020_2022",1.52794289588928,0.834529042243958,0.103008814156055,3.64350199699402,113.393180847168,15.2339773178101,4.29545116424561,24.344554901123,6.81681537628174,-0.00301176309585571,1,-0.92254364490509,"train",1474,5,1.75615763546796
"1049",1,1,-2.37551641464233,1202929.64128202,421341.52272796,"2020_2022",1.62689256668091,0.897820472717285,0.169269785284996,3.59442281723022,113.763244628906,15.5156316757202,4.88158798217773,23.2707977294922,12.627854347229,0.561633110046387,1,-2.37551641464233,"train",1475,5,1.75615763546796
"1050",1,1,-0.44586181640625,1214165.91642164,421195.057962699,"2020_2022",1.77067744731903,1.35142064094543,0.779614508152008,7.10235071182251,114.870315551758,12.6701755523682,3.57163214683533,27.1042556762695,39.1930313110352,5.08428192138672,1,-0.44586181640625,"train",1477,1,1.32037037037036
"1051",1,1,3.93074703216553,1179030.7965077,420950.119641267,"2020_2022",1.9850971698761,0.453030169010162,0.778059244155884,1.47127652168274,110.982551574707,15.7000665664673,2.24577522277832,24.897087097168,23.880859375,0.0014045238494873,1,3.93074703216553,"train",1479,1,1.32037037037036
"1052",1,1,7.77328109741211,1197678.77673131,420963.005532336,"2020_2022",1.80291175842285,1.20128333568573,0.593969464302063,6.23769855499268,113.583374023438,14.3376960754395,3.66468214988708,25.4613094329834,9.7815752029419,2.44778728485107,1,7.77328109741211,"train",1481,4,0.47852348993288
"1053",1,1,-1.46403348445892,1201420.0886171,420880.124136234,"2020_2022",1.41243851184845,0.775426626205444,0.0786512568593025,3.88096451759338,112.827415466309,14.8525676727295,3.49257278442383,25.7673053741455,13.15012550354,0.033564567565918,1,-1.46403348445892,"train",1482,2,1.71394230769229
"1054",1,1,-2.51660633087158,1202877.10549357,421057.206192605,"2020_2022",1.61831307411194,0.917638778686523,0.147986263036728,3.76532173156738,113.796722412109,15.484317779541,4.75964069366455,23.411506652832,13.9296894073486,1.26850867271423,1,-2.51660633087158,"train",1484,5,1.75615763546796
"1055",1,1,0.988118886947632,1203091.00925832,421048.789511994,"2020_2022",1.61770808696747,0.910471498966217,0.182801797986031,3.71253561973572,113.740180969238,15.5066585540771,4.81851434707642,23.333703994751,4.13395643234253,0.145462930202484,1,0.988118886947632,"train",1485,5,1.75615763546796
"1056",1,1,0.525406837463379,1208848.57913915,420646.636483632,"2020_2022",1.70571911334991,1.04220402240753,0.470541208982468,4.73404407501221,112.735153198242,14.6013631820679,4.36278915405273,24.6493625640869,17.7605018615723,-0.147963464260101,1,0.525406837463379,"train",1487,1,1.32037037037036
"1057",1,1,-1.02486288547516,1211186.87805873,420644.521903778,"2020_2022",1.75529932975769,1.22916674613953,0.624742805957794,6.03722953796387,112.754470825195,13.2713584899902,3.79721355438232,26.3458633422852,6.26644039154053,-0.257067799568176,1,-1.02486288547516,"train",1488,4,0.47852348993288
"1058",1,1,1.32940685749054,1214031.22559129,420872.420955238,"2020_2022",1.76677894592285,1.29172956943512,0.713687837123871,6.48545217514038,114.821868896484,12.7625179290771,3.61896133422852,26.948299407959,10.8497190475464,-0.714773058891296,1,1.32940685749054,"train",1490,4,0.47852348993288
"1059",1,1,-9.09763431549072,1178331.41764088,420156.534717273,"2020_2022",2.00174593925476,0.532234311103821,0.925194680690765,1.88706660270691,111.108238220215,15.5274181365967,2.24739336967468,25.0766525268555,12.4325408935547,-6.12403869628906,1,-9.09763431549072,"train",1491,1,1.32037037037036
"1060",1,1,10.3853130340576,1178625.03061596,420353.359383523,"2020_2022",2.00206971168518,0.52021735906601,0.847067058086395,1.82090997695923,111.082168579102,15.4787693023682,2.26100182533264,25.1074752807617,20.0514183044434,-0.348285675048828,1,10.3853130340576,"train",1492,1,1.32037037037036
"1061",1,1,-0.64715176820755,1193025.86445276,420225.955491477,"2020_2022",1.84739911556244,1.12571716308594,0.317864269018173,5.87310981750488,113.380699157715,14.7837820053101,3.19641184806824,25.4438438415527,11.0533142089844,0.584011733531952,1,-0.64715176820755,"train",1494,1,1.32037037037036
"1062",1,1,14.0345163345337,1193857.41058722,420568.913644865,"2020_2022",1.84596943855286,1.07731747627258,0.519167363643646,5.39710092544556,113.044792175293,14.9527130126953,3.31758856773376,25.1679534912109,3.3048460483551,-0.213566780090332,1,14.0345163345337,"train",1495,4,0.47852348993288
"1063",1,1,7.42920303344727,1198464.24491088,420317.805821094,"2020_2022",1.80394184589386,1.26040315628052,0.455377578735352,6.67304039001465,113.607810974121,14.0078792572021,3.56622171401978,25.8765811920166,3.54005074501038,-0.0622444152832031,1,7.42920303344727,"train",1497,4,0.47852348993288
"1064",1,1,2.04118776321411,1203189.20598032,420474.160864524,"2020_2022",1.61470532417297,0.924529850482941,0.17692106962204,3.81110763549805,113.748336791992,15.4572916030884,4.73663187026978,23.4569473266602,1.04545247554779,-0.0297901630401611,1,2.04118776321411,"train",1498,5,1.75615763546796
"1065",1,1,2.10577368736267,1203776.19757761,420187.923248168,"2020_2022",1.61165082454681,0.925697028636932,0.21651753783226,3.87038087844849,113.858764648438,15.3360967636108,4.65354681015015,23.6776866912842,1.72742259502411,0.0142471790313721,1,2.10577368736267,"train",1499,5,1.75615763546796
"1066",1,1,1.65391635894775,1204010.50914112,420155.009400754,"2020_2022",1.61961078643799,0.923929333686829,0.242092624306679,3.80412316322327,113.952484130859,15.354248046875,4.71723318099976,23.5952472686768,2.08286762237549,-0.0349311828613281,1,1.65391635894775,"train",1500,5,1.75615763546796
"1067",1,1,3.03086113929749,1208918.87192392,420634.484164301,"2020_2022",1.70733428001404,1.04640126228333,0.464339226484299,4.7657961845398,112.67440032959,14.5669479370117,4.34903335571289,24.6931743621826,16.7115001678467,0.0473029613494873,1,3.03086113929749,"train",1501,1,1.32037037037036
"1068",1,1,5.83428192138672,1209234.69295459,420597.352413378,"2020_2022",1.71556544303894,1.06883716583252,0.442730069160461,4.93978929519653,112.385353088379,14.3901977539062,4.26971578598022,24.9275760650635,9.48833084106445,0.09136962890625,1,5.83428192138672,"train",1502,4,0.47852348993288
"1069",1,1,2.32437324523926,1209911.24095581,420613.485903219,"2020_2022",1.73331415653229,1.13887369632721,0.570598423480988,5.41635656356812,112.088645935059,13.8881053924561,4.07985830307007,25.557975769043,17.7269897460938,-0.0837194919586182,1,2.32437324523926,"train",1503,1,1.32037037037036
"1070",1,1,-0.134932801127434,1210310.28876632,420620.284639077,"2020_2022",1.74036169052124,1.16949737071991,0.562986850738525,5.63709926605225,111.997001647949,13.6842012405396,3.97339582443237,25.8341007232666,26.5986633300781,2.4240300655365,1,-0.134932801127434,"train",1504,1,1.32037037037036
"1071",1,1,1.95691275596619,1210764.18231283,420586.058171153,"2020_2022",1.75107300281525,1.20717835426331,0.603223860263824,5.8781943321228,112.586631774902,13.4221496582031,3.87694478034973,26.1505546569824,29.7945652008057,2.84393548965454,1,1.95691275596619,"train",1505,1,1.32037037037036
"1072",1,1,0.638418674468994,1179440.0632018,419655.031177763,"2020_2022",1.98261773586273,0.505945146083832,0.646562218666077,1.74589014053345,112.121482849121,15.6988143920898,2.27473330497742,24.905632019043,14.9052419662476,0.0670474171638489,1,0.638418674468994,"train",1507,1,1.32037037037036
"1073",1,1,3.54689788818359,1188424.82615526,419760.374307237,"2020_2022",1.46896111965179,0.641798615455627,0.0938521027565002,3.42510294914246,108.397399902344,15.7729339599609,2.32893061637878,25.6087837219238,22.2757186889648,3.08500576019287,1,3.54689788818359,"train",1508,1,1.32037037037036
"1074",1,1,6.76444864273071,1193011.29312329,420094.305624591,"2020_2022",1.84632849693298,1.12668228149414,0.319778800010681,5.89650201797485,113.381546020508,14.7812852859497,3.1792721748352,25.4610538482666,9.19944095611572,0.216720581054688,1,6.76444864273071,"train",1510,4,0.47852348993288
"1075",1,1,1.05899178981781,1199165.976608,419933.057088551,"2020_2022",1.79926145076752,1.2811838388443,0.346540033817291,6.7833046913147,113.581436157227,13.8149538040161,3.47418904304504,26.1474323272705,38.2242202758789,-0.973422646522522,1,1.05899178981781,"train",1511,1,1.32037037037036
"1076",1,1,-2.85765910148621,1201210.82168263,419863.884376799,"2020_2022",1.36316931247711,0.731032431125641,0.0594204925000668,3.89661955833435,112.633453369141,14.6870040893555,3.07312917709351,26.4861011505127,0.448312610387802,-0.0259666442871094,1,-2.85765910148621,"train",1512,2,1.71394230769229
"1077",1,1,0.762497007846832,1201807.38297291,419880.030940003,"2020_2022",1.31620073318481,0.690842628479004,0.12145060300827,3.70967102050781,112.376892089844,14.721923828125,3.08483719825745,26.5060615539551,0.579162299633026,0.00361782312393188,1,0.762497007846832,"train",1513,2,1.71394230769229
"1078",1,1,0.794294059276581,1203949.38338172,420135.706921658,"2020_2022",1.61621820926666,0.924719214439392,0.233690410852432,3.83605217933655,113.931663513184,15.3353986740112,4.68375253677368,23.6496601104736,1.97218263149261,0.000409066677093506,1,0.794294059276581,"train",1514,5,1.75615763546796
"1079",1,1,2.10680627822876,1205336.68563383,419864.580029946,"2020_2022",1.64166641235352,0.928551435470581,0.395444452762604,3.75725674629211,114.128494262695,15.3098573684692,4.73548746109009,23.5970630645752,6.23154211044312,-0.0113875865936279,1,2.10680627822876,"train",1517,5,1.75615763546796
"1080",1,1,2.34164214134216,1205855.24007037,419752.499472085,"2020_2022",1.64215755462646,0.928324162960052,0.420966148376465,3.77724003791809,114.109497070312,15.2949180603027,4.71644163131714,23.6248626708984,2.61189603805542,-0.0265076160430908,1,2.34164214134216,"train",1518,5,1.75615763546796
"1081",1,1,-5.8908748626709,1178263.20849457,419185.428301906,"2020_2022",2.00529170036316,0.619837403297424,0.743888974189758,2.48145270347595,112.431915283203,15.2328958511353,2.2725613117218,25.3282299041748,26.0994033813477,-1.32268762588501,1,-5.8908748626709,"train",1520,1,1.32037037037036
"1082",1,1,13.0448427200317,1199708.29295201,419545.04494027,"2020_2022",1.80097460746765,1.2817245721817,0.273401290178299,6.74864482879639,113.615325927734,13.8034029006958,3.47642827033997,26.1494674682617,34.8648529052734,0.158315658569336,1,13.0448427200317,"train",1524,1,1.32037037037036
"1083",1,1,-2.03805661201477,1201597.48048944,419281.802326867,"2020_2022",1.37522196769714,0.716192960739136,0.128868088126183,3.78145599365234,112.821701049805,14.7652807235718,3.01946139335632,26.4669055938721,15.2068777084351,2.79474806785583,1,-2.03805661201477,"train",1526,2,1.71394230769229
"1084",1,1,0.0788944363594055,1203139.9448778,419189.443180383,"2020_2022",1.47958827018738,0.952341437339783,0.115245901048183,5.13739538192749,113.94319152832,14.2391567230225,3.2316951751709,26.3668212890625,5.96716690063477,0.229139655828476,1,0.0788944363594055,"train",1528,2,1.71394230769229
"1085",1,1,1.68502187728882,1207012.20939867,419200.637235824,"2020_2022",1.65899205207825,0.968848705291748,0.569294989109039,4.08011150360107,113.825843811035,15.0695838928223,4.63404226303101,23.9431476593018,3.33924293518066,-0.0238597393035889,1,1.68502187728882,"train",1530,5,1.75615763546796
"1086",1,1,1.30002462863922,1176030.54893875,418676.802609322,"2020_2022",2.19632029533386,0.888429522514343,0.132199451327324,4.02835464477539,111.775192260742,15.5190963745117,1.79308104515076,23.9856872558594,20.7109985351562,-0.307296395301819,1,1.30002462863922,"train",1531,1,1.32037037037036
"1087",1,1,-2.01535320281982,1176918.12265278,418719.310374521,"2020_2022",2.01254677772522,0.796649992465973,0.11801927536726,3.8849766254425,112.150207519531,15.7001428604126,1.75681471824646,24.6384868621826,13.9132947921753,2.82775068283081,1,-2.01535320281982,"train",1532,1,1.32037037037036
"1088",1,1,-8.3449878692627,1178331.36359725,419003.43079835,"2020_2022",2.00551462173462,0.638520002365112,0.706795871257782,2.61498427391052,112.809791564941,15.2309141159058,2.27065277099609,25.3396549224854,25.8881778717041,-1.74042415618896,1,-8.3449878692627,"train",1534,1,1.32037037037036
"1089",1,1,-2.49418091773987,1189455.96540316,418689.468716045,"2020_2022",1.59491205215454,0.785897791385651,0.161279782652855,4.25724411010742,110.295211791992,15.4235134124756,2.53859758377075,25.5705299377441,1.41841340065002,-1.87973701953888,1,-2.49418091773987,"train",1537,3,1.32037037037036
"1090",1,1,2.26284885406494,1189515.25900678,418646.837190094,"2020_2022",1.60633456707001,0.79817521572113,0.157039448618889,4.3268666267395,110.395645141602,15.3912334442139,2.55418968200684,25.5763835906982,5.68039464950562,-0.786450862884521,1,2.26284885406494,"train",1538,3,1.32037037037036
"1091",1,1,4.29554557800293,1190879.65522455,419004.387755546,"2020_2022",1.72089791297913,0.949737966060638,0.308939397335052,5.20817470550537,111.854415893555,15.0973014831543,2.70641851425171,25.6331691741943,11.1102027893066,-0.0475955009460449,1,4.29554557800293,"train",1540,1,1.32037037037036
"1092",1,1,12.9910135269165,1191919.65261254,418778.178394448,"2020_2022",1.79821825027466,1.04427134990692,0.253243744373322,5.66519784927368,112.664360046387,14.8892097473145,2.85970950126648,25.6543731689453,9.84592914581299,-0.0731620788574219,1,12.9910135269165,"train",1542,1,1.32037037037036
"1093",1,1,0.342009752988815,1202165.20298774,418969.758758847,"2020_2022",1.37793445587158,0.807277619838715,0.144357457756996,4.32972574234009,113.130561828613,14.5363883972168,3.13569474220276,26.4185771942139,12.9274444580078,0.110853806138039,1,0.342009752988815,"train",1543,2,1.71394230769229
"1094",1,1,0.13055545091629,1203422.15625509,419040.804440517,"2020_2022",1.52651619911194,0.981573939323425,0.138056427240372,5.28845596313477,113.95393371582,14.162670135498,3.28236675262451,26.3309211730957,4.28888750076294,-0.0284557640552521,1,0.13055545091629,"train",1544,2,1.71394230769229
"1095",1,1,-0.595955491065979,1203491.07345238,419134.629789238,"2020_2022",1.52678954601288,0.982938945293427,0.140962496399879,5.28042459487915,113.986015319824,14.1746234893799,3.29109692573547,26.3078861236572,1.36966216564178,0.00234293937683105,1,-0.595955491065979,"train",1545,2,1.71394230769229
"1096",1,1,-2.64205837249756,1207354.97528003,418896.853216702,"2020_2022",1.67371451854706,0.997936844825745,0.671198070049286,4.29774522781372,113.988395690918,14.8515682220459,4.58118629455566,24.2176303863525,3.6599748134613,-0.0433638095855713,1,-2.64205837249756,"train",1546,4,0.47852348993288
"1097",1,1,0.461993128061295,1207684.72227509,418735.254433879,"2020_2022",1.69515192508698,1.04011559486389,0.678925335407257,4.59878969192505,114.166313171387,14.5335283279419,4.50059986114502,24.603443145752,4.41039848327637,-0.00334954261779785,1,0.461993128061295,"train",1547,4,0.47852348993288
"1098",1,1,0.980838358402252,1176363.13910401,418482.845253639,"2020_2022",2.14559102058411,0.85364818572998,0.131205454468727,3.98271870613098,112.249298095703,15.5748043060303,1.79196870326996,24.240364074707,29.36159324646,2.95949769020081,1,0.980838358402252,"train",1548,1,1.32037037037036
"1099",1,1,2.95197653770447,1176497.98724711,418503.714916954,"2020_2022",2.1171989440918,0.846251904964447,0.130185931921005,3.98871922492981,112.206359863281,15.5829734802246,1.79273915290833,24.3463077545166,27.3860054016113,0.110733509063721,1,2.95197653770447,"train",1549,1,1.32037037037036
"1100",1,1,4.09101104736328,1178082.96452691,418150.826026221,"2020_2022",1.98219382762909,0.773111522197723,0.421599507331848,3.75343871116638,112.905975341797,15.6562366485596,1.85413837432861,24.7819499969482,5.83502388000488,0.489215850830078,1,4.09101104736328,"train",1552,4,0.47852348993288
"1101",1,1,-3.92111921310425,1178872.14969799,418167.455047887,"2020_2022",1.98817443847656,0.737331628799438,0.685684084892273,3.31349611282349,113.292785644531,15.2692127227783,2.2097499370575,25.2641849517822,20.9995937347412,1.72040700912476,1,-3.92111921310425,"train",1553,1,1.32037037037036
"1102",1,1,-0.00178023672197014,1180385.79409087,418152.041668314,"2020_2022",1.96459925174713,0.833997309207916,0.39006170630455,4.06222152709961,112.453773498535,15.1026954650879,2.23601627349854,25.60498046875,17.4283046722412,-0.490741670131683,1,-0.00178023672197014,"train",1555,1,1.32037037037036
"1103",1,1,13.646728515625,1189565.44291033,418603.783825563,"2020_2022",1.61749410629272,0.809593319892883,0.15226811170578,4.39199590682983,110.495048522949,15.3618011474609,2.56883549690247,25.5809669494629,11.511791229248,-0.318182945251465,1,13.646728515625,"train",1557,3,1.32037037037036
"1104",1,1,4.25037336349487,1190917.95547648,418402.165906226,"2020_2022",1.74043083190918,0.954928517341614,0.198412224650383,5.21675205230713,111.980346679688,15.0804653167725,2.7348153591156,25.6135692596436,7.42625904083252,-0.325228214263916,1,4.25037336349487,"train",1558,3,1.32037037037036
"1105",1,1,0.669263541698456,1191156.99087295,418231.316117845,"2020_2022",1.77164256572723,0.986451625823975,0.248118296265602,5.37141132354736,112.539009094238,15.0140514373779,2.78540015220642,25.6130199432373,14.3851776123047,0.477841198444366,1,0.669263541698456,"train",1559,1,1.32037037037036
"1106",1,1,0.76197099685669,1203216.38230847,418532.073152822,"2020_2022",1.53407728672028,0.987016141414642,0.210444495081902,5.36212778091431,113.934295654297,14.0959930419922,3.31103682518005,26.3763217926025,3.24616241455078,-0.0162007212638855,1,0.76197099685669,"train",1561,2,1.71394230769229
"1107",1,1,-1.25510895252228,1207899.51282855,418561.631137524,"2020_2022",1.70759046077728,1.07261943817139,0.671202123165131,4.82573986053467,114.249977111816,14.3213787078857,4.41186618804932,24.8790683746338,8.57225799560547,-0.0544272661209106,1,-1.25510895252228,"train",1562,4,0.47852348993288
"1108",1,1,-3.99033975601196,1208040.21427832,418352.246788494,"2020_2022",1.7186244726181,1.10252368450165,0.684533715248108,5.03736257553101,114.32746887207,14.1248321533203,4.3196325302124,25.1411762237549,6.60348892211914,-0.5921790599823,1,-3.99033975601196,"train",1563,4,0.47852348993288
"1109",1,1,-3.02309393882751,1208526.61705099,418353.415940304,"2020_2022",1.72086477279663,1.09786367416382,0.671975493431091,5.01630640029907,114.302398681641,14.0994091033936,4.29494333267212,25.1816177368164,12.142575263977,0.911894083023071,1,-3.02309393882751,"train",1564,4,0.47852348993288
"1110",1,1,-0.7357577085495,1178329.02742794,417683.234477771,"2020_2022",1.9866030216217,0.820155620574951,0.41696485877037,4.05754280090332,113.073585510254,15.5078029632568,1.92615759372711,24.8940620422363,16.8266716003418,-0.185102939605713,1,-0.7357577085495,"train",1565,1,1.32037037037036
"1111",1,1,-0.959668934345245,1178996.0448816,417828.893994797,"2020_2022",1.98366379737854,0.807700872421265,0.598155617713928,3.84984564781189,113.393508911133,15.1695308685303,2.18988656997681,25.3262767791748,24.6222553253174,2.39742636680603,1,-0.959668934345245,"train",1567,1,1.32037037037036
"1112",1,1,2.24743103981018,1180370.72435976,417858.171112522,"2020_2022",1.96504068374634,0.831030249595642,0.403998732566833,4.06139945983887,112.557579040527,15.0827236175537,2.23599791526794,25.5909156799316,18.8416557312012,1.18371295928955,1,2.24743103981018,"train",1568,1,1.32037037037036
"1113",1,1,0.670725703239441,1189113.65356205,417757.085045483,"2020_2022",1.56379222869873,0.688297271728516,0.192389607429504,3.64509868621826,110.27880859375,15.5670766830444,2.49575710296631,25.5327377319336,8.44314098358154,-0.0469383597373962,1,0.670725703239441,"train",1570,3,1.32037037037036
"1114",1,1,-2.34041309356689,1190890.13899063,418109.1784924,"2020_2022",1.75427746772766,0.951346516609192,0.220073938369751,5.17459487915039,112.273277282715,15.1073408126831,2.74097108840942,25.5826454162598,14.5829648971558,2.51154327392578,1,-2.34041309356689,"train",1571,1,1.32037037037036
"1115",1,1,15.9052085876465,1191509.98322122,417884.526652926,"2020_2022",1.7892472743988,0.995419025421143,0.27281990647316,5.38168525695801,112.83576965332,15.0274429321289,2.81575846672058,25.5648136138916,9.86150932312012,0.338545799255371,1,15.9052085876465,"train",1572,1,1.32037037037036
"1116",1,1,-0.267875671386719,1203087.19260083,417671.077543914,"2020_2022",1.72808527946472,1.24318540096283,0.403223693370819,6.5886173248291,114.449569702148,13.3509874343872,3.38522744178772,26.6997108459473,25.8218746185303,2.6472282409668,1,-0.267875671386719,"train",1574,1,1.32037037037036
"1117",1,1,3.69118404388428,1179000.21251196,417169.153225682,"2020_2022",1.98476648330688,0.864252805709839,0.502620875835419,4.34450197219849,113.552658081055,15.1016263961792,2.14646124839783,25.3513927459717,15.8295946121216,2.16218090057373,1,3.69118404388428,"train",1580,1,1.32037037037036
"1118",1,1,-2.53924322128296,1203251.80337974,417603.369958324,"2020_2022",1.72301268577576,1.22849762439728,0.417896300554276,6.51076650619507,114.459823608398,13.3667707443237,3.39487862586975,26.6847953796387,24.7342071533203,5.97869634628296,1,-2.53924322128296,"train",1584,1,1.32037037037036
"1119",1,1,-2.46841192245483,1206849.74083479,417205.461279118,"2020_2022",1.75074672698975,1.25527667999268,0.825804769992828,6.16847848892212,114.659683227539,13.3148899078369,3.80052638053894,26.3106784820557,7.22997093200684,-1.10269331932068,1,-2.46841192245483,"train",1586,4,0.47852348993288
"1120",1,1,0.714116096496582,1207248.35128759,417164.830131315,"2020_2022",1.7487598657608,1.24458801746368,0.789434909820557,6.08223390579224,114.627937316895,13.3642845153809,3.84879565238953,26.2234649658203,12.9207429885864,-2.61021137237549,1,0.714116096496582,"train",1587,4,0.47852348993288
"1121",1,1,2.12482714653015,1207503.40857434,417452.897120006,"2020_2022",1.74472606182098,1.2185126543045,0.755235612392426,5.87515878677368,114.55256652832,13.4874153137207,3.93901133537292,26.0398826599121,4.9128680229187,-0.109733581542969,1,2.12482714653015,"train",1588,4,0.47852348993288
"1122",1,1,-1.22988927364349,1189453.14761263,416985.003230695,"2020_2022",1.67058336734772,0.818758070468903,0.319714963436127,4.32845544815063,111.247276306152,15.421329498291,2.58770370483398,25.5208721160889,21.185489654541,1.30374896526337,1,-1.22988927364349,"train",1592,1,1.32037037037036
"1123",1,1,0.258397370576859,1189520.64337126,416815.163228449,"2020_2022",1.69687020778656,0.849153101444244,0.340251386165619,4.46694469451904,111.453353881836,15.3867092132568,2.59853649139404,25.5218315124512,17.4973831176758,0.658310651779175,1,0.258397370576859,"train",1593,1,1.32037037037036
"1124",1,1,1.2239328622818,1193528.02937864,416755.51133347,"2020_2022",1.80545663833618,1.0291862487793,0.410173833370209,5.33020973205566,113.478385925293,15.028959274292,3.0038321018219,25.3599319458008,9.78678607940674,-0.325002789497375,1,1.2239328622818,"train",1594,4,0.47852348993288
"1125",1,1,3.72178101539612,1194747.55570742,416643.304463824,"2020_2022",1.8415834903717,1.14254319667816,0.561329185962677,5.92127180099487,113.62744140625,14.7598104476929,3.26158285140991,25.373556137085,2.34849405288696,-0.0667285919189453,1,3.72178101539612,"train",1596,4,0.47852348993288
"1126",1,1,10.2747383117676,1195933.86477196,416666.993697093,"2020_2022",1.82430398464203,1.14503717422485,0.504775106906891,5.87365007400513,113.452880859375,14.8019790649414,3.37066006660461,25.268440246582,7.28315258026123,-0.794743537902832,1,10.2747383117676,"train",1597,4,0.47852348993288
"1127",1,1,6.31483268737793,1195978.49298752,416736.086269134,"2020_2022",1.8238320350647,1.14428448677063,0.489057749509811,5.86683368682861,113.45890045166,14.8080396652222,3.37466907501221,25.2595958709717,2.34440875053406,-0.328330039978027,1,6.31483268737793,"train",1598,4,0.47852348993288
"1128",1,1,6.77271747589111,1189323.33650541,416172.050198717,"2020_2022",1.76914024353027,0.931102693080902,0.374179422855377,4.72226190567017,112.091972351074,15.2984085083008,2.54692029953003,25.5533885955811,8.48563194274902,0.416079044342041,1,6.77271747589111,"train",1602,3,1.32037037037036
"1129",1,1,0.539048731327057,1189662.81425658,416585.790223413,"2020_2022",1.72979092597961,0.89276123046875,0.340650707483292,4.61999416351318,111.834587097168,15.3438024520874,2.59573554992676,25.5240783691406,23.7571315765381,-1.06253099441528,1,0.539048731327057,"train",1603,1,1.32037037037036
"1130",1,1,-0.217492088675499,1194430.93065369,416349.030796426,"2020_2022",1.84045433998108,1.15302836894989,0.548579335212708,6.00217628479004,113.958053588867,14.6842203140259,3.20459055900574,25.4942836761475,1.57962846755981,0.0837568491697311,1,-0.217492088675499,"train",1604,4,0.47852348993288
"1131",1,1,1.41392302513123,1194730.70955631,416185.647682959,"2020_2022",1.84558629989624,1.16549563407898,0.543505907058716,6.05925416946411,113.994789123535,14.6103229522705,3.24264192581177,25.5254859924316,1.74714171886444,-0.123026728630066,1,1.41392302513123,"train",1605,4,0.47852348993288
"1132",1,1,9.22971630096436,1196584.26038452,416484.595557359,"2020_2022",1.82120025157928,1.15518152713776,0.312066495418549,5.96253490447998,113.655471801758,14.7822551727295,3.38257718086243,25.2894802093506,1.77247548103333,0.0904102325439453,1,9.22971630096436,"train",1608,4,0.47852348993288
"1133",1,1,1.25074899196625,1177925.64117063,416072.941325985,"2020_2022",2.03594708442688,0.82348108291626,0.278824955224991,3.96789956092834,113.100448608398,15.5246515274048,1.87527465820312,24.738073348999,11.1073007583618,-0.0101181268692017,1,1.25074899196625,"train",1609,1,1.32037037037036
"1134",1,1,-5.02377557754517,1178372.74052895,415693.390088263,"2020_2022",2.01413607597351,0.847844839096069,0.275819838047028,4.17004823684692,112.995460510254,15.3870410919189,1.94771671295166,24.9807758331299,17.6775455474854,2.82848358154297,1,-5.02377557754517,"train",1610,1,1.32037037037036
"1135",1,1,0.55156821012497,1182633.65693761,415976.380902527,"2020_2022",1.85603594779968,0.825878083705902,0.20850458741188,4.2049446105957,110.948028564453,15.5065431594849,2.05632615089417,25.6181201934814,14.3339052200317,-2.57520985603333,1,0.55156821012497,"train",1611,1,1.32037037037036
"1136",1,1,-1.64623594284058,1183020.30738036,415640.576084996,"2020_2022",1.84833204746246,0.820836067199707,0.246073231101036,4.17639112472534,111.169914245605,15.5164728164673,2.05906748771667,25.6077766418457,14.9681053161621,0.229230999946594,1,-1.64623594284058,"train",1612,1,1.32037037037036
"1137",1,1,-1.54264485836029,1188100.47296162,415683.457106869,"2020_2022",1.77893030643463,0.891620516777039,0.425068229436874,4.37414503097534,111.149879455566,15.3710603713989,2.43318772315979,25.5783615112305,19.3781204223633,1.8692547082901,1,-1.54264485836029,"train",1613,1,1.32037037037036
"1138",1,1,-2.64647674560547,1188845.46132328,415902.945501644,"2020_2022",1.77447760105133,0.922162234783173,0.406044453382492,4.61198663711548,111.736526489258,15.3212356567383,2.50886464118958,25.5637359619141,16.5871295928955,1.350252866745,1,-2.64647674560547,"train",1614,1,1.32037037037036
"1139",1,1,-6.22258615493774,1178611.58158416,415398.659273817,"2020_2022",2.00749826431274,0.875643789768219,0.295568585395813,4.4044828414917,112.853858947754,15.2467651367188,2.02654242515564,25.1962051391602,12.2116737365723,0.452634334564209,1,-6.22258615493774,"train",1615,1,1.32037037037036
"1140",1,1,6.82385063171387,1187629.9424094,415451.265218511,"2020_2022",1.77911400794983,0.866397440433502,0.435563087463379,4.19992589950562,110.909248352051,15.4133186340332,2.37869668006897,25.5832347869873,11.2160167694092,0.0602860450744629,1,6.82385063171387,"train",1618,1,1.32037037037036
"1141",1,1,6.04347515106201,1187981.57287437,415557.721770759,"2020_2022",1.7795193195343,0.88497519493103,0.429176539182663,4.32823038101196,111.046310424805,15.3821887969971,2.4172728061676,25.5806789398193,8.43855857849121,0.180252552032471,1,6.04347515106201,"train",1619,3,1.32037037037036
"1142",1,1,5.8175048828125,1192465.10428559,415442.148658976,"2020_2022",1.80552768707275,0.956227600574493,0.475929290056229,4.91536617279053,113.590431213379,15.056547164917,2.69379115104675,25.6025657653809,4.42644596099854,-0.0466117858886719,1,5.8175048828125,"train",1620,4,0.47852348993288
"1143",1,1,-2.73593640327454,1194076.63572373,415203.22020451,"2020_2022",1.8446341753006,1.17256355285645,0.368158996105194,6.19269132614136,114.180366516113,14.5020847320557,3.12745189666748,25.7687225341797,6.28290843963623,0.382425785064697,1,-2.73593640327454,"train",1621,4,0.47852348993288
"1144",1,1,-2.77668595314026,1179306.33296948,414997.162637022,"2020_2022",1.98868262767792,0.908328890800476,0.287557184696198,4.68311595916748,112.615661621094,15.0842304229736,2.12015581130981,25.4597015380859,17.3479537963867,3.49419856071472,1,-2.77668595314026,"train",1623,1,1.32037037037036
"1145",1,1,-2.09738087654114,1194081.51316987,415085.475097911,"2020_2022",1.84652960300446,1.17499876022339,0.376791656017303,6.20912504196167,114.217674255371,14.5087718963623,3.1375515460968,25.7539138793945,4.08411884307861,-0.228957056999207,1,-2.09738087654114,"train",1626,4,0.47852348993288
"1146",1,1,-0.13539519906044,1199536.13009525,415002.736982464,"2020_2022",1.80012035369873,1.2006344795227,0.556119561195374,6.10214233398438,114.49373626709,14.3768978118896,3.51529359817505,25.6174259185791,5.62819194793701,-0.419438272714615,1,-0.13539519906044,"train",1627,4,0.47852348993288
"1147",1,1,7.55159521102905,1185398.68444238,414154.50541402,"2020_2022",1.77905070781708,0.719858765602112,0.445769488811493,3.30107712745667,111.370986938477,15.6350898742676,2.15396022796631,25.5635356903076,14.562403678894,0.0624427795410156,1,7.55159521102905,"train",1628,1,1.32037037037036
"1148",1,1,15.9140090942383,1186080.05972124,414352.156762943,"2020_2022",1.77854335308075,0.77107846736908,0.44694322347641,3.59817481040955,111.079025268555,15.5785789489746,2.21348738670349,25.5748233795166,16.8645782470703,0.150726318359375,1,15.9140090942383,"train",1629,1,1.32037037037036
"1149",1,1,6.71198034286499,1186477.7148958,414592.202085772,"2020_2022",1.77857410907745,0.797930538654327,0.447077810764313,3.77540898323059,110.96395111084,15.5461950302124,2.24863529205322,25.5762882232666,21.5210151672363,0.0797204971313477,1,6.71198034286499,"train",1630,1,1.32037037037036
"1150",1,1,-0.27065047621727,1199693.70933169,414525.255375033,"2020_2022",1.803227186203,1.24649596214294,0.62654185295105,6.4570369720459,114.469367980957,14.1151514053345,3.49109959602356,25.8870849609375,10.8549432754517,0.310632616281509,1,-0.27065047621727,"train",1633,4,0.47852348993288
"1151",1,1,9.55168437957764,1185364.64552258,414124.344167553,"2020_2022",1.77886700630188,0.717781484127045,0.445626050233841,3.28870940208435,111.380081176758,15.6368732452393,2.15225124359131,25.5627727508545,14.0602617263794,0.0963029861450195,1,9.55168437957764,"train",1634,1,1.32037037037036
"1152",1,1,20.4792041778564,1189186.65656347,413858.728748855,"2020_2022",1.72526001930237,0.705142617225647,0.396837800741196,3.14016008377075,111.911262512207,15.4959030151367,2.18514704704285,25.688196182251,9.39111137390137,0.945100784301758,1,20.4792041778564,"train",1635,3,1.32037037037036
"1153",1,1,0.674026429653168,1197782.60463083,413821.176251111,"2020_2022",1.82754325866699,1.32432341575623,0.29229673743248,7.25989818572998,114.255477905273,13.9945383071899,3.25136590003967,26.2118110656738,14.7937679290771,-0.82225626707077,1,0.674026429653168,"train",1636,1,1.32037037037036
"1154",1,1,-4.38771295547485,1199311.26625536,413708.881106151,"2020_2022",1.80984437465668,1.32452356815338,0.585448801517487,7.02874088287354,114.512733459473,13.7229709625244,3.43106126785278,26.287956237793,18.0594940185547,-0.171880722045898,1,-4.38771295547485,"train",1637,1,1.32037037037036
"1155",1,1,7.7978048324585,1188981.98788027,413432.219423086,"2020_2022",1.72157561779022,0.713163614273071,0.356887191534042,3.15832996368408,111.740188598633,15.473385810852,2.15245246887207,25.746898651123,13.3930921554565,-2.34100532531738,1,7.7978048324585,"train",1638,1,1.32037037037036
"1156",1,1,2.88506507873535,1198385.47931246,413361.705379994,"2020_2022",1.8256448507309,1.33629143238068,0.499102801084518,7.23954582214355,114.492462158203,13.824179649353,3.29805159568787,26.3237171173096,16.143949508667,-0.137523174285889,1,2.88506507873535,"train",1639,1,1.32037037037036
"1157",1,1,-0.0366608574986458,1199320.71337129,413630.846993042,"2020_2022",1.81023633480072,1.32950401306152,0.589118540287018,7.06430149078369,114.519226074219,13.6980028152466,3.42616629600525,26.3143119812012,13.1638736724854,0.0848623737692833,1,-0.0366608574986458,"train",1640,4,0.47852348993288
"1158",1,1,8.56269836425781,1198823.74008601,413114.694530843,"2020_2022",1.82161629199982,1.34231567382812,0.561415255069733,7.18329334259033,114.535049438477,13.6970596313477,3.35506319999695,26.3774166107178,9.2265567779541,-0.15629768371582,1,8.56269836425781,"train",1641,4,0.47852348993288
"1159",1,1,-3.17664790153503,1181322.8420723,412197.773649964,"2020_2022",1.91438746452332,0.878664195537567,0.211392536759377,4.46731328964233,112.085166931152,15.0808200836182,2.16501665115356,25.7099208831787,11.3553876876831,-0.56473183631897,1,-3.17664790153503,"train",1643,1,1.32037037037036
"1160",1,1,4.20331382751465,1182756.152979,412582.533246041,"2020_2022",1.84543585777283,0.73375529050827,0.286434859037399,3.49762868881226,113.090522766113,15.3636846542358,2.14216637611389,25.5872497558594,6.04937028884888,-1.01434469223022,1,4.20331382751465,"train",1644,3,1.32037037037036
"1161",1,1,2.57049083709717,1196420.50300428,412296.712900638,"2020_2022",1.84429967403412,1.23472046852112,0.565869033336639,6.53913259506226,113.751487731934,14.2918605804443,3.19817543029785,25.9276638031006,7.78143644332886,-1.52193546295166,1,2.57049083709717,"train",1645,4,0.47852348993288
"1162",1,1,0.330852061510086,1196507.3209896,412328.374375367,"2020_2022",1.84327304363251,1.23966038227081,0.564503908157349,6.57280683517456,113.764175415039,14.2790975570679,3.20631289482117,25.9367733001709,1.52751195430756,-0.313047796487808,1,0.330852061510086,"train",1646,4,0.47852348993288
"1163",1,1,-2.52209043502808,1181429.92594349,412075.238878702,"2020_2022",1.89890849590302,0.856500744819641,0.22050116956234,4.31694650650024,112.116111755371,15.1338357925415,2.15513634681702,25.6940860748291,13.3727388381958,1.6060209274292,1,-2.52209043502808,"train",1647,1,1.32037037037036
"1164",1,1,-7.55714416503906,1181612.67090524,411956.116119982,"2020_2022",1.88020503520966,0.827802181243896,0.240974962711334,4.12294149398804,112.115364074707,15.2062692642212,2.13749265670776,25.678129196167,14.641619682312,1.33022212982178,1,-7.55714416503906,"train",1648,1,1.32037037037036
"1165",1,1,-4.27198696136475,1192823.48012888,411671.624788466,"2020_2022",1.86899566650391,1.1986711025238,0.38625106215477,6.4400897026062,114.036422729492,14.2829484939575,2.76257419586182,26.2563781738281,20.1032238006592,0.670172691345215,1,-4.27198696136475,"train",1650,1,1.32037037037036
"1166",1,1,3.84317302703857,1197722.39898724,411691.245120082,"2020_2022",1.83202600479126,1.27252995967865,0.542531251907349,6.73683786392212,114.250846862793,14.0531997680664,3.25453615188599,26.1267547607422,0.924644649028778,-2.52231168746948,1,3.84317302703857,"train",1651,4,0.47852348993288
"1167",1,1,1.27300643920898,1191349.28652839,411491.45184494,"2020_2022",1.86197030544281,1.18993759155273,0.390678077936172,6.40031957626343,113.060302734375,14.2177591323853,2.64120244979858,26.4285011291504,4.00118017196655,0.120102047920227,1,1.27300643920898,"train",1652,4,0.47852348993288
"1168",1,1,1.49066078662872,1191784.42231933,411141.862577545,"2020_2022",1.85022187232971,1.23912441730499,0.358772367238998,6.74480056762695,113.433067321777,14.1032180786133,2.68938255310059,26.5148506164551,2.68104267120361,-0.557071328163147,1,1.49066078662872,"train",1653,4,0.47852348993288
"1169",1,1,0.695874989032745,1192898.05233936,411479.463666596,"2020_2022",1.86324286460876,1.20707857608795,0.36971327662468,6.49731969833374,113.94441986084,14.2720546722412,2.75466060638428,26.2879734039307,4.46489334106445,-3.34456324577332,1,0.695874989032745,"train",1655,4,0.47852348993288
"1170",1,1,1.51734280586243,1194285.03448481,411425.897201212,"2020_2022",1.86166930198669,1.16862893104553,0.663568735122681,6.10288715362549,113.401527404785,14.3796491622925,2.87042260169983,26.0638866424561,15.1205282211304,-0.0524892807006836,1,1.51734280586243,"train",1656,1,1.32037037037036
"1171",1,1,2.20331168174744,1196957.64661866,411337.502390394,"2020_2022",1.84266436100006,1.2371506690979,0.613023102283478,6.52030992507935,113.878547668457,14.2078084945679,3.20130586624146,26.010763168335,4.660719871521,-0.189216375350952,1,2.20331168174744,"train",1657,4,0.47852348993288
"1172",1,1,-7.01221561431885,1196981.25009319,411202.447932497,"2020_2022",1.84293353557587,1.23818862438202,0.618523895740509,6.54080724716187,113.928924560547,14.198727607727,3.19090819358826,26.0266876220703,3.65114593505859,-1.92553234100342,1,-7.01221561431885,"train",1658,4,0.47852348993288
"1173",1,1,7.40810918807983,1197566.04565898,411158.62539643,"2020_2022",1.83537483215332,1.26939868927002,0.594005167484283,6.76713705062866,114.262084960938,14.0614242553711,3.21643805503845,26.1454486846924,7.10538625717163,-0.131457328796387,1,7.40810918807983,"train",1659,4,0.47852348993288
"1174",1,1,12.6081600189209,1199666.26067534,411445.398243211,"2020_2022",1.8116500377655,1.373779296875,0.623989164829254,7.54345226287842,114.553932189941,13.5782890319824,3.32206058502197,26.5131282806396,10.1292743682861,-0.566672325134277,1,12.6081600189209,"train",1660,4,0.47852348993288
"1175",1,1,-2.8370099067688,1192436.68602127,410873.822211164,"2020_2022",1.86034083366394,1.31019532680511,0.220858663320541,7.21097660064697,113.810943603516,13.9900417327881,2.73188233375549,26.5913543701172,9.46750926971436,0.806989669799805,1,-2.8370099067688,"train",1662,4,0.47852348993288
"1176",1,1,1.56017482280731,1192466.69779439,410863.667518217,"2020_2022",1.85986864566803,1.31164753437042,0.216552272439003,7.21977996826172,113.83317565918,13.994668006897,2.7333984375,26.5894336700439,10.1007432937622,0.340469121932983,1,1.56017482280731,"train",1663,4,0.47852348993288
"1177",1,1,-0.346287548542023,1194116.34446846,411027.280488195,"2020_2022",1.85793268680573,1.19096922874451,0.630315661430359,6.29186630249023,113.348617553711,14.326343536377,2.85864448547363,26.1527576446533,17.6857395172119,0.842258155345917,1,-0.346287548542023,"train",1664,1,1.32037037037036
"1178",1,1,4.46618223190308,1196235.95198549,410794.604861926,"2020_2022",1.85572528839111,1.19848573207855,0.639010310173035,6.28803825378418,113.697303771973,14.3508834838867,3.08621978759766,25.9415187835693,3.86471366882324,0.0289692878723145,1,4.46618223190308,"train",1665,4,0.47852348993288
"1179",1,1,5.92684125900269,1197729.93397848,411093.932857287,"2020_2022",1.83387744426727,1.27966272830963,0.591161131858826,6.84857273101807,114.381385803223,14.0161561965942,3.21947240829468,26.1877555847168,4.07773160934448,-0.0157556533813477,1,5.92684125900269,"train",1667,4,0.47852348993288
"1180",1,1,1.5099686384201,1197985.71180341,410711.30590421,"2020_2022",1.83451449871063,1.29698610305786,0.630510032176971,7.01300430297852,114.447402954102,13.9359998703003,3.21130466461182,26.2696933746338,8.23034763336182,0.0240988731384277,1,1.5099686384201,"train",1668,4,0.47852348993288
"1181",1,1,-3.20807075500488,1191950.91074828,410493.861968814,"2020_2022",1.81824314594269,1.26550781726837,0.241466462612152,6.90369129180908,113.421539306641,14.1570634841919,2.70262217521667,26.5281009674072,4.72746753692627,-1.00804424285889,1,-3.20807075500488,"train",1669,4,0.47852348993288
"1182",1,1,6.82148313522339,1192830.56561835,410471.582303095,"2020_2022",1.85219788551331,1.31483912467957,0.324133783578873,7.22368955612183,113.52906036377,14.0748424530029,2.75362586975098,26.53125,7.91649627685547,0.20189905166626,1,6.82148313522339,"train",1671,4,0.47852348993288
"1183",1,1,7.99642419815063,1193521.41094635,410407.832094022,"2020_2022",1.83172023296356,1.26101458072662,0.492880582809448,6.83938026428223,113.344429016113,14.3171787261963,2.76302123069763,26.3538932800293,4.96065521240234,-0.350686550140381,1,7.99642419815063,"train",1673,4,0.47852348993288
"1184",1,1,2.48745369911194,1194411.74189233,410244.648921238,"2020_2022",1.86523354053497,1.22336554527283,0.653255879878998,6.48337554931641,113.309730529785,14.1930170059204,2.88994789123535,26.2410106658936,3.21947121620178,-0.193177223205566,1,2.48745369911194,"train",1674,4,0.47852348993288
"1185",1,1,6.49412488937378,1196172.48692805,410623.438347112,"2020_2022",1.85746026039124,1.20078277587891,0.629399418830872,6.30805349349976,113.766288757324,14.3413743972778,3.07246041297913,25.9615745544434,8.88211345672607,-0.222208499908447,1,6.49412488937378,"train",1675,4,0.47852348993288
"1186",1,1,6.23592901229858,1196945.24966604,410451.502697984,"2020_2022",1.84767425060272,1.24502122402191,0.630361497402191,6.66641855239868,114.038276672363,14.1552534103394,3.1289632320404,26.1105899810791,6.59066390991211,-0.61814022064209,1,6.23592901229858,"train",1676,4,0.47852348993288
"1187",1,1,3.50346684455872,1196973.7858457,410453.034051072,"2020_2022",1.84733533859253,1.24655675888062,0.630302786827087,6.67843008041382,114.04222869873,14.149224281311,3.13053226470947,26.1155681610107,8.13232517242432,-0.456351280212402,1,3.50346684455872,"train",1677,4,0.47852348993288
"1188",1,1,2.50583672523499,1197873.14646977,410266.366882402,"2020_2022",1.83585095405579,1.29453992843628,0.674181997776031,7.02849531173706,114.468017578125,13.9324922561646,3.18011212348938,26.2927875518799,6.83913278579712,0.024078369140625,1,2.50583672523499,"train",1678,4,0.47852348993288
"1189",1,1,0.0278649870306253,1198279.77257166,410384.474435075,"2020_2022",1.8310626745224,1.31505465507507,0.690845429897308,7.15049695968628,114.515251159668,13.8571872711182,3.21051168441772,26.3434963226318,3.41259431838989,-0.764567613601685,1,0.0278649870306253,"train",1679,4,0.47852348993288
"1190",1,1,-0.0263719148933887,1191894.77351468,409943.075593541,"2020_2022",1.70636093616486,1.16830015182495,0.241620883345604,6.26965856552124,112.616065979004,14.5200510025024,2.69802355766296,26.4043025970459,1.87100684642792,-0.00455798022449017,1,-0.0263719148933887,"train",1681,3,1.32037037037036
"1191",1,1,0.522318601608276,1191997.70178629,409981.70029162,"2020_2022",1.74936282634735,1.20394539833069,0.245828554034233,6.49075794219971,112.681091308594,14.4151945114136,2.70654726028442,26.4253482818604,5.20573282241821,4.13060188293457e-05,1,0.522318601608276,"train",1682,3,1.32037037037036
"1192",1,1,2.04569697380066,1194930.39375644,409658.947851443,"2020_2022",1.87391817569733,1.23458135128021,0.675663530826569,6.51247119903564,113.499450683594,14.1870603561401,2.93128895759583,26.2034931182861,7.43208646774292,0.2347651720047,1,2.04569697380066,"train",1686,4,0.47852348993288
"1193",1,1,-7.22740030288696,1194967.46449045,409814.466898579,"2020_2022",1.87284004688263,1.22927856445312,0.674154162406921,6.46469879150391,113.496635437012,14.214430809021,2.93468189239502,26.1764278411865,5.05336093902588,-2.64130544662476,1,-7.22740030288696,"train",1687,4,0.47852348993288
"1194",1,1,9.25737285614014,1197391.32910808,409725.80851191,"2020_2022",1.8472648859024,1.26963233947754,0.641777575016022,6.91088342666626,113.992637634277,14.0324192047119,3.10857629776001,26.2471504211426,9.89381217956543,-0.223515510559082,1,9.25737285614014,"train",1688,4,0.47852348993288
"1195",1,1,-2.44050621986389,1199096.99822473,409829.919221559,"2020_2022",1.8214316368103,1.37861680984497,0.65691864490509,7.67594957351685,114.742652893066,13.5755310058594,3.20587420463562,26.6066989898682,7.11501741409302,-0.567991256713867,1,-2.44050621986389,"train",1690,4,0.47852348993288
"1196",1,1,3.99949717521667,1199618.6058799,409656.231820369,"2020_2022",1.81638014316559,1.42226922512054,0.767773330211639,8.09505367279053,115.085914611816,13.3520021438599,3.17854881286621,26.8273887634277,3.670330286026,-0.0375654697418213,1,3.99949717521667,"train",1691,4,0.47852348993288
"1197",1,1,-0.174074590206146,1200898.52389791,409994.03841492,"2020_2022",1.80795347690582,1.48958170413971,0.779215574264526,8.67053127288818,114.945182800293,13.158374786377,3.18378353118896,27.0029067993164,1.86595678329468,-0.794914484024048,1,-0.174074590206146,"train",1692,4,0.47852348993288
"1198",1,1,10.2998733520508,1200995.0537554,409943.941485434,"2020_2022",1.80843496322632,1.50391519069672,0.777677893638611,8.82060813903809,114.923027038574,13.1174926757812,3.16996765136719,27.051248550415,9.414719581604,-0.119183540344238,1,10.2998733520508,"train",1693,4,0.47852348993288
"1199",1,1,4.12051439285278,1193363.12549472,409522.31436904,"2020_2022",1.85498249530792,1.2665091753006,0.427538454532623,6.84039926528931,113.153137207031,14.1571283340454,2.80431008338928,26.3993091583252,5.62326908111572,-0.00254106521606445,1,4.12051439285278,"train",1694,4,0.47852348993288
"1200",1,1,5.12837266921997,1194108.55466754,409293.970097687,"2020_2022",1.87686026096344,1.26622951030731,0.596470832824707,6.81509780883789,113.395576477051,13.9977178573608,2.88409948348999,26.4294261932373,6.27976751327515,-0.0347213745117188,1,5.12837266921997,"train",1696,4,0.47852348993288
"1201",1,1,-0.235259532928467,1196048.6192296,409217.169160498,"2020_2022",1.87051284313202,1.22701406478882,0.600994408130646,6.52364492416382,113.985153198242,14.2378463745117,2.99494004249573,26.1175842285156,4.44875478744507,-0.471842229366302,1,-0.235259532928467,"train",1697,4,0.47852348993288
"1202",1,1,-2.44413995742798,1196484.23014965,409155.084647928,"2020_2022",1.87030816078186,1.24864280223846,0.594212412834167,6.72386407852173,113.955284118652,14.1610317230225,3.02347087860107,26.1723766326904,4.50060510635376,-0.57170832157135,1,-2.44413995742798,"train",1698,4,0.47852348993288
"1203",1,1,4.62249040603638,1198327.15820532,409325.270874722,"2020_2022",1.83689379692078,1.32427752017975,0.643573105335236,7.29286336898804,114.477691650391,13.7929067611694,3.13673639297485,26.456033706665,23.1761302947998,-1.21347665786743,1,4.62249040603638,"train",1700,1,1.32037037037036
"1204",1,1,0.862645506858826,1199566.43249812,409282.8394514,"2020_2022",1.81765675544739,1.45021569728851,0.726476967334747,8.40844058990479,115.33519744873,13.1980209350586,3.11067938804626,27.0137062072754,4.65160322189331,0.170730650424957,1,0.862645506858826,"train",1702,4,0.47852348993288
"1205",1,1,3.39611124992371,1200458.62201959,409185.231371971,"2020_2022",1.81194818019867,1.47835302352905,0.770176947116852,8.58307552337646,115.181190490723,13.1766376495361,3.15265345573425,27.0046195983887,7.52773094177246,-0.0407013893127441,1,3.39611124992371,"train",1703,4,0.47852348993288
"1206",1,1,5.30455923080444,1200539.84768619,409158.774598784,"2020_2022",1.81339418888092,1.48094499111176,0.764435946941376,8.60109996795654,115.175018310547,13.180157661438,3.15594100952148,27.0001049041748,12.8383083343506,0.363541126251221,1,5.30455923080444,"train",1704,4,0.47852348993288
"1207",1,1,-8.82282638549805,1196870.06661352,408715.973263357,"2020_2022",1.86963021755219,1.27488207817078,0.569044828414917,6.96372604370117,113.942329406738,14.0876588821411,3.03279685974121,26.2469005584717,17.7698879241943,1.03976917266846,1,-8.82282638549805,"train",1707,1,1.32037037037036
"1208",1,1,-1.49499452114105,1198343.23545226,409100.902772744,"2020_2022",1.83691203594208,1.3307614326477,0.604541122913361,7.36359453201294,114.491180419922,13.7683229446411,3.12078309059143,26.4899311065674,6.92504358291626,-0.403990149497986,1,-1.49499452114105,"train",1709,4,0.47852348993288
"1209",1,1,0.172353982925415,1199215.93663021,408888.650372887,"2020_2022",1.82527053356171,1.42645764350891,0.505526006221771,8.21391296386719,114.915901184082,13.356484413147,3.0792350769043,26.9033584594727,13.941801071167,-0.579533398151398,1,0.172353982925415,"train",1710,4,0.47852348993288
"1210",1,1,3.56707501411438,1200410.36288672,408890.047056335,"2020_2022",1.81182551383972,1.48809885978699,0.73876303434372,8.69429016113281,115.108665466309,13.126368522644,3.1248025894165,27.0693035125732,18.6296939849854,0.179525375366211,1,3.56707501411438,"train",1711,1,1.32037037037036
"1211",1,1,-0.800554037094116,1201092.04440435,409027.900141513,"2020_2022",1.81425857543945,1.5330798625946,0.759425520896912,9.1458740234375,115.04216003418,13.0511646270752,3.11263537406921,27.1519203186035,0.490670502185822,-0.537465691566467,1,-0.800554037094116,"train",1713,4,0.47852348993288
"1212",1,1,2.41075587272644,1197339.34183834,408167.088868776,"2020_2022",1.86472225189209,1.29035198688507,0.539467453956604,7.08993721008301,113.896530151367,14.0650796890259,3.03907012939453,26.2760047912598,2.43837881088257,-0.0448453426361084,1,2.41075587272644,"train",1715,4,0.47852348993288
"1213",1,1,-3.00764799118042,1192455.19269551,407737.291737449,"2020_2022",1.78825259208679,1.2317590713501,0.339345246553421,6.69522619247437,112.611099243164,14.2600317001343,2.7676956653595,26.4777793884277,0.499192088842392,0,1,-3.00764799118042,"train",1717,4,0.47852348993288
"1214",1,1,-3.00764799118042,1192493.05371253,407661.117723832,"2020_2022",1.79063427448273,1.23174500465393,0.343469858169556,6.69268608093262,112.57421875,14.251540184021,2.76897716522217,26.4734363555908,1.10460889339447,-0.185016870498657,1,-3.00764799118042,"train",1718,4,0.47852348993288
"1215",1,1,8.45544719696045,1197470.41043263,408069.718619514,"2020_2022",1.86337578296661,1.29801428318024,0.543595910072327,7.16288900375366,113.812835693359,14.0503540039062,3.04050397872925,26.2959175109863,2.17881846427917,0.000623703002929688,1,8.45544719696045,"train",1720,4,0.47852348993288
"1216",1,1,16.3617916107178,1199447.27787053,406318.11893805,"2020_2022",1.85956656932831,1.38515937328339,0.583274662494659,7.93379306793213,114.52367401123,13.7960577011108,3.00180196762085,26.590503692627,1.01564848423004,-0.176153182983398,1,16.3617916107178,"train",1722,4,0.47852348993288
"1217",1,1,14.0956878662109,1199514.72979529,406291.758280868,"2020_2022",1.85885345935822,1.38750386238098,0.586553156375885,7.9523754119873,114.516242980957,13.7858743667603,3.00170707702637,26.6000080108643,5.3766884803772,-0.0480308532714844,1,14.0956878662109,"train",1723,4,0.47852348993288
"1218",1,1,4.70508575439453,1200121.66335449,405961.617296606,"2020_2022",1.85770416259766,1.41357421875,0.618019819259644,8.19018173217773,114.406120300293,13.7049427032471,2.99282670021057,26.6838970184326,18.1052570343018,-0.117525577545166,1,4.70508575439453,"train",1725,1,1.32037037037036
"1219",1,1,-0.534943044185638,1200434.03078248,405621.385950342,"2020_2022",1.85731649398804,1.42174124717712,0.625719010829926,8.27041912078857,114.394989013672,13.6851606369019,2.98355579376221,26.7094631195068,14.8608160018921,1.06718254089355,1,-0.534943044185638,"train",1727,1,1.32037037037036
"1220",1,1,-0.139130935072899,1200547.77531911,405599.516228007,"2020_2022",1.85623407363892,1.4279123544693,0.639791965484619,8.3230676651001,114.393020629883,13.663646697998,2.9827938079834,26.7297306060791,9.60212135314941,0.065369114279747,1,-0.139130935072899,"train",1728,4,0.47852348993288
"1221",1,1,6.23379802703857,1201432.3591923,405195.965619872,"2020_2022",1.84806752204895,1.47918879985809,0.713894546031952,8.76797580718994,114.430068969727,13.4558143615723,2.96467447280884,26.9288959503174,2.43009734153748,-0.199965000152588,1,6.23379802703857,"train",1729,4,0.47852348993288
"1222",1,1,7.38728141784668,1201543.96256351,405142.669750362,"2020_2022",1.84700906276703,1.48738586902618,0.72517341375351,8.83628845214844,114.469116210938,13.4194831848145,2.9622437953949,26.9630298614502,11.1933069229126,-0.40062952041626,1,7.38728141784668,"train",1730,4,0.47852348993288
"1223",1,1,7.09665107727051,1196383.84081566,404672.563776125,"2020_2022",1.89392805099487,1.44824779033661,0.451830267906189,8.36533069610596,114.354209899902,13.388783454895,2.81072568893433,27.089241027832,4.06445217132568,-0.634111881256104,1,7.09665107727051,"train",1731,4,0.47852348993288
"1224",1,1,4.595383644104,1201069.217735,404535.502513946,"2020_2022",1.84971308708191,1.42282462120056,0.731925189495087,8.2977705001831,114.585906982422,13.6388788223267,2.95019817352295,26.7775192260742,4.57002258300781,-0.689621925354004,1,4.595383644104,"train",1733,4,0.47852348993288
"1225",1,1,6.27775382995605,1201724.25564117,404192.803007551,"2020_2022",1.84916424751282,1.45550394058228,0.79269289970398,8.56496715545654,114.64372253418,13.4986734390259,2.93149757385254,26.9145545959473,4.56660747528076,0.025294303894043,1,6.27775382995605,"train",1734,4,0.47852348993288
"1226",1,1,-5.00828790664673,1199679.93663434,403958.642882163,"2020_2022",1.83841955661774,1.3648134469986,0.586318492889404,7.96502161026001,114.643608093262,13.8380393981934,2.89586091041565,26.6892509460449,9.57266426086426,1.36416482925415,1,-5.00828790664673,"train",1735,4,0.47852348993288
"1227",1,1,14.4330062866211,1201849.97596074,404112.765620529,"2020_2022",1.84883606433868,1.46426618099213,0.801512598991394,8.63816261291504,114.665939331055,13.4608383178711,2.93057465553284,26.9482803344727,2.95371794700623,0.00566864013671875,1,14.4330062866211,"train",1737,4,0.47852348993288
"1228",1,1,-2.86834907531738,1200626.93895032,403355.413907945,"2020_2022",1.84537672996521,1.38469529151917,0.696415185928345,8.07581520080566,114.639915466309,13.7713222503662,2.91259813308716,26.715705871582,11.2933044433594,1.86275148391724,1,-2.86834907531738,"train",1738,4,0.47852348993288
"1229",1,1,-2.83341932296753,1201253.70426616,402850.015753415,"2020_2022",1.8528003692627,1.44491040706635,0.659131586551666,8.5210075378418,114.892105102539,13.4756269454956,2.90372443199158,26.9554958343506,17.4686813354492,2.92275524139404,1,-2.83341932296753,"train",1739,1,1.32037037037036
"1230",1,1,0.948205173015594,1201864.13860744,402167.816706753,"2020_2022",1.85720038414001,1.49809014797211,0.837062656879425,8.90853691101074,115.059257507324,13.2582263946533,2.88134074211121,27.1618747711182,3.45311045646667,-0.300023972988129,1,0.948205173015594,"train",1740,4,0.47852348993288
"1231",1,1,-0.892881155014038,1198745.34689852,402127.083452174,"2020_2022",1.90139222145081,1.53670382499695,0.275821030139923,9.04322814941406,115.172714233398,13.025803565979,2.75225138664246,27.5240154266357,2.33245658874512,-0.112331807613373,1,-0.892881155014038,"train",1741,4,0.47852348993288
"1232",1,1,12.1446895599365,1195264.54055982,401210.881654862,"2020_2022",1.89961445331573,1.36490595340729,0.367803812026978,7.73718929290771,114.13362121582,13.5336570739746,2.76289200782776,27.0479164123535,7.62418127059937,0.0307245254516602,1,12.1446895599365,"train",1742,4,0.47852348993288
"1233",1,1,2.11232542991638,1196950.13450862,401216.690502314,"2020_2022",1.90276658535004,1.57384634017944,0.43796569108963,9.37973690032959,114.73949432373,13.0583200454712,2.75533270835876,27.5416660308838,1.08456695079803,0.000516414642333984,1,2.11232542991638,"train",1743,4,0.47852348993288
"1234",1,1,3.58554863929749,1197043.08088536,401146.651693966,"2020_2022",1.90379226207733,1.57576048374176,0.475993812084198,9.39014720916748,114.685256958008,13.0501585006714,2.75962519645691,27.5374431610107,0.683321833610535,-0.00312614440917969,1,3.58554863929749,"train",1744,4,0.47852348993288
"1235",1,1,2.05725812911987,1199386.92884466,401166.828727257,"2020_2022",1.89873325824738,1.58085918426514,0.284409463405609,9.44951915740967,115.435661315918,12.9624443054199,2.73281216621399,27.6355285644531,0.357706993818283,0.0075080394744873,1,2.05725812911987,"train",1745,4,0.47852348993288
"1236",1,1,1.07041132450104,1199555.94629733,401255.200807464,"2020_2022",1.89805364608765,1.5910838842392,0.280854910612106,9.54430675506592,115.547920227051,12.9590015411377,2.72957444190979,27.649829864502,0.487985193729401,0.00568723678588867,1,1.07041132450104,"train",1746,4,0.47852348993288
"1237",1,1,-0.266076743602753,1195419.30442565,401042.411163773,"2020_2022",1.90109503269196,1.38530349731445,0.28458172082901,7.89566230773926,114.284477233887,13.4659757614136,2.77063369750977,27.1080799102783,1.83812308311462,-0.133691504597664,1,-0.266076743602753,"train",1748,4,0.47852348993288
"1238",1,1,3.05721664428711,1196227.87546015,400671.346905285,"2020_2022",1.89706814289093,1.55454981327057,0.198803871870041,9.22732734680176,115.173309326172,13.1821365356445,2.75696396827698,27.4851417541504,0.785043895244598,0.000485897064208984,1,3.05721664428711,"train",1750,4,0.47852348993288
"1239",1,1,4.46089601516724,1199425.02643133,400976.202305708,"2020_2022",1.89860558509827,1.57883703708649,0.328392326831818,9.42666149139404,115.362983703613,12.9617404937744,2.72806572914124,27.6380729675293,0.877194166183472,0.0113296508789062,1,4.46089601516724,"train",1752,4,0.47852348993288
"1240",1,1,2.78534245491028,1199720.94488648,400682.492277299,"2020_2022",1.8962117433548,1.60770165920258,0.392889082431793,9.68821907043457,115.632064819336,12.9448881149292,2.71769022941589,27.6778011322021,1.19187295436859,0.00129818916320801,1,2.78534245491028,"train",1753,4,0.47852348993288
"1241",1,1,4.77397108078003,1201291.63580332,401109.012263083,"2020_2022",1.87063980102539,1.64685356616974,0.628752529621124,10.3752241134644,115.053726196289,12.8097076416016,2.79425120353699,27.6410121917725,10.1001615524292,-0.0225777626037598,1,4.77397108078003,"train",1755,4,0.47852348993288
"1242",1,1,3.11495637893677,1199823.99351125,400556.975649212,"2020_2022",1.89373528957367,1.61379027366638,0.464972674846649,9.7650728225708,115.635948181152,12.9207763671875,2.71902132034302,27.6874961853027,1.50938820838928,-0.0330991744995117,1,3.11495637893677,"train",1758,4,0.47852348993288
"1243",1,1,-0.421640843153,1200209.6547898,400428.667268203,"2020_2022",1.88592803478241,1.65155422687531,0.578027844429016,10.1964378356934,115.957244873047,12.8264827728271,2.72268867492676,27.7466621398926,3.39366412162781,0.0295730829238892,1,-0.421640843153,"train",1759,4,0.47852348993288
"1244",1,1,6.07004070281982,1200888.14422191,400171.250481267,"2020_2022",1.86914038658142,1.67681014537811,0.506392538547516,10.5611362457275,115.238967895508,12.717776298523,2.71903681755066,27.7997207641602,5.0728702545166,0.00983524322509766,1,6.07004070281982,"train",1760,4,0.47852348993288
"1245",1,1,1.16333758831024,1200329.59488344,400086.251637312,"2020_2022",1.88028192520142,1.65564513206482,0.557767271995544,10.2158298492432,115.547317504883,12.8027276992798,2.71251654624939,27.7701435089111,4.59946870803833,-0.221033096313477,1,1.16333758831024,"train",1761,4,0.47852348993288
"1246",1,1,7.75372982025146,1200535.64252164,400012.744428548,"2020_2022",1.87501323223114,1.66584372520447,0.514148592948914,10.3548784255981,115.404014587402,12.766713142395,2.71042013168335,27.7888488769531,3.53464198112488,-0.0464987754821777,1,7.75372982025146,"train",1762,4,0.47852348993288
"1247",1,1,-0.313649833202362,1201705.09544383,399395.945290726,"2020_2022",1.84317290782928,1.69146323204041,0.600682377815247,10.8402156829834,115.108108520508,12.5421504974365,2.70296549797058,27.9212226867676,6.68887138366699,-0.731229722499847,1,-0.313649833202362,"train",1764,4,0.47852348993288
"1248",1,1,16.7885913848877,1200453.24789147,398982.000068369,"2020_2022",1.85936141014099,1.66646385192871,0.393775194883347,10.3538637161255,114.907203674316,12.7025756835938,2.66767024993896,27.8684692382812,5.51815414428711,0.0320472717285156,1,16.7885913848877,"train",1765,4,0.47852348993288
"1249",1,1,3.41017413139343,1201230.6068604,398960.561432218,"2020_2022",1.84748828411102,1.71122694015503,0.323647767305374,10.9682922363281,115.458297729492,12.4967308044434,2.69228196144104,27.9869918823242,3.81953644752502,0.0545961856842041,1,3.41017413139343,"train",1767,4,0.47852348993288
"1250",1,1,0.68361896276474,1201824.2835373,398756.000928351,"2020_2022",1.84149563312531,1.6826057434082,0.794767558574677,10.7375831604004,115.4677734375,12.6506280899048,2.72103476524353,27.8451156616211,1.08725309371948,0.0647389888763428,1,0.68361896276474,"train",1768,4,0.47852348993288
"1251",1,1,3.47245907783508,1200697.66431419,398196.838488411,"2020_2022",1.85705006122589,1.69205057621002,0.394876897335052,10.6522512435913,115.00186920166,12.6552600860596,2.60630536079407,27.9925346374512,12.4218864440918,-0.386659860610962,1,3.47245907783508,"train",1770,4,0.47852348993288
"1252",1,1,8.19000434875488,1201621.36605994,397747.191618079,"2020_2022",1.84425389766693,1.71410012245178,0.608996987342834,11.0060796737671,115.350517272949,12.5688390731812,2.64443063735962,28.0004100799561,3.19967365264893,0.116606712341309,1,8.19000434875488,"train",1776,4,0.47852348993288
"1253",1,1,3.4179539680481,1202224.50886594,398139.707286669,"2020_2022",1.83448874950409,1.69371294975281,0.927647113800049,10.8192262649536,115.429626464844,12.5064296722412,2.68380665779114,27.9740409851074,5.36218023300171,0.100677490234375,1,3.4179539680481,"train",1777,4,0.47852348993288
"1254",1,1,8.2427453994751,1202755.30884788,397696.721088731,"2020_2022",1.82212257385254,1.65815711021423,0.967663109302521,10.4269552230835,115.48860168457,12.5908584594727,2.67572712898254,27.9050140380859,6.683021068573,-0.406777381896973,1,8.2427453994751,"train",1778,4,0.47852348993288
"1255",1,1,1.42460548877716,1195179.5269227,397202.656454612,"2020_2022",1.76589214801788,1.44967079162598,0.28360778093338,8.49831867218018,112.235122680664,13.5123386383057,2.73984479904175,27.36057472229,1.60465323925018,0.140331745147705,1,1.42460548877716,"train",1779,4,0.47852348993288
"1256",1,1,4.47308397293091,1201122.58308179,397470.80579727,"2020_2022",1.85652220249176,1.69631886482239,0.427361309528351,10.766674041748,115.105758666992,12.6901979446411,2.61061859130859,27.9598140716553,3.14352440834045,-0.14840841293335,1,4.47308397293091,"train",1780,4,0.47852348993288
"1257",1,1,3.77837657928467,1201502.76192193,397615.362324353,"2020_2022",1.84750282764435,1.7099940776825,0.548823297023773,10.9490852355957,115.25447845459,12.5996971130371,2.63105368614197,27.9947299957275,2.39172291755676,-1.03632068634033,1,3.77837657928467,"train",1781,4,0.47852348993288
"1258",1,1,21.9484252929688,1202432.2599822,396729.652528376,"2020_2022",1.83152067661285,1.69438862800598,0.791273057460785,10.8669090270996,115.108810424805,12.5405750274658,2.63628959655762,28.0090713500977,10.8355293273926,0.0582828521728516,1,21.9484252929688,"train",1783,4,0.47852348993288
"1259",1,1,12.0916404724121,1202508.98315874,396815.793873184,"2020_2022",1.82828044891357,1.69215667247772,0.854168713092804,10.8344554901123,115.176147460938,12.5277242660522,2.63841652870178,28.0115299224854,5.76457834243774,-1.35161018371582,1,12.0916404724121,"train",1784,4,0.47852348993288
"1260",1,1,5.64417409896851,1202999.00824434,397081.473191883,"2020_2022",1.8178699016571,1.65414774417877,0.971839010715485,10.3844881057739,115.503814697266,12.6024904251099,2.66744112968445,27.9032592773438,2.48785901069641,-0.216007232666016,1,5.64417409896851,"train",1785,4,0.47852348993288
"1261",1,1,0.562606334686279,1195096.75155724,396581.394608218,"2020_2022",1.70851194858551,1.41093146800995,0.196911841630936,8.19823360443115,112.117805480957,13.5794324874878,2.72821378707886,27.3733654022217,0.473150759935379,0.00253617763519287,1,0.562606334686279,"train",1786,2,1.71394230769229
"1262",1,1,8.3583927154541,1203786.74914213,395783.030473619,"2020_2022",1.81296539306641,1.6686977148056,0.86293238401413,10.4959077835083,115.635551452637,12.5278167724609,2.63459491729736,27.9848365783691,5.00474214553833,-0.635312080383301,1,8.3583927154541,"train",1789,4,0.47852348993288
"1263",1,1,18.7641181945801,1204138.52973559,395858.271012338,"2020_2022",1.81399762630463,1.67220735549927,0.90679121017456,10.4888744354248,115.691383361816,12.5654230117798,2.64699864387512,27.9440670013428,11.0898523330688,-0.0294609069824219,1,18.7641181945801,"train",1790,4,0.47852348993288
"1264",1,1,12.4126720428467,1198017.22380417,394175.711707316,"2020_2022",1.86301481723785,1.5324182510376,0.393863946199417,9.12112522125244,114.67317199707,13.4502515792847,2.58186483383179,27.5095157623291,8.16493797302246,0.110514640808105,1,12.4126720428467,"train",1792,4,0.47852348993288
"1265",1,1,0.993760943412781,1195356.34507696,393963.088526391,"2020_2022",1.31493175029755,1.08714973926544,0.174575507640839,5.71495723724365,111.447288513184,14.2624845504761,2.53958225250244,27.5536918640137,0.29771164059639,-0.0648765563964844,1,0.993760943412781,"train",1794,2,1.71394230769229
"1266",1,1,5.75640296936035,1198082.93022766,394099.364073042,"2020_2022",1.86338460445404,1.5359879732132,0.397165656089783,9.1511344909668,114.803886413574,13.4497861862183,2.57822418212891,27.515926361084,4.54965972900391,-0.205967426300049,1,5.75640296936035,"train",1795,4,0.47852348993288
"1267",1,1,3.5665647983551,1198620.95478524,394104.985381481,"2020_2022",1.86863577365875,1.5674614906311,0.420556098222733,9.41299724578857,115.077995300293,13.3812170028687,2.57395052909851,27.5646686553955,2.75390982627869,-0.856096029281616,1,3.5665647983551,"train",1796,4,0.47852348993288
"1268",1,1,5.67635297775269,1200409.33285373,393577.02007574,"2020_2022",1.86221587657928,1.63553082942963,0.470965176820755,10.0722522735596,115.445854187012,13.1204509735107,2.55959630012512,27.738639831543,3.20667004585266,-0.453117370605469,1,5.67635297775269,"train",1797,4,0.47852348993288
"1269",1,1,2.41208434104919,1196259.86088974,391698.795336592,"2020_2022",1.52009725570679,1.30150926113129,0.157508015632629,7.43726778030396,113.020492553711,14.0336561203003,2.46105432510376,27.5354099273682,0.411706775426865,-0.0149345397949219,1,2.41208434104919,"train",1798,2,1.71394230769229
"1270",1,1,0.919417917728424,1196925.02455544,391097.305193043,"2020_2022",1.65038299560547,1.39985573291779,0.185113966464996,8.19695663452148,113.369972229004,13.701642036438,2.53166222572327,27.5897731781006,1.70589184761047,-0.0536310076713562,1,0.919417917728424,"train",1799,2,1.71394230769229
"1271",1,1,2.20531034469604,1197188.89675918,391025.372508683,"2020_2022",1.7124103307724,1.42215013504028,0.183275610208511,8.36746311187744,113.486396789551,13.6117401123047,2.52974820137024,27.6005249023438,1.12798702716827,0.00767397880554199,1,2.20531034469604,"train",1800,4,0.47852348993288
"1272",1,1,2.9239706993103,1199363.27162204,390602.118382413,"2020_2022",1.8385181427002,1.51913225650787,0.388145983219147,9.06708812713623,113.974250793457,13.2787961959839,2.52701258659363,27.7231502532959,3.68796825408936,-1.24712562561035,1,2.9239706993103,"train",1801,4,0.47852348993288
"1273",1,1,-6.65891885757446,1199505.67174716,390344.710160896,"2020_2022",1.83726167678833,1.52616333961487,0.387396186590195,9.12546253204346,113.901916503906,13.265061378479,2.52329039573669,27.748664855957,13.5572738647461,0.730926513671875,1,-6.65891885757446,"train",1802,4,0.47852348993288
"1274",1,1,4.51216840744019,1201932.41520373,388647.136912368,"2020_2022",1.8286612033844,1.63474237918854,0.563467919826508,10.0871028900146,114.366775512695,13.0192260742188,2.49403071403503,27.9025650024414,4.32053661346436,-0.819587230682373,1,4.51216840744019,"train",1806,4,0.47852348993288
"1275",1,1,11.6331644058228,1201921.66506005,388475.904438485,"2020_2022",1.82925915718079,1.62931334972382,0.563920140266418,10.0311574935913,114.243896484375,13.0497999191284,2.49403166770935,27.8867130279541,3.52367877960205,-0.279799461364746,1,11.6331644058228,"train",1807,4,0.47852348993288
"1276",1,1,-4.09980821609497,1200927.23402998,387692.124339228,"2020_2022",1.8282071352005,1.60610127449036,0.500823616981506,9.89500904083252,113.380317687988,13.035080909729,2.48808860778809,27.9495811462402,12.3198928833008,2.74511623382568,1,-4.09980821609497,"train",1808,4,0.47852348993288
"1277",1,1,-2.59641742706299,1200979.18407763,387672.810842073,"2020_2022",1.82855105400085,1.60720610618591,0.5017329454422,9.89682388305664,113.410598754883,13.0360631942749,2.48947143554688,27.9452056884766,12.7326326370239,2.09509086608887,1,-2.59641742706299,"train",1809,4,0.47852348993288
"1278",1,1,-7.05586194992065,1201449.95135093,387140.887736499,"2020_2022",1.82047426700592,1.60710310935974,0.519675970077515,9.86797142028809,114.11597442627,13.0198450088501,2.47801423072815,27.9555377960205,11.5776033401489,1.58821821212769,1,-7.05586194992065,"train",1810,4,0.47852348993288
"1279",1,1,4.9032940864563,1201545.07284255,387170.013430245,"2020_2022",1.82504189014435,1.61363184452057,0.521791517734528,9.90103340148926,114.191749572754,13.0107488632202,2.48587489128113,27.9480686187744,1.83178353309631,0.54388952255249,1,4.9032940864563,"train",1811,4,0.47852348993288
"1280",1,1,-1.28342878818512,1202387.17421337,386141.810575677,"2020_2022",1.81234014034271,1.62836623191833,0.604909658432007,10.0396642684937,115.61255645752,12.8340101242065,2.47249507904053,28.0942668914795,11.3188142776489,0.27055287361145,1,-1.28342878818512,"train",1814,4,0.47852348993288
"1281",1,1,-3.02038860321045,1200759.48853617,385211.65793472,"2020_2022",1.62595844268799,1.36099743843079,0.134383037686348,8.84315872192383,114.883232116699,12.9923048019409,2.09271359443665,28.5666637420654,6.91210508346558,-0.319188833236694,1,-3.02038860321045,"train",1816,2,1.71394230769229
"1282",1,1,4.15671682357788,1202125.2392023,385431.122433567,"2020_2022",1.77411079406738,1.69590473175049,0.609434008598328,10.806173324585,116.438461303711,12.4067811965942,2.40119910240173,28.5188369750977,2.23339247703552,1.1057403087616,1,4.15671682357788,"train",1818,4,0.47852348993288
"1283",1,1,2.82637882232666,1202637.32278713,385462.093367374,"2020_2022",1.79423367977142,1.70536983013153,0.866246163845062,10.7494297027588,116.584564208984,12.3446168899536,2.41456270217896,28.4797763824463,4.82942771911621,-0.0139446258544922,1,2.82637882232666,"train",1819,4,0.47852348993288
"1284",1,1,-1.54937696456909,1200898.59431128,384669.204253386,"2020_2022",1.71240532398224,1.59923648834229,0.229190066456795,10.522931098938,115.672264099121,12.5199203491211,2.22584962844849,28.6755447387695,5.10174369812012,-0.528211951255798,1,-1.54937696456909,"train",1821,4,0.47852348993288
"1285",1,1,-2.41755628585815,1203677.85971929,384656.306380198,"2020_2022",1.74244225025177,1.74284183979034,0.652100563049316,11.3392686843872,117.443206787109,11.8955154418945,2.2965772151947,28.8335876464844,4.02216339111328,0.163050413131714,1,-2.41755628585815,"train",1823,4,0.47852348993288
"1286",1,1,-0.193190932273865,1204452.00080965,384693.114675117,"2020_2022",1.76332771778107,1.73388063907623,0.621378481388092,11.1551294326782,117.206916809082,12.1989240646362,2.39192795753479,28.5351390838623,5.71836519241333,-0.235551357269287,1,-0.193190932273865,"train",1824,4,0.47852348993288
"1287",1,1,-2.38698863983154,1204726.12262849,384671.945491286,"2020_2022",1.77104091644287,1.73423647880554,0.683515965938568,11.1562271118164,116.999954223633,12.2967014312744,2.42786192893982,28.4336490631104,3.13324189186096,-1.08227860927582,1,-2.38698863983154,"train",1825,4,0.47852348993288
"1288",1,1,-0.672899842262268,1200845.65157807,384541.400110792,"2020_2022",1.7196980714798,1.64596593379974,0.226000741124153,10.8554830551147,115.800788879395,12.4307241439819,2.23725271224976,28.7082958221436,4.13296890258789,-0.126120507717133,1,-0.672899842262268,"train",1826,4,0.47852348993288
"1289",1,1,1.61012864112854,1203410.18201116,384303.801104727,"2020_2022",1.73609936237335,1.78109383583069,0.619942784309387,11.9951467514038,117.42366027832,11.7145910263062,2.247971534729,29.0140438079834,5.63917589187622,-0.0753546953201294,1,1.61012864112854,"train",1827,4,0.47852348993288
"1290",1,1,-2.25866293907166,1204425.09616314,384616.966948269,"2020_2022",1.75976169109344,1.7424498796463,0.591691195964813,11.2796478271484,117.292259216309,12.1321983337402,2.37818908691406,28.5966911315918,0.957516551017761,-0.000757932662963867,1,-2.25866293907166,"train",1829,4,0.47852348993288
"1291",1,1,-4.06661939620972,1204520.06260941,384152.215573816,"2020_2022",1.75610017776489,1.78023040294647,0.486381411552429,11.8575782775879,117.455856323242,11.9830532073975,2.36049580574036,28.7312431335449,3.68196296691895,-0.283652305603027,1,-4.06661939620972,"train",1830,4,0.47852348993288
"1292",1,1,0.308255344629288,1203258.56054857,383678.684949325,"2020_2022",1.71941030025482,1.80706882476807,0.532940685749054,12.7027931213379,117.418212890625,11.531400680542,2.19547367095947,29.1897239685059,5.55847978591919,-0.122137695550919,1,0.308255344629288,"train",1832,4,0.47852348993288
"1293",1,1,-0.444244593381882,1203708.4741847,383654.407967505,"2020_2022",1.72809815406799,1.81452572345734,0.446765452623367,12.7150945663452,117.760520935059,11.5901126861572,2.22674465179443,29.1259670257568,4.4112343788147,-0.0544508099555969,1,-0.444244593381882,"train",1833,4,0.47852348993288
"1294",1,1,-0.265828162431717,1204867.19834205,383650.545794855,"2020_2022",1.74946653842926,1.76378524303436,0.516497552394867,11.8792963027954,117.106391906738,12.1223831176758,2.34398150444031,28.6989440917969,2.44194936752319,-0.0720629841089249,1,-0.265828162431717,"train",1834,4,0.47852348993288
"1295",1,1,3.15464854240417,1205523.30636909,383706.330597787,"2020_2022",1.77342963218689,1.7553653717041,0.798578798770905,11.4378862380981,116.756492614746,12.2086334228516,2.42818236351013,28.5059146881104,2.24100995063782,0.349490165710449,1,3.15464854240417,"train",1836,4,0.47852348993288
"1296",1,1,4.75383234024048,1201359.87274581,383161.100185235,"2020_2022",1.73635149002075,1.8202098608017,0.532145977020264,12.8238391876221,116.82933807373,11.7045049667358,2.18200588226318,29.1405544281006,3.0932514667511,-0.466240406036377,1,4.75383234024048,"train",1837,4,0.47852348993288
"1297",1,1,-1.5679212808609,1203842.00348506,383163.331398813,"2020_2022",1.70690560340881,1.80549812316895,0.370893001556396,13.0053768157959,117.632713317871,11.5859384536743,2.15864109992981,29.2320823669434,1.58283805847168,-0.0250893831253052,1,-1.5679212808609,"train",1839,4,0.47852348993288
"1298",1,1,-0.833237051963806,1205385.85516942,383309.631817974,"2020_2022",1.76451325416565,1.7895575761795,0.748331427574158,11.9911994934082,117.002029418945,12.0376653671265,2.38384580612183,28.6865882873535,2.53030896186829,0.0307794809341431,1,-0.833237051963806,"train",1841,4,0.47852348993288
"1299",1,1,6.67152404785156,1205682.00270846,383149.897726175,"2020_2022",1.759401679039,1.7874071598053,0.920224785804749,12.0248117446899,116.794364929199,11.9869337081909,2.37063527107239,28.7232208251953,3.30960559844971,0.105931758880615,1,6.67152404785156,"train",1842,4,0.47852348993288
"1300",1,1,0.538535535335541,1193483.28993196,382657.234122937,"2020_2022",0.943839848041534,0.32054677605629,0.0722303092479706,1.38772141933441,110.248054504395,15.128191947937,1.06405103206635,29.9625053405762,1.26376664638519,-0.0443854928016663,1,0.538535535335541,"train",1844,2,1.71394230769229
"1301",1,1,2.70437026023865,1200278.74324518,382776.389044461,"2020_2022",1.64228940010071,1.66131329536438,0.305785059928894,11.6786117553711,115.226608276367,12.1969165802002,2.09160327911377,29.0825519561768,4.35594987869263,0.337902307510376,1,2.70437026023865,"train",1845,4,0.47852348993288
"1302",1,1,-0.836148738861084,1200673.05459985,382862.818803514,"2020_2022",1.71950912475586,1.78622102737427,0.491281479597092,12.6274290084839,116.128753662109,11.8410892486572,2.15813207626343,29.1220741271973,2.43029141426086,-0.00584173202514648,1,-0.836148738861084,"train",1846,4,0.47852348993288
"1303",1,1,3.77129554748535,1201448.14907071,383138.971848688,"2020_2022",1.7329843044281,1.81990504264832,0.54752779006958,12.7869453430176,116.90478515625,11.6792306900024,2.17646265029907,29.1580944061279,4.05629730224609,-1.44370794296265,1,3.77129554748535,"train",1847,4,0.47852348993288
"1304",1,1,2.93352222442627,1205943.2891191,382788.562690539,"2020_2022",1.73668432235718,1.80397605895996,1.08620417118073,12.5001239776611,116.913581848145,11.7457675933838,2.29284620285034,28.9491386413574,6.02197027206421,-0.793417692184448,1,2.93352222442627,"train",1851,4,0.47852348993288
"1305",1,1,3.95701742172241,1188546.22535447,382373.933492885,"2020_2022",1.49544560909271,1.1919356584549,0.135503605008125,8.37432765960693,113.644187927246,12.5677185058594,1.45594930648804,29.8627243041992,2.03804898262024,-0.0938754081726074,1,3.95701742172241,"train",1852,2,1.71394230769229
"1306",1,1,-3.95285725593567,1190314.11452912,382221.240660667,"2020_2022",1.53140008449554,1.2932220697403,0.161477908492088,9.04707431793213,113.923889160156,12.3983707427979,1.5192379951477,29.8073444366455,7.50073719024658,0.645140409469604,1,-3.95285725593567,"train",1854,2,1.71394230769229
"1307",1,1,-0.187347516417503,1193238.3401808,382170.660675922,"2020_2022",1.09467196464539,0.499342054128647,0.0853063389658928,2.54614996910095,110.672378540039,14.408350944519,1.19047749042511,29.9228134155273,3.33772969245911,0.108395531773567,1,-0.187347516417503,"train",1857,2,1.71394230769229
"1308",1,1,1.6099591255188,1200631.5687751,382554.315735528,"2020_2022",1.6876974105835,1.77646660804749,0.525865137577057,12.8323392868042,115.896484375,11.8142757415771,2.10615801811218,29.2288684844971,1.99615788459778,-0.248384833335876,1,1.6099591255188,"train",1859,4,0.47852348993288
"1309",1,1,-0.453082621097565,1201932.98766361,382235.746561605,"2020_2022",1.706622838974,1.85928547382355,0.551258742809296,14.0023803710938,117.841896057129,11.3203840255737,2.09102892875671,29.4766025543213,5.77215623855591,0.277915775775909,1,-0.453082621097565,"train",1861,4,0.47852348993288
"1310",1,1,-3.00032091140747,1202866.4794878,382190.558027709,"2020_2022",1.70512473583221,1.84746062755585,0.678306758403778,13.772068977356,117.715995788574,11.323826789856,2.10770130157471,29.4414520263672,0.714343190193176,-0.262938976287842,1,-3.00032091140747,"train",1863,4,0.47852348993288
"1311",1,1,1.40567111968994,1203933.60391447,382632.701661366,"2020_2022",1.69100952148438,1.81278264522552,0.330536812543869,13.4152231216431,117.535095214844,11.4996776580811,2.1044614315033,29.3502254486084,3.90627288818359,0.00835156440734863,1,1.40567111968994,"train",1865,4,0.47852348993288
"1312",1,1,2.61622262001038,1191396.55721595,381866.04878011,"2020_2022",1.57050800323486,1.50862789154053,0.218427300453186,11.2604141235352,113.657585144043,12.1786289215088,1.59851431846619,29.8126258850098,11.7175168991089,1.42028522491455,1,2.61622262001038,"train",1871,2,1.71394230769229
"1313",1,1,0.861209094524384,1191613.41775061,381669.789774534,"2020_2022",1.59709572792053,1.6467547416687,0.255118012428284,12.6572027206421,114.029922485352,12.0025396347046,1.63188862800598,29.8225116729736,4.82733201980591,-2.34352159500122,1,0.861209094524384,"train",1872,2,1.71394230769229
"1314",1,1,3.97293710708618,1192890.86945373,381646.164942445,"2020_2022",1.47551357746124,1.3176566362381,0.165456905961037,9.70492839813232,113.154518127441,12.5423622131348,1.52982783317566,29.8554725646973,0.435394436120987,0.10714054107666,1,3.97293710708618,"train",1873,2,1.71394230769229
"1315",1,1,-0.941090762615204,1200441.09097902,382024.927485919,"2020_2022",1.66673719882965,1.7863541841507,0.39118629693985,13.5016889572144,115.75366973877,11.6897239685059,2.04385542869568,29.4000873565674,7.09000444412231,0.119105041027069,1,-0.941090762615204,"train",1874,4,0.47852348993288
"1316",1,1,1.26886427402496,1200553.85425639,381877.796615363,"2020_2022",1.6882050037384,1.83918035030365,0.406423479318619,14.1322002410889,116.055366516113,11.5099363327026,2.05083584785461,29.4781494140625,5.19143772125244,0.283239662647247,1,1.26886427402496,"train",1875,4,0.47852348993288
"1317",1,1,6.14810419082642,1201956.11570091,382114.772861507,"2020_2022",1.70531618595123,1.86227440834045,0.546468257904053,14.1188411712646,117.811004638672,11.3062925338745,2.08394432067871,29.4958992004395,11.103982925415,0.624684810638428,1,6.14810419082642,"train",1877,4,0.47852348993288
"1318",1,1,-0.63489431142807,1202145.26760197,382025.95111059,"2020_2022",1.70440518856049,1.86268019676208,0.564526796340942,14.1716871261597,117.88037109375,11.294581413269,2.08392024040222,29.5004940032959,3.3262140750885,-0.0495341420173645,1,-0.63489431142807,"train",1878,4,0.47852348993288
"1319",1,1,2.90424132347107,1203040.6514855,381992.220071868,"2020_2022",1.69961094856262,1.84808671474457,0.679380297660828,13.871488571167,117.65168762207,11.3150682449341,2.09859347343445,29.4567565917969,0.978644609451294,-1.65786528587341,1,2.90424132347107,"train",1880,4,0.47852348993288
"1320",1,1,7.09677171707153,1203691.76860252,381887.811617013,"2020_2022",1.69705176353455,1.8464937210083,0.524179339408875,13.6518497467041,117.345016479492,11.3840417861938,2.11405253410339,29.3936939239502,5.28758573532104,-0.74538516998291,1,7.09677171707153,"train",1881,4,0.47852348993288
"1321",1,1,3.67100381851196,1204455.97514591,382121.663844108,"2020_2022",1.69128394126892,1.83238136768341,0.494415789842606,13.705792427063,117.254989624023,11.4332265853882,2.10809183120728,29.3763332366943,4.07321548461914,0.239371538162231,1,3.67100381851196,"train",1882,4,0.47852348993288
"1322",1,1,4.46995782852173,1191685.75953614,381583.997476689,"2020_2022",1.60468173027039,1.68098759651184,0.268360823392868,12.9914283752441,114.157234191895,11.9481525421143,1.64213371276855,29.8235549926758,2.12057709693909,-0.397884845733643,1,4.46995782852173,"train",1885,2,1.71394230769229
"1323",1,1,0.0884996727108955,1192052.13490268,381372.603390425,"2020_2022",1.61514484882355,1.72810351848602,0.290570944547653,13.4517755508423,114.347900390625,11.8498344421387,1.65735447406769,29.8291168212891,6.39733839035034,-0.453679263591766,1,0.0884996727108955,"train",1886,2,1.71394230769229
"1324",1,1,0.933093786239624,1192640.04331077,381496.389154799,"2020_2022",1.57880222797394,1.61563944816589,0.197580397129059,12.4626007080078,114.040016174316,12.0266561508179,1.62714576721191,29.839334487915,6.18942832946777,0.111159026622772,1,0.933093786239624,"train",1887,2,1.71394230769229
"1325",1,1,-2.60497498512268,1193913.81375906,381162.099149913,"2020_2022",1.60488188266754,1.69337809085846,0.255072206258774,13.1475429534912,114.364067077637,11.829252243042,1.66789090633392,29.849723815918,2.64897394180298,-4.4111156463623,1,-2.60497498512268,"train",1888,2,1.71394230769229
"1326",1,1,-1.11380505561829,1200735.65201585,381263.129720309,"2020_2022",1.6678524017334,1.86150825023651,0.43876650929451,15.0772466659546,116.397117614746,11.2545509338379,1.97208511829376,29.7175216674805,10.413688659668,-1.87042880058289,1,-1.11380505561829,"train",1889,4,0.47852348993288
"1327",1,1,3.46400237083435,1193439.34705959,381024.973446632,"2020_2022",1.62419927120209,1.72031462192535,0.280912399291992,13.3591499328613,114.482208251953,11.7701053619385,1.68025779724121,29.8260059356689,4.75353670120239,-2.37148070335388,1,3.46400237083435,"train",1890,2,1.71394230769229
"1328",1,1,6.39492321014404,1193644.74394545,381057.508051469,"2020_2022",1.61527037620544,1.69315183162689,0.276992857456207,13.0934896469116,114.380088806152,11.8250102996826,1.67184865474701,29.8266048431396,5.8105206489563,-0.723042964935303,1,6.39492321014404,"train",1891,2,1.71394230769229
"1329",1,1,3.74468350410461,1194087.49403405,381041.012074447,"2020_2022",1.61306536197662,1.76942729949951,0.232780799269676,13.9212141036987,114.57300567627,11.7065811157227,1.68704438209534,29.8760299682617,2.37405347824097,0.0480020046234131,1,3.74468350410461,"train",1892,2,1.71394230769229
"1330",1,1,0.797798037528992,1194499.83371583,380666.174352558,"2020_2022",1.62602400779724,1.83733344078064,0.215800732374191,14.5529079437256,115.013633728027,11.6054391860962,1.72067308425903,29.8844757080078,3.91112565994263,-0.0594180822372437,1,0.797798037528992,"train",1893,2,1.71394230769229
"1331",1,1,-0.890266001224518,1197204.95289617,380771.501073552,"2020_2022",1.61755859851837,1.85950422286987,0.205617666244507,15.3178300857544,114.750854492188,11.3835554122925,1.73439633846283,29.9925804138184,3.32621359825134,-0.000708997249603271,1,-0.890266001224518,"train",1894,2,1.71394230769229
"1332",1,1,-3.00764799118042,1198952.83518156,380645.062635595,"2020_2022",1.55329442024231,1.67747700214386,0.422028034925461,14.1237201690674,114.702125549316,11.5715970993042,1.71789789199829,29.9870662689209,9.0861177444458,1.25492906570435,1,-3.00764799118042,"train",1897,2,1.71394230769229
"1333",1,1,3.56909489631653,1199739.74138359,380683.458194471,"2020_2022",1.60139167308807,1.76783764362335,0.289005160331726,14.9853162765503,115.531761169434,11.2661981582642,1.81408250331879,29.9408283233643,2.12172937393188,-0.299780130386353,1,3.56909489631653,"train",1899,4,0.47852348993288
"1334",1,1,4.55520057678223,1200409.12657833,380727.21418814,"2020_2022",1.65261578559875,1.86320805549622,0.382125407457352,15.5717248916626,116.38215637207,11.1365814208984,1.91025269031525,29.8518486022949,2.81088376045227,-0.095512866973877,1,4.55520057678223,"train",1900,4,0.47852348993288
"1335",1,1,4.19373989105225,1200468.9348582,380944.449712796,"2020_2022",1.65380036830902,1.86048185825348,0.386013209819794,15.4336605072021,116.23136138916,11.176962852478,1.92114305496216,29.8207855224609,4.76895666122437,-0.435912132263184,1,4.19373989105225,"train",1901,4,0.47852348993288
"1336",1,1,5.16689729690552,1193768.10907093,380343.220265463,"2020_2022",1.64829170703888,1.85664355754852,0.335248291492462,14.6429214477539,115.148666381836,11.5449752807617,1.73111581802368,29.824577331543,3.34573149681091,-0.309327125549316,1,5.16689729690552,"train",1902,4,0.47852348993288
"1337",1,1,6.29967975616455,1194457.76904259,380611.898103065,"2020_2022",1.62803316116333,1.83975672721863,0.2220059633255,14.5781364440918,115.041915893555,11.5873947143555,1.72187888622284,29.8805332183838,5.42825031280518,-0.192945003509521,1,6.29967975616455,"train",1903,2,1.71394230769229
"1338",1,1,0.961512446403503,1194894.48551504,380395.373405193,"2020_2022",1.6268937587738,1.84762465953827,0.205556824803352,14.7119903564453,115.055564880371,11.5522575378418,1.73078143596649,29.8936367034912,3.44268345832825,-0.855026364326477,1,0.961512446403503,"train",1904,2,1.71394230769229
"1339",1,1,0.0427683927118778,1195263.98361499,380506.469418282,"2020_2022",1.61949574947357,1.8366197347641,0.24429190158844,14.6373062133789,115.027877807617,11.6161870956421,1.73035407066345,29.9094886779785,5.63470220565796,0.0652746334671974,1,0.0427683927118778,"train",1905,2,1.71394230769229
"1340",1,1,1.49690067768097,1196045.70857541,380400.698005105,"2020_2022",1.61607193946838,1.84078860282898,0.219003841280937,14.9428329467773,114.877052307129,11.518102645874,1.73052358627319,29.9637928009033,2.49285221099854,0.0794986486434937,1,1.49690067768097,"train",1907,2,1.71394230769229
"1341",1,1,-0.861782371997833,1197803.26067501,380628.494848759,"2020_2022",1.61370289325714,1.85590505599976,0.224408611655235,15.4119825363159,114.825897216797,11.3747596740723,1.73680639266968,30.009729385376,7.27163696289062,-0.291266739368439,1,-0.861782371997833,"train",1909,2,1.71394230769229
"1342",1,1,2.03730511665344,1198410.96500681,380593.159972791,"2020_2022",1.6044933795929,1.84221649169922,0.390793532133102,15.4496374130249,115.196174621582,11.2989749908447,1.7451376914978,30.0338325500488,5.18439435958862,0.0150284767150879,1,2.03730511665344,"train",1910,4,0.47852348993288
"1343",1,1,-2.09668350219727,1198952.30180684,380617.850984591,"2020_2022",1.56325161457062,1.7047837972641,0.422263443470001,14.3544263839722,114.840950012207,11.5147752761841,1.73011648654938,29.9887218475342,7.77915525436401,-0.443728089332581,1,-2.09668350219727,"train",1911,2,1.71394230769229
"1344",1,1,0.95840573310852,1198962.18661941,380590.257846142,"2020_2022",1.5652072429657,1.70857489109039,0.418842375278473,14.3927192687988,114.876815795898,11.49720287323,1.73417627811432,29.9871978759766,6.0507287979126,-0.0953397750854492,1,0.95840573310852,"train",1912,2,1.71394230769229
"1345",1,1,-0.00858298502862453,1199888.93266329,380203.965194558,"2020_2022",1.63987946510315,1.86152040958405,0.359449177980423,15.8422718048096,116.616516113281,11.0312509536743,1.86039578914642,29.9564609527588,3.09803605079651,0.0261587407439947,1,-0.00858298502862453,"train",1913,4,0.47852348993288
"1346",1,1,3.84978151321411,1196750.59562946,380003.235713309,"2020_2022",1.62460172176361,1.87021958827972,0.311277240514755,15.2856683731079,115.326530456543,11.3165044784546,1.74646520614624,29.9652671813965,6.72385740280151,-0.0482490062713623,1,3.84978151321411,"train",1916,4,0.47852348993288
"1347",1,1,13.0332183837891,1199344.98766066,379800.55071741,"2020_2022",1.63530838489532,1.86961150169373,0.471935629844666,15.7509241104126,116.321365356445,11.0209589004517,1.83166813850403,29.9740676879883,1.54020249843597,-0.0180540084838867,1,13.0332183837891,"train",1917,4,0.47852348993288
"1348",1,1,4.13577699661255,1199730.74419284,379369.682123597,"2020_2022",1.64647841453552,1.87588572502136,0.794735014438629,15.8359813690186,116.739463806152,11.0086755752563,1.86595273017883,29.9335651397705,4.09920501708984,-0.232577323913574,1,4.13577699661255,"train",1920,4,0.47852348993288
"1349",1,1,1.20501518249512,1200082.66955265,379235.717771028,"2020_2022",1.65298676490784,1.87642562389374,0.775447070598602,15.58704662323,117.016693115234,11.0647964477539,1.89601969718933,29.8582401275635,8.38195133209229,-0.97661566734314,1,1.20501518249512,"train",1921,4,0.47852348993288
"1350",1,1,4.32841730117798,1186545.54344042,378651.881673312,"2020_2022",1.58271896839142,1.74781692028046,0.381266474723816,13.7964487075806,116.262405395508,11.8579015731812,1.60533213615417,29.9434432983398,4.35877370834351,0.554134845733643,1,4.32841730117798,"train",1923,4,0.47852348993288
"1351",1,1,5.1384482383728,1186612.2423907,378534.237663437,"2020_2022",1.58124256134033,1.74841105937958,0.430270671844482,13.8039417266846,116.272674560547,11.8600635528564,1.60548138618469,29.9433784484863,3.61333107948303,-0.0615520477294922,1,5.1384482383728,"train",1924,4,0.47852348993288
"1352",1,1,2.43085384368896,1186998.22140183,378349.704345474,"2020_2022",1.61619007587433,1.80714499950409,0.440049529075623,14.3256969451904,116.748268127441,11.6378240585327,1.65889465808868,29.9339637756348,9.90355587005615,-0.745368957519531,1,2.43085384368896,"train",1925,4,0.47852348993288
"1353",1,1,-1.12548291683197,1185468.77401915,377753.45516096,"2020_2022",1.63270199298859,1.87213885784149,0.295520395040512,14.8380966186523,116.894523620605,11.5901498794556,1.66896140575409,29.946985244751,4.91125679016113,-0.122730016708374,1,-1.12548291683197,"train",1926,4,0.47852348993288
"1354",1,1,2.99448943138123,1186603.20187981,377647.91400239,"2020_2022",1.64607799053192,1.87422609329224,0.392526030540466,14.8986511230469,117.238464355469,11.4788789749146,1.70045208930969,29.9239063262939,14.3619737625122,-0.0184485912322998,1,2.99448943138123,"train",1928,4,0.47852348993288
"1355",1,1,3.0782208442688,1186876.2252825,377618.200978254,"2020_2022",1.64992868900299,1.87679696083069,0.394163995981216,14.9247722625732,117.241973876953,11.4562196731567,1.70890784263611,29.91282081604,11.8873167037964,-0.0490546226501465,1,3.0782208442688,"train",1931,4,0.47852348993288
"1356",1,1,2.18604278564453,1187044.09984462,377587.187190493,"2020_2022",1.65279960632324,1.87869298458099,0.395293682813644,14.9415302276611,117.245582580566,11.4463148117065,1.71373522281647,29.9028930664062,7.27567195892334,-0.837042570114136,1,2.18604278564453,"train",1932,4,0.47852348993288
"1357",1,1,2.8179714679718,1184387.36842994,376918.029185159,"2020_2022",1.60730195045471,1.85900902748108,0.230633527040482,14.7201108932495,116.497253417969,11.6736135482788,1.67513537406921,29.9733371734619,1.2353401184082,0.00222468376159668,1,2.8179714679718,"train",1933,4,0.47852348993288
"1358",1,1,0.311376571655273,1185252.74799234,376846.839428291,"2020_2022",1.63588356971741,1.87907493114471,0.341788232326508,14.9510850906372,116.947486877441,11.4428949356079,1.69320774078369,29.9641418457031,1.61910223960876,-1.03795123100281,1,0.311376571655273,"train",1935,4,0.47852348993288
"1359",1,1,4.49911832809448,1184079.76692708,376248.257403668,"2020_2022",1.60810971260071,1.86067223548889,0.252509653568268,14.7064809799194,116.342887878418,11.6790533065796,1.67233908176422,29.976203918457,2.17520093917847,-0.029813289642334,1,4.49911832809448,"train",1936,4,0.47852348993288
"1360",1,1,4.33509540557861,1183698.34982284,375970.582619387,"2020_2022",1.61361634731293,1.86859953403473,0.217088371515274,14.8191652297974,116.376861572266,11.6345596313477,1.66321742534637,29.9795608520508,2.08233785629272,0.059544563293457,1,4.33509540557861,"train",1937,4,0.47852348993288
"1361",1,1,-1.5865660905838,1165353.84493451,375161.158678306,"2020_2022",1.52262210845947,1.61326324939728,0.0979308858513832,13.0165596008301,111.51261138916,11.6637287139893,1.25617659091949,30.3328647613525,5.17862844467163,0.0693227052688599,1,-1.5865660905838,"train",1938,2,1.71394230769229
"1362",1,1,2.8113808631897,1164619.57413414,374731.245982097,"2020_2022",1.49569833278656,1.40126097202301,0.19608947634697,11.2823152542114,110.482452392578,11.8419713973999,1.21591031551361,30.3600234985352,4.41217422485352,-0.541895866394043,1,2.8113808631897,"train",1939,2,1.71394230769229
"1363",1,1,1.82137537002563,1170049.72363159,374643.446650808,"2020_2022",1.95812654495239,0.366032809019089,0.0466379038989544,1.00507569313049,110.247611999512,14.8026523590088,0.7034130692482,26.1700820922852,4.74640464782715,0.539486527442932,1,1.82137537002563,"train",1942,3,1.32037037037036
"1364",1,1,9.94756889343262,1163680.19893998,374332.732490262,"2020_2022",1.54858553409576,1.86563086509705,0.263150721788406,15.4589519500732,112.174125671387,11.1004419326782,1.31097972393036,30.432767868042,3.42760276794434,-0.00304508209228516,1,9.94756889343262,"train",1943,2,1.71394230769229
"1365",1,1,1.45686435699463,1164346.0396002,374573.099645313,"2020_2022",1.53427016735077,1.74831140041351,0.212460085749626,14.3613834381104,111.614151000977,11.3554906845093,1.28342962265015,30.3880653381348,4.11110162734985,-0.151033997535706,1,1.45686435699463,"train",1944,2,1.71394230769229
"1366",1,1,4.16949367523193,1164479.25972657,374601.361302729,"2020_2022",1.52338624000549,1.64742493629456,0.208286434412003,13.4611129760742,111.31120300293,11.4959239959717,1.26452255249023,30.3777084350586,4.50707769393921,0.333724021911621,1,4.16949367523193,"train",1945,2,1.71394230769229
"1367",1,1,0.439720630645752,1170266.89050173,374384.784099547,"2020_2022",1.91247487068176,0.382960647344589,0.0523145273327827,1.10241985321045,110.336463928223,14.7226161956787,0.712443470954895,26.3833351135254,0.778844475746155,0.0358121395111084,1,0.439720630645752,"train",1947,3,1.32037037037036
"1368",1,1,-2.123868227005,1167444.64067267,373850.612311281,"2020_2022",1.60274982452393,1.47555565834045,0.135959461331367,11.5503282546997,113.782104492188,11.6367883682251,1.27049505710602,29.9698486328125,1.50570511817932,-0.0948202610015869,1,-2.123868227005,"train",1949,2,1.71394230769229
"1369",1,1,-1.40647780895233,1167710.29760739,373672.708261156,"2020_2022",1.62325406074524,1.3447539806366,0.186838313937187,10.1612997055054,113.998260498047,11.7504415512085,1.25158858299255,29.8450622558594,3.96691751480103,-0.0209565162658691,1,-1.40647780895233,"train",1950,2,1.71394230769229
"1370",1,1,3.190514087677,1169142.74057409,373717.070730102,"2020_2022",1.86014151573181,0.446979492902756,0.116985931992531,1.73948621749878,112.601844787598,13.5746622085571,0.929979681968689,27.8491764068604,0.818758845329285,0.357456922531128,1,3.190514087677,"train",1951,3,1.32037037037036
"1371",1,1,0.846959114074707,1169894.86842177,373705.75038147,"2020_2022",1.87064778804779,0.523720979690552,0.129640460014343,2.0603814125061,112.229606628418,13.7924566268921,0.873128414154053,27.5808391571045,5.23585081100464,0.569664359092712,1,0.846959114074707,"train",1952,3,1.32037037037036
"1372",1,1,1.78386235237122,1170027.77044446,373902.172932638,"2020_2022",1.86415016651154,0.477042645215988,0.0924477502703667,1.64938175678253,111.448867797852,14.139705657959,0.809698283672333,27.2507667541504,7.54368209838867,-0.06556236743927,1,1.78386235237122,"train",1953,3,1.32037037037036
"1373",1,1,6.71813774108887,1168189.41192739,373298.706468009,"2020_2022",1.63870358467102,1.15841066837311,0.194802090525627,8.13950252532959,113.629814147949,12.0537033081055,1.21932876110077,29.6505432128906,1.42929041385651,0.0578207969665527,1,6.71813774108887,"train",1956,2,1.71394230769229
"1374",1,1,2.57600569725037,1168578.95213318,373558.199972957,"2020_2022",1.74366962909698,0.79333508014679,0.130171656608582,4.68062019348145,113.25952911377,12.6908102035522,1.1000120639801,28.8810405731201,1.14273273944855,0.0647799968719482,1,2.57600569725037,"train",1957,2,1.71394230769229
"1375",1,1,1.6523529291153,1169568.49548042,373159.6472415,"2020_2022",1.7751373052597,0.83358508348465,0.222887232899666,4.94237899780273,113.494743347168,12.6027069091797,1.08662021160126,28.7931270599365,2.80959725379944,-0.120479702949524,1,1.6523529291153,"train",1959,4,0.47852348993288
"1376",1,1,7.73664569854736,1169379.87692678,372721.513360105,"2020_2022",1.67104947566986,1.21596467494965,0.281130820512772,8.44770240783691,113.93896484375,11.7030944824219,1.23911917209625,29.7283401489258,2.53645300865173,0.557041168212891,1,7.73664569854736,"train",1961,2,1.71394230769229
"1377",1,1,6.09761333465576,1169597.43306554,372802.300523868,"2020_2022",1.67603886127472,1.18493521213531,0.293820858001709,8.23564720153809,113.85196685791,11.7729940414429,1.22586572170258,29.6595764160156,1.96621370315552,0.668318271636963,1,6.09761333465576,"train",1962,2,1.71394230769229
"1378",1,1,2.99059176445007,1182774.3080131,373012.919513176,"2020_2022",1.62649428844452,1.8799729347229,0.252670913934708,15.0453338623047,117.206672668457,11.4174900054932,1.66541826725006,30.0214824676514,6.92281627655029,-0.0933957099914551,1,2.99059176445007,"train",1963,4,0.47852348993288
"1379",1,1,1.13196170330048,1183574.31101082,372927.714241416,"2020_2022",1.65492987632751,1.90428817272186,0.352400958538055,15.2597494125366,117.458709716797,11.3441190719604,1.68277597427368,29.9744052886963,9.62033843994141,0.277220904827118,1,1.13196170330048,"train",1964,4,0.47852348993288
"1380",1,1,1.2737785577774,1169848.58464598,372459.937033345,"2020_2022",1.6124095916748,1.45414018630981,0.371205478906631,11.2456569671631,113.742256164551,11.3554735183716,1.29279661178589,30.0846939086914,6.1608715057373,0.882609605789185,1,1.2737785577774,"train",1965,2,1.71394230769229
"1381",1,1,1.53254675865173,1181704.47948052,372259.238217928,"2020_2022",1.43995308876038,1.57135200500488,0.0979606583714485,12.3799886703491,114.642784118652,12.1880979537964,1.54061269760132,30.022647857666,7.09585952758789,-0.00554394721984863,1,1.53254675865173,"train",1967,2,1.71394230769229
"1382",1,1,4.72643613815308,1182307.36625284,372260.130751916,"2020_2022",1.51101231575012,1.69099593162537,0.165354251861572,13.4222087860107,115.417678833008,11.9008255004883,1.58073401451111,30.0251083374023,1.980797290802,-0.489609718322754,1,4.72643613815308,"train",1968,2,1.71394230769229
"1383",1,1,0.512454509735107,1182659.95228917,372224.1677443,"2020_2022",1.61736357212067,1.86157238483429,0.236346632242203,14.969241142273,116.601356506348,11.4250793457031,1.65195620059967,30.0311717987061,8.13537216186523,0.00443732738494873,1,0.512454509735107,"train",1969,4,0.47852348993288
"1384",1,1,-2.95628356933594,1183527.45527057,372595.214706872,"2020_2022",1.65455687046051,1.90590071678162,0.368487566709518,15.2986755371094,117.305145263672,11.3387441635132,1.68523371219635,29.9760036468506,11.2528285980225,1.91950607299805,1,-2.95628356933594,"train",1971,4,0.47852348993288
"1385",1,1,3.7954261302948,1170727.74260553,371924.001029626,"2020_2022",1.54794836044312,1.80159687995911,0.34738501906395,15.3225421905518,112.933135986328,11.0597295761108,1.35373306274414,30.4008865356445,9.3341817855835,-0.504224538803101,1,3.7954261302948,"train",1974,2,1.71394230769229
"1386",1,1,-3.31881833076477,1171441.84870064,371721.176487753,"2020_2022",1.54334354400635,1.84943675994873,0.303074896335602,15.8661346435547,112.31861114502,11.0409231185913,1.37077748775482,30.417818069458,14.6457433700562,0.926725149154663,1,-3.31881833076477,"train",1975,2,1.71394230769229
"1387",1,1,-0.318649351596832,1171759.78501124,371642.943087659,"2020_2022",1.54131138324738,1.85727190971375,0.372546672821045,15.9491300582886,112.187934875488,11.0398826599121,1.3743577003479,30.419828414917,9.40954208374023,0.158119767904282,1,-0.318649351596832,"train",1976,2,1.71394230769229
"1388",1,1,-1.23109698295593,1178908.01361407,371704.535847898,"2020_2022",1.39422607421875,1.39705657958984,0.150997757911682,12.0616931915283,113.809623718262,12.0169858932495,1.29069459438324,30.513822555542,5.8726167678833,0.0423264503479004,1,-1.23109698295593,"train",1978,2,1.71394230769229
"1389",1,1,9.09131526947021,1182196.92067957,371756.121308771,"2020_2022",1.59745395183563,1.84691250324249,0.18663689494133,14.7279281616211,116.264236450195,11.5883626937866,1.6191486120224,30.0245571136475,0.290237069129944,0.0262823104858398,1,9.09131526947021,"train",1980,4,0.47852348993288
"1390",1,1,-2.0512478351593,1170297.92114631,371224.906835542,"2020_2022",1.56354546546936,1.82451593875885,0.408328473567963,15.2842397689819,112.94278717041,11.0821599960327,1.38361811637878,30.352294921875,6.24636840820312,-1.18430972099304,1,-2.0512478351593,"train",1981,2,1.71394230769229
"1391",1,1,24.120719909668,1171310.69934992,371562.163378235,"2020_2022",1.5446400642395,1.85028791427612,0.294107139110565,15.8544139862061,112.359580993652,11.035945892334,1.37339186668396,30.4141826629639,10.8299169540405,-0.323040008544922,1,24.120719909668,"train",1982,2,1.71394230769229
"1392",1,1,2.49886727333069,1178838.60489363,371161.867592892,"2020_2022",1.41368436813354,1.46287727355957,0.1728605479002,12.7844924926758,114.208946228027,11.8347616195679,1.31397032737732,30.5125617980957,3.8041307926178,0.0826647281646729,1,2.49886727333069,"train",1987,2,1.71394230769229
"1393",1,1,5.07238435745239,1182566.78712417,371162.421211144,"2020_2022",1.63796257972717,1.89949882030487,0.289458751678467,15.3329629898071,116.553657531738,11.3190641403198,1.66556751728058,30.0312309265137,13.2365245819092,0.0768246650695801,1,5.07238435745239,"train",1988,4,0.47852348993288
"1394",1,1,10.1912889480591,1172435.18760761,370976.984475061,"2020_2022",1.54237616062164,1.87102961540222,0.378339380025864,16.1365337371826,112.457489013672,10.9817523956299,1.39609718322754,30.4318008422852,9.71681690216064,0.0183343887329102,1,10.1912889480591,"train",1989,2,1.71394230769229
"1395",1,1,-2.11570048332214,1172771.44730968,370915.408697669,"2020_2022",1.53947710990906,1.87219655513763,0.514369904994965,16.2425861358643,112.611038208008,10.9590482711792,1.39735472202301,30.4459018707275,8.17653656005859,-0.356791138648987,1,-2.11570048332214,"train",1990,2,1.71394230769229
"1396",1,1,2.62828707695007,1177795.172785,370752.201505405,"2020_2022",1.52705442905426,1.85951173305511,0.171882644295692,16.9840869903564,116.85612487793,10.8424129486084,1.43260908126831,30.5131435394287,4.68893527984619,-4.55275821685791,1,2.62828707695007,"train",1994,2,1.71394230769229
"1397",1,1,2.2528600692749,1178314.21185709,370819.987529325,"2020_2022",1.51436519622803,1.82155072689056,0.145526722073555,16.4869785308838,116.246826171875,10.9958477020264,1.41798365116119,30.5036754608154,12.0523900985718,-0.323140859603882,1,2.2528600692749,"train",1995,2,1.71394230769229
"1398",1,1,6.97827386856079,1178474.45905052,370844.45522947,"2020_2022",1.502436876297,1.78081774711609,0.158251732587814,16.0555801391602,115.983535766602,11.0990552902222,1.40521943569183,30.5044956207275,5.73090124130249,0.253363609313965,1,6.97827386856079,"train",1996,2,1.71394230769229
"1399",1,1,0.0922805890440941,1182823.23520887,370653.783754643,"2020_2022",1.6383945941925,1.90525197982788,0.475929796695709,15.6319742202759,116.588829040527,11.1710224151611,1.67478704452515,30.0766658782959,3.51060938835144,-0.02218197286129,1,0.0922805890440941,"train",1997,4,0.47852348993288
"1400",1,1,1.6261579990387,1175741.03963994,370233.135408642,"2020_2022",1.52359902858734,1.85558784008026,0.403698563575745,17.4536609649658,116.8046875,10.7438898086548,1.42655086517334,30.5714073181152,5.04628705978394,-0.0134004354476929,1,1.6261579990387,"train",2000,4,0.47852348993288
"1401",1,1,11.7544431686401,1176175.70055,370519.538447862,"2020_2022",1.52823150157928,1.86115431785583,0.323095053434372,17.3958034515381,116.840606689453,10.7617769241333,1.43131983280182,30.5490016937256,4.06370878219604,0.148934364318848,1,11.7544431686401,"train",2001,4,0.47852348993288
"1402",1,1,4.02836894989014,1178150.06302238,370261.677106859,"2020_2022",1.52780938148499,1.85677802562714,0.220571249723434,17.089147567749,116.577354431152,10.8073987960815,1.43939566612244,30.517879486084,6.50633525848389,0.0319340229034424,1,4.02836894989014,"train",2002,2,1.71394230769229
"1403",1,1,4.70277214050293,1182707.65250096,370141.050216734,"2020_2022",1.59598243236542,1.87503468990326,0.676582217216492,16.3891487121582,116.848640441895,10.8244333267212,1.63733458518982,30.2842998504639,2.36989617347717,0.301290035247803,1,4.70277214050293,"train",2003,4,0.47852348993288
"1404",1,1,-3.26413917541504,1173399.68166928,370028.299977716,"2020_2022",1.53510344028473,1.87070500850677,0.725399613380432,16.4682598114014,114.589767456055,10.8564891815186,1.41770553588867,30.4785861968994,2.59734582901001,0.0982747077941895,1,-3.26413917541504,"train",2004,4,0.47852348993288
"1405",1,1,-1.59934854507446,1173799.15134604,369799.617838828,"2020_2022",1.53159940242767,1.86658608913422,0.791685342788696,16.6189289093018,115.644859313965,10.7993631362915,1.4241042137146,30.5028381347656,5.92620611190796,-0.23988676071167,1,-1.59934854507446,"train",2005,4,0.47852348993288
"1406",1,1,1.79368460178375,1178187.50045089,369747.483727847,"2020_2022",1.52903926372528,1.85588467121124,0.45830437541008,17.1970558166504,116.495910644531,10.7418546676636,1.44976687431335,30.5273361206055,5.83094549179077,-2.38123416900635,1,1.79368460178375,"train",2009,4,0.47852348993288
"1407",1,1,-0.958748459815979,1182038.55661252,369734.72522943,"2020_2022",1.54862248897552,1.84164202213287,0.721344709396362,17.3803596496582,117.238342285156,10.5414562225342,1.57696497440338,30.4878234863281,0.206008926033974,0.262061834335327,1,-0.958748459815979,"train",2010,4,0.47852348993288
"1408",1,1,-0.833813011646271,1174383.24689971,369453.694379735,"2020_2022",1.5268018245697,1.85732197761536,0.758552968502045,16.8137989044189,115.95467376709,10.742280960083,1.42875707149506,30.5294303894043,16.0643749237061,-0.844933271408081,1,-0.833813011646271,"train",2013,4,0.47852348993288
"1409",1,1,-2.98896956443787,1174718.85717815,369348.071177914,"2020_2022",1.529860496521,1.85704278945923,0.577091217041016,16.8878784179688,116.106483459473,10.7371387481689,1.43592834472656,30.5245227813721,16.5189304351807,-0.811100482940674,1,-2.98896956443787,"train",2014,4,0.47852348993288
"1410",1,1,19.3411846160889,1175697.93379058,369560.107033352,"2020_2022",1.52419412136078,1.84557127952576,0.446865051984787,17.223295211792,116.651565551758,10.6857414245605,1.43870389461517,30.5557308197021,9.67327404022217,-1.38158798217773,1,19.3411846160889,"train",2016,4,0.47852348993288
"1411",1,1,-3.00764799118042,1178086.73121261,369300.800585229,"2020_2022",1.53361856937408,1.85266864299774,0.509187877178192,17.1927089691162,116.436538696289,10.6904668807983,1.46441853046417,30.5271224975586,10.0190839767456,-3.57073736190796,1,-3.00764799118042,"train",2017,4,0.47852348993288
"1412",1,1,3.91635322570801,1178954.21791449,369511.999183379,"2020_2022",1.52577865123749,1.84827268123627,0.35077691078186,17.3581981658936,116.160690307617,10.670693397522,1.46611249446869,30.547290802002,3.6828978061676,0.316757917404175,1,3.91635322570801,"train",2018,2,1.71394230769229
"1413",1,1,16.0833110809326,1180384.94710996,369357.000499878,"2020_2022",1.53376972675323,1.84043431282043,0.441066384315491,17.7978286743164,116.083557128906,10.5671243667603,1.49575543403625,30.5746784210205,2.73987030982971,0.385808944702148,1,16.0833110809326,"train",2020,4,0.47852348993288
"1414",1,1,4.32136583328247,1180814.24552989,369242.438091349,"2020_2022",1.54088568687439,1.84906780719757,0.521608889102936,17.604959487915,116.460159301758,10.5851345062256,1.52880108356476,30.5264263153076,4.36538314819336,-1.77173757553101,1,4.32136583328247,"train",2021,4,0.47852348993288
"1415",1,1,-2.777747631073,1181443.5162552,369288.83202552,"2020_2022",1.54133331775665,1.84503793716431,0.614640235900879,17.5042896270752,116.970733642578,10.5520868301392,1.5581659078598,30.50417137146,5.77593517303467,0.71870231628418,1,-2.777747631073,"train",2022,4,0.47852348993288
"1416",1,1,1.635826587677,1181770.07376716,369141.204303107,"2020_2022",1.54027307033539,1.83937644958496,0.775205492973328,17.5133476257324,117.121566772461,10.5256481170654,1.55894434452057,30.5142002105713,7.08843564987183,-0.600333213806152,1,1.635826587677,"train",2023,4,0.47852348993288
"1417",1,1,0.94880199432373,1182321.06760863,369147.266521172,"2020_2022",1.54388296604156,1.84034657478333,1.14808189868927,17.3253974914551,117.246070861816,10.5433521270752,1.5695915222168,30.490852355957,5.3052077293396,-0.43209445476532,1,0.94880199432373,"train",2024,4,0.47852348993288
"1418",1,1,3.60239362716675,1182609.80198315,369246.657618191,"2020_2022",1.54810500144958,1.84003520011902,1.03885757923126,17.0384559631348,117.132850646973,10.575870513916,1.57824838161469,30.4604473114014,7.33264780044556,0.255364418029785,1,3.60239362716675,"train",2025,4,0.47852348993288
"1419",1,1,-4.01233768463135,1179282.00505372,368834.157220678,"2020_2022",1.52732610702515,1.8463294506073,0.617157280445099,17.4489307403564,116.119201660156,10.6131591796875,1.48435723781586,30.5470752716064,18.0661392211914,-4.50865793228149,1,-4.01233768463135,"train",2026,4,0.47852348993288
"1420",1,1,5.73580360412598,1179512.84996739,369076.12191389,"2020_2022",1.5270369052887,1.84253120422363,0.440339952707291,17.5364437103271,116.156097412109,10.5929250717163,1.48535001277924,30.5565242767334,8.45290374755859,0.471298217773438,1,5.73580360412598,"train",2027,4,0.47852348993288
"1421",1,1,8.42055702209473,1180939.07642112,369083.917447582,"2020_2022",1.54561460018158,1.8555736541748,0.548377513885498,17.4798374176025,116.598136901855,10.6080312728882,1.54448056221008,30.4944152832031,4.45221710205078,-1.2135124206543,1,8.42055702209473,"train",2028,4,0.47852348993288
"1422",1,1,6.58802461624146,1180964.5456328,369113.082269212,"2020_2022",1.54531502723694,1.8550329208374,0.548799633979797,17.4808750152588,116.62922668457,10.6046676635742,1.54585433006287,30.4945850372314,4.53533506393433,-0.559613227844238,1,6.58802461624146,"train",2029,4,0.47852348993288
"1423",1,1,-3.00764799118042,1183548.80571939,368533.869290949,"2020_2022",1.5921938419342,1.87064361572266,0.975422084331512,16.243989944458,116.66967010498,10.8889646530151,1.63680160045624,30.2124938964844,5.30826997756958,-1.3186514377594,1,-3.00764799118042,"train",2033,4,0.47852348993288
"1424",1,1,1.85713851451874,1182954.37185941,368093.928212567,"2020_2022",1.57638216018677,1.88536715507507,1.29467165470123,16.5381660461426,116.651756286621,10.813178062439,1.61400604248047,30.2815475463867,9.18886470794678,-0.507170081138611,1,1.85713851451874,"train",2034,4,0.47852348993288
"1425",1,1,7.90808916091919,1183410.00312742,367652.533784944,"2020_2022",1.55766236782074,1.83784854412079,1.18172001838684,16.609676361084,116.519302368164,10.7109823226929,1.58779644966125,30.3552684783936,3.56563091278076,-0.136007785797119,1,7.90808916091919,"train",2035,4,0.47852348993288
"1426",1,1,0.215727344155312,1183661.86641709,367703.281214701,"2020_2022",1.55892992019653,1.83802223205566,1.10768592357635,16.555721282959,116.545333862305,10.7325925827026,1.59634184837341,30.3319492340088,3.9776496887207,-0.516862332820892,1,0.215727344155312,"train",2036,4,0.47852348993288
"1427",0,1,12.1884689331055,1168210,448890,"2014_2019",1.40733587741852,0.144489124417305,0.13622297346592,0.363472282886505,115.447471618652,17.9723892211914,1.05258429050446,24.6287727355957,2.76225137710571,-0.115229606628418,1,12.1884689331055,"train",2038,3,1
"1428",0,1,-1.83208668231964,1206210,424890,"2014_2019",1.41718757152557,0.640282869338989,0.0452384501695633,2.99429488182068,118.690895080566,15.8452939987183,2.49139523506165,24.6836891174316,3.61375546455383,-0.00420236587524414,1,-1.83208668231964,"train",2039,3,1
"1429",0,1,0.833894789218903,1042210,583390,"2014_2019",1.27703857421875,1.66113579273224,0.511132836341858,18.2625541687012,113.48876953125,11.1466703414917,0.515641450881958,29.6435585021973,15.2427053451538,-0.246780216693878,1,0.833894789218903,"train",2041,2,1
"1430",0,1,39.5282173156738,1167210,450890,"2014_2019",1.44511234760284,0.171406269073486,0.143798619508743,0.487725168466568,115.129669189453,17.8769874572754,1.06872427463531,24.6785221099854,19.874813079834,0.468093872070312,1,39.5282173156738,"train",2042,1,1
"1431",0,1,34.8902053833008,1197210,373890,"2014_2019",1.65921986103058,1.92166674137115,0.696164608001709,13.6981344223022,121.535057067871,11.5758228302002,1.14806401729584,30.1027278900146,2.07431578636169,-0.0978355407714844,1,34.8902053833008,"train",2043,4,1
"1432",0,1,-1.9932302236557,1101710,487390,"2014_2019",1.6063437461853,0.0726016312837601,0.085756242275238,0.0444588325917721,112.895233154297,18.1030349731445,0.296466767787933,26.8336639404297,0.512887001037598,-0.00085914134979248,1,-1.9932302236557,"train",2044,3,1
"1433",0,1,-0.0289813689887524,1162210,447390,"2014_2019",1.35965347290039,0.10441754758358,0.0894575789570808,0.18717747926712,113.887710571289,18.589376449585,0.854119539260864,24.6494674682617,5.91720342636108,-1.29482781887054,1,-0.0289813689887524,"train",2045,3,1
"1434",0,1,14.1471433639526,1162710,452890,"2014_2019",1.4988648891449,0.199123233556747,0.151135355234146,0.53260999917984,114.329765319824,18.0130748748779,1.06389570236206,24.4725284576416,10.5515594482422,0.0290336608886719,1,14.1471433639526,"train",2046,3,1
"1435",0,1,4.01353883743286,1172710,449890,"2014_2019",1.52461445331573,0.254328399896622,0.155360445380211,0.863670110702515,115.996971130371,17.263988494873,1.31653571128845,24.7590789794922,3.59762930870056,-0.129747867584229,1,4.01353883743286,"train",2048,3,1
"1436",0,1,1.48644924163818,1059710,543890,"2014_2019",1.31613254547119,0.28017982840538,0.140368208289146,1.41052055358887,110.055709838867,15.8238105773926,0.331841140985489,26.8158550262451,0.549489736557007,0.0154565572738647,1,1.48644924163818,"train",2050,2,1
"1437",0,1,0.350597023963928,1042710,605390,"2014_2019",1.03017258644104,0.330399215221405,0.0911266133189201,1.91498780250549,103.754623413086,12.8929491043091,0.379265308380127,29.4737434387207,0.915999174118042,-0.0375486314296722,1,0.350597023963928,"train",2051,2,1
"1438",0,1,-3.00764799118042,1086210,553890,"2014_2019",1.71043586730957,0.0892394706606865,0.238604247570038,0.0453456118702888,111.943183898926,17.1540927886963,0.430036693811417,25.0337257385254,4.07089853286743,3.03842210769653,1,-3.00764799118042,"train",2053,3,1
"1439",0,1,38.1322746276855,1195710,404390,"2014_2019",1.81241512298584,1.39810562133789,0.522718727588654,7.73758888244629,119.327003479004,13.7558441162109,1.54349255561829,27.7592811584473,0.378393143415451,0.00304794311523438,1,38.1322746276855,"train",2054,4,1
"1440",0,1,2.99354004859924,1077210,575390,"2014_2019",1.55107736587524,0.0915636718273163,0.192513629794121,0.0161662101745605,109.114814758301,18.2024059295654,0.203856378793716,23.6533107757568,12.7013683319092,-0.0848631858825684,1,2.99354004859924,"train",2056,3,1
"1441",0,1,0.686485350131989,1200210,383890,"2014_2019",1.23994994163513,1.09348058700562,0.206003963947296,6.94356870651245,118.144248962402,13.7083559036255,1.10694694519043,29.3623924255371,1.8622612953186,0.0201806426048279,1,0.686485350131989,"train",2058,2,1
"1442",0,1,-1.97534286975861,1167710,447390,"2014_2019",1.3824747800827,0.11569107323885,0.120345838367939,0.220387652516365,115.183166503906,18.1845226287842,0.961441099643707,24.6233234405518,7.9076566696167,0.00929892063140869,1,-1.97534286975861,"train",2059,3,1
"1443",0,1,0.815310180187225,1039210,589890,"2014_2019",1.19737350940704,1.59822618961334,0.334843039512634,18.3385696411133,113.856559753418,11.012993812561,0.496673107147217,29.7438201904297,1.85566437244415,0.0187180042266846,1,0.815310180187225,"train",2061,2,1
"1444",0,1,38.0128936767578,1209210,426390,"2014_2019",1.32315862178802,0.218358874320984,0.32720336318016,0.598574578762054,117.322128295898,17.4057750701904,3.15657949447632,22.1348133087158,17.4151592254639,-0.863346099853516,1,38.0128936767578,"train",2063,5,1
"1445",0,1,-3.00764799118042,1072710,562890,"2014_2019",1.56521832942963,0.0934808850288391,0.0686956644058228,0.0478698424994946,108.515197753906,17.1866111755371,0.228951334953308,26.3692569732666,4.07162952423096,0.0917234420776367,1,-3.00764799118042,"train",2064,3,1
"1446",0,1,20.0316848754883,1076710,550390,"2014_2019",1.7011513710022,0.105997018516064,0.249461799860001,0.0863041430711746,111.027389526367,16.8794574737549,0.320736765861511,25.7786273956299,5.0156717300415,-0.104284286499023,1,20.0316848754883,"train",2069,3,1
"1447",0,1,16.8887882232666,1199710,432890,"2014_2019",1.38296818733215,0.221663132309914,0.365743577480316,0.482855141162872,117.442497253418,17.4461555480957,3.39543771743774,21.7828750610352,2.63591909408569,-0.306961059570312,1,16.8887882232666,"train",2070,5,1
"1448",0,1,21.0330295562744,1196210,373890,"2014_2019",1.65015530586243,1.91157042980194,0.80042177438736,13.7866287231445,121.623275756836,11.5041913986206,1.13097810745239,30.1748828887939,0.118243291974068,0.00594902038574219,1,21.0330295562744,"train",2071,4,1
"1449",0,1,31.8381767272949,1072710,602890,"2014_2019",1.35622870922089,0.0912895798683167,0.108750261366367,0.0565947443246841,109.376556396484,19.9468479156494,0.0705185458064079,18.8516445159912,23.8459510803223,-0.0203571319580078,1,31.8381767272949,"train",2073,1,1
"1450",0,1,-0.25636750459671,1094710,493890,"2014_2019",1.56465876102448,0.129471689462662,0.12725093960762,0.273606777191162,114.611526489258,17.6179523468018,0.287844508886337,27.2490520477295,1.24962997436523,0.0344719290733337,1,-0.25636750459671,"train",2076,3,1
"1451",0,1,20.5154819488525,1089710,588890,"2014_2019",1.32063615322113,0.0810338333249092,0.0479567982256413,0.033741869032383,113.419395446777,20.2143993377686,0.0614980608224869,16.4434986114502,37.5093879699707,-0.545722961425781,1,20.5154819488525,"train",2077,1,1
"1452",0,1,29.6719284057617,1047710,581890,"2014_2019",0.92638486623764,0.227840721607208,0.0304729547351599,0.738942623138428,104.690635681152,14.0646314620972,0.258113861083984,29.5929679870605,6.24019908905029,0.234272003173828,1,29.6719284057617,"train",2078,2,1
"1453",0,1,12.8643808364868,1061710,552390,"2014_2019",1.52069461345673,0.118825428187847,0.443360209465027,0.178598895668983,109.396286010742,16.1209869384766,0.318259388208389,25.3772888183594,2.88400459289551,-0.0124626159667969,1,12.8643808364868,"train",2080,3,1
"1454",0,1,9.47305297851562,1174710,451390,"2014_2019",1.52596259117126,0.131701797246933,0.235792368650436,0.154181286692619,116.747817993164,18.0002326965332,2.16706705093384,22.6997928619385,4.17797756195068,-0.092137336730957,1,9.47305297851562,"train",2082,3,1
"1455",0,1,27.549654006958,1176210,450390,"2014_2019",1.53295564651489,0.140366643667221,0.311927944421768,0.157928541302681,116.907775878906,17.8429164886475,2.35914921760559,22.6134204864502,5.79288196563721,-0.160284042358398,1,27.549654006958,"train",2083,3,1
"1456",0,1,10.0764751434326,1100210,500390,"2014_2019",1.59924900531769,0.0623750612139702,0.157720342278481,0.0534580387175083,113.675643920898,17.9618148803711,0.293562650680542,26.8392944335938,0.604350745677948,0.00268936157226562,1,10.0764751434326,"train",2084,3,1
"1457",0,1,2.26594376564026,1183710,429890,"2014_2019",1.39230310916901,0.559646487236023,0.0707468613982201,2.60139107704163,117.108963012695,16.4164714813232,1.50891578197479,25.9178085327148,3.08522939682007,-0.383714914321899,1,2.26594376564026,"train",2086,3,1
"1458",0,1,-2.86889982223511,1037710,592890,"2014_2019",1.17233526706696,1.57217478752136,0.743182241916656,19.2614650726318,111.123550415039,10.7909631729126,0.514256179332733,29.883113861084,8.87369251251221,1.42411327362061,1,-2.86889982223511,"train",2087,2,1
"1459",0,1,39.3736267089844,1058210,552890,"2014_2019",1.50026023387909,0.33994996547699,0.851943492889404,1.22440445423126,112.214042663574,13.3644380569458,0.555042386054993,27.386251449585,2.29794096946716,0.0409164428710938,1,39.3736267089844,"train",2088,2,1
"1460",0,1,-1.65240359306335,1074210,528890,"2014_2019",1.41189563274384,0.341875195503235,0.183360815048218,1.60606837272644,111.703536987305,14.8219814300537,0.396329253911972,27.6535758972168,0.186053186655045,0.0057380199432373,1,-1.65240359306335,"train",2089,2,1
"1461",0,1,19.5399398803711,1178710,423890,"2014_2019",1.60818409919739,0.117097705602646,0.363558501005173,0.151887387037277,115.386863708496,18.3967666625977,0.813032567501068,24.6411762237549,7.78766202926636,-0.557643890380859,1,19.5399398803711,"train",2090,3,1
"1462",0,1,29.2903728485107,1060210,596390,"2014_2019",1.28018319606781,0.888377606868744,0.401809334754944,11.2023782730103,113.557014465332,11.0401134490967,0.731114208698273,28.0750465393066,13.2127046585083,0.606836318969727,1,29.2903728485107,"train",2091,2,1
"1463",0,1,0.0749621167778969,1131210,491390,"2014_2019",1.52505779266357,0.0645098239183426,0.197340413928032,0.0120605751872063,114.534606933594,18.9164390563965,1.05607354640961,22.7058296203613,10.4060506820679,-0.806880831718445,1,0.0749621167778969,"train",2092,3,1
"1464",0,1,-0.71968799829483,1070710,563390,"2014_2019",1.59404754638672,0.0791564807295799,0.105900928378105,0.031761646270752,110.111061096191,16.8547382354736,0.244952529668808,26.4678440093994,2.1105637550354,-0.0165945887565613,1,-0.71968799829483,"train",2093,3,1
"1465",0,1,2.47999906539917,1174710,442890,"2014_2019",1.62333655357361,0.269842326641083,0.267334163188934,0.928117394447327,116.471664428711,17.0175533294678,1.45948994159698,24.6960716247559,10.6305637359619,-0.0809116363525391,1,2.47999906539917,"train",2094,3,1
"1466",0,1,38.0835266113281,1203710,385390,"2014_2019",1.72839462757111,1.69162595272064,0.620107889175415,9.94395542144775,121.281761169434,12.6312494277954,1.40402960777283,28.9779872894287,0.877035140991211,0.0706405639648438,1,38.0835266113281,"train",2095,4,1
"1467",0,1,11.3477764129639,1047210,596890,"2014_2019",1.17363357543945,1.09261310100555,0.108670212328434,12.7084360122681,107.496772766113,11.6584529876709,0.532667696475983,29.5595588684082,13.5334959030151,-0.721881866455078,1,11.3477764129639,"train",2098,2,1
"1468",0,1,-0.852980494499207,1199710,474390,"2014_2019",2.26016187667847,1.09162282943726,0.296962708234787,2.47315549850464,118.342231750488,17.8776969909668,15.8471870422363,7.42006397247314,0.288062930107117,0.00527608394622803,1,-0.852980494499207,"train",2099,5,1
"1469",0,1,8.68266582489014,1103710,540390,"2014_2019",1.9155684709549,0.138341337442398,0.114415973424911,0.111314989626408,111.896087646484,17.5185146331787,0.559254050254822,22.7769088745117,1.34552991390228,-0.0842571258544922,1,8.68266582489014,"train",2100,3,1
"1470",0,1,36.0348892211914,1068210,583890,"2014_2019",1.33043360710144,0.12684454023838,0.278474390506744,0.117476277053356,109.354049682617,16.6321411132812,0.220493540167809,21.3402881622314,11.0390501022339,0.224594116210938,1,36.0348892211914,"train",2102,3,1
"1471",0,1,30.878396987915,1077210,557890,"2014_2019",1.62042081356049,0.0830412656068802,0.252390801906586,0.0230605155229568,111.252395629883,18.2917633056641,0.239409744739532,24.0858955383301,11.3838882446289,0.132131576538086,1,30.878396987915,"train",2103,3,1
"1472",0,1,0.571303725242615,1204710,417890,"2014_2019",1.70037019252777,1.31331717967987,0.510804772377014,7.30889129638672,119.729179382324,13.2602195739746,1.78121531009674,27.7782859802246,5.57887649536133,-0.0233723521232605,1,0.571303725242615,"train",2104,4,1
"1473",0,1,1.53860116004944,1115210,511890,"2014_2019",1.70825278759003,0.0578252486884594,0.159917712211609,0.0103494506329298,111.379127502441,17.9462585449219,0.556072473526001,25.5810260772705,6.16991949081421,0.0113036632537842,1,1.53860116004944,"train",2105,3,1
"1474",0,1,-0.269069731235504,1069210,534890,"2014_2019",1.49055576324463,0.453582286834717,0.31130912899971,2.43034648895264,111.39527130127,14.2260322570801,0.44927978515625,27.729663848877,1.11048924922943,-0.0301133096218109,1,-0.269069731235504,"train",2106,2,1
"1475",0,1,3.16998720169067,1090710,494890,"2014_2019",1.57276403903961,0.0901317298412323,0.0673921555280685,0.140036404132843,111.809989929199,18.384090423584,0.202225267887115,26.9749546051025,3.83104276657104,-0.090134859085083,1,3.16998720169067,"train",2108,3,1
"1476",0,1,-2.88323593139648,1047210,604890,"2014_2019",1.08102774620056,0.38233494758606,0.179425328969955,2.59190106391907,105.611968994141,12.5430879592896,0.448239684104919,29.4501762390137,9.83291053771973,-1.03213095664978,1,-2.88323593139648,"train",2109,2,1
"1477",0,1,0.281664878129959,1093710,494390,"2014_2019",1.55131924152374,0.15632227063179,0.139248430728912,0.382841348648071,114.494079589844,17.4867668151855,0.299683541059494,27.3435916900635,0.518788158893585,0.0202696323394775,1,0.281664878129959,"train",2114,3,1
"1478",0,1,-3.00764799118042,1129710,520390,"2014_2019",1.43566167354584,0.0881844758987427,0.179677382111549,0.0162828825414181,114.094223022461,19.3178825378418,0.689580798149109,21.6937198638916,6.33536386489868,-0.00248074531555176,1,-3.00764799118042,"train",2115,3,1
"1479",0,1,1.53042197227478,1061210,555890,"2014_2019",1.44271278381348,0.0614131949841976,0.304272681474686,0.0292568430304527,108.025817871094,17.0867691040039,0.236690327525139,24.3297252655029,1.69053101539612,0.0021895170211792,1,1.53042197227478,"train",2116,3,1
"1480",0,1,-2.56521153450012,1175210,447390,"2014_2019",1.67871475219727,0.367632746696472,1.11305248737335,1.29843664169312,117.025924682617,16.3861713409424,1.58105933666229,24.9929389953613,8.78781032562256,1.11219716072083,1,-2.56521153450012,"train",2117,4,1
"1481",0,1,-2.53353404998779,1200210,473390,"2014_2019",2.44079875946045,1.24051773548126,0.63176679611206,2.73281764984131,118.557113647461,17.873161315918,17.0279750823975,6.12642955780029,3.31316351890564,-0.298519611358643,1,-2.53353404998779,"train",2118,5,1
"1482",0,1,-1.15165686607361,1123210,494890,"2014_2019",1.62469208240509,0.0778465941548347,0.211504727602005,0.032429289072752,111.157569885254,18.2002048492432,0.879919409751892,24.2587146759033,3.02650594711304,-0.0308324098587036,1,-1.15165686607361,"train",2120,3,1
"1483",0,1,29.7652168273926,1117210,503390,"2014_2019",1.67016923427582,0.0716395899653435,0.206700801849365,0.0190686173737049,113.247650146484,18.0806999206543,0.567302882671356,25.4932670593262,4.16188859939575,-0.0153217315673828,1,29.7652168273926,"train",2121,3,1
"1484",0,1,36.2142715454102,1200710,394390,"2014_2019",1.79090571403503,1.63321650028229,0.442907124757767,9.45142078399658,119.922164916992,13.3514556884766,1.4819803237915,28.3656959533691,4.41258525848389,0.0421524047851562,1,36.2142715454102,"train",2123,4,1
"1485",0,1,18.5482902526855,1198210,406390,"2014_2019",1.77094769477844,1.35152697563171,0.496105164289474,7.48980045318604,119.111869812012,14.0584096908569,1.60544228553772,27.4244384765625,4.66934490203857,0.0715141296386719,1,18.5482902526855,"train",2124,4,1
"1486",0,1,32.8558235168457,1059710,548390,"2014_2019",1.45915651321411,0.318473488092422,0.381128251552582,1.28721714019775,110.475852966309,14.6688528060913,0.416385471820831,27.0075874328613,1.81865119934082,-0.0133323669433594,1,32.8558235168457,"train",2128,2,1
"1487",0,1,-1.487180352211,1094710,504890,"2014_2019",1.48596370220184,0.0671470835804939,0.132446095347404,0.0732611045241356,115.449851989746,17.687479019165,0.279948472976685,27.1189613342285,0.366780489683151,-0.00116968154907227,1,-1.487180352211,"train",2129,3,1
"1488",0,1,-0.894692599773407,1082710,513390,"2014_2019",1.52327871322632,0.107465051114559,0.176780208945274,0.215368553996086,112.483444213867,17.319652557373,0.25843334197998,27.1353244781494,0.658254265785217,0.00288486480712891,1,-0.894692599773407,"train",2132,3,1
"1489",0,1,-1.48317074775696,1125210,512890,"2014_2019",1.63158345222473,0.0781506523489952,0.155137166380882,0.00819936767220497,114.749778747559,18.84814453125,0.649454355239868,22.7181587219238,25.6857490539551,2.52873158454895,1,-1.48317074775696,"train",2133,1,1
"1490",0,1,32.2249603271484,1170210,449890,"2014_2019",1.45262217521667,0.179281741380692,0.149865850806236,0.535835087299347,115.664825439453,17.7071838378906,1.1911199092865,24.610372543335,1.62042105197906,-0.0115280151367188,1,32.2249603271484,"train",2134,3,1
"1491",0,1,2.67819809913635,1157710,460390,"2014_2019",1.61882841587067,0.0758843868970871,0.132785767316818,0.0345096997916698,114.099502563477,18.9477920532227,0.860571205615997,23.1487674713135,5.06432437896729,-0.0396909713745117,1,2.67819809913635,"train",2135,3,1
"1492",0,1,16.9907550811768,1146210,377390,"2014_2019",1.46001040935516,1.85932397842407,0.46638149023056,13.7255144119263,111.252288818359,11.2614192962646,0.829348504543304,30.9674301147461,1.14420282840729,0.000377655029296875,1,16.9907550811768,"train",2136,2,1
"1493",0,1,3.52135944366455,1167210,451390,"2014_2019",1.4598902463913,0.185649201273918,0.146172896027565,0.549956142902374,115.161590576172,17.7872486114502,1.09560966491699,24.7094745635986,1.29303073883057,0.280460596084595,1,3.52135944366455,"train",2139,3,1
"1494",0,1,21.3952159881592,1199210,390890,"2014_2019",1.7491215467453,1.51858615875244,0.47075629234314,8.51137638092041,118.781158447266,13.6125183105469,1.46434545516968,28.3169422149658,3.13421320915222,-0.122726440429688,1,21.3952159881592,"train",2140,4,1
"1495",0,1,12.8433055877686,1091710,495390,"2014_2019",1.53254973888397,0.096704363822937,0.0998342707753181,0.171839788556099,112.183471679688,18.2079906463623,0.214482620358467,27.1052017211914,7.7894287109375,0.0614128112792969,1,12.8433055877686,"train",2142,3,1
"1496",0,1,-3.00764799118042,1057710,565890,"2014_2019",1.352787733078,0.0582058466970921,0.0905653983354568,0.0264677610248327,108.884140014648,17.2117080688477,0.170009419322014,24.9464054107666,1.47868883609772,0.196174621582031,1,-3.00764799118042,"train",2143,3,1
"1497",0,1,12.5551061630249,1084210,519890,"2014_2019",1.4656195640564,0.191536799073219,0.283577919006348,0.622308313846588,112.235778808594,15.987696647644,0.338608831167221,27.3664512634277,1.05929577350616,-0.00911045074462891,1,12.5551061630249,"train",2144,3,1
"1498",0,1,8.2612190246582,1121210,528890,"2014_2019",1.82717895507812,0.158262550830841,0.129978269338608,0.0742793157696724,114.34642791748,18.6474094390869,0.680829644203186,20.0293140411377,15.1928911209106,-0.0326223373413086,1,8.2612190246582,"train",2146,3,1
"1499",0,1,28.8531379699707,1175710,429390,"2014_2019",1.55746459960938,0.0622339844703674,0.165126755833626,0.0160205028951168,114.661964416504,19.3258419036865,0.691389501094818,24.1294574737549,20.7708511352539,-0.667318344116211,1,28.8531379699707,"train",2147,1,1
"1500",0,1,-8.84127807617188,1085710,554390,"2014_2019",1.71481931209564,0.0891593396663666,0.232829630374908,0.0447997115552425,112.284126281738,17.0234031677246,0.431634873151779,25.1453189849854,14.9837589263916,0.833809852600098,1,-8.84127807617188,"train",2148,3,1
"1501",0,1,5.76874017715454,1076210,551390,"2014_2019",1.70544910430908,0.112610071897507,0.193966642022133,0.106763958930969,111.156089782715,16.7088165283203,0.324008136987686,25.9507789611816,2.88438129425049,-0.0942468643188477,1,5.76874017715454,"train",2149,3,1
"1502",0,1,-2.55519700050354,1192210,426890,"2014_2019",1.73702120780945,1.0613272190094,0.343994587659836,5.45603466033936,118.954208374023,14.7733488082886,1.708380818367,26.5012359619141,8.8548002243042,0.652255535125732,1,-2.55519700050354,"train",2151,4,1
"1503",0,1,4.64431524276733,1197710,406390,"2014_2019",1.77694487571716,1.34708738327026,0.332905560731888,7.49002885818481,119.200736999512,14.0143632888794,1.60727763175964,27.4739227294922,0.904124557971954,-0.00735569000244141,1,4.64431524276733,"train",2152,4,1
"1504",0,1,-0.740784347057343,1207710,482390,"2014_2019",2.12723422050476,1.67206704616547,0.103627450764179,2.96141171455383,114.502143859863,17.2742404937744,2.19624519348145,9.17799472808838,0.84666633605957,-0.00527513027191162,1,-0.740784347057343,"train",2154,5,1
"1505",0,1,1.40640735626221,1198210,475890,"2014_2019",1.68694198131561,0.5714972615242,0.185404658317566,1.26785731315613,117.392768859863,18.2473487854004,10.4584627151489,11.3056402206421,0.54390811920166,-5.93662261962891e-05,1,1.40640735626221,"train",2155,5,1
"1506",0,1,39.0490188598633,1069710,576890,"2014_2019",1.33105635643005,0.117637515068054,0.33298647403717,0.0964358597993851,110.036727905273,16.5292339324951,0.227888494729996,22.1007041931152,11.5445861816406,0.687232971191406,1,39.0490188598633,"train",2156,3,1
"1507",0,1,-0.28343066573143,1071710,555390,"2014_2019",1.64037477970123,0.0898877084255219,0.250431954860687,0.0595933347940445,111.091094970703,17.4024715423584,0.261667817831039,25.3426151275635,0.229127332568169,-0.00436168909072876,1,-0.28343066573143,"train",2157,3,1
"1508",0,1,28.3960666656494,1195710,416890,"2014_2019",1.71814262866974,1.09474384784698,0.514619410037994,5.77679872512817,119.085899353027,14.8823556900024,1.68516755104065,26.5244789123535,5.8228030204773,0.188173294067383,1,28.3960666656494,"train",2158,4,1
"1509",0,1,0.990891814231873,1082710,564390,"2014_2019",1.63252782821655,0.0951372981071472,0.220913395285606,0.0171986576169729,112.338539123535,19.61301612854,0.224080249667168,22.099142074585,5.66652631759644,-0.14969527721405,1,0.990891814231873,"train",2160,3,1
"1510",0,1,7.79228830337524,1084710,566890,"2014_2019",1.59739315509796,0.0931731536984444,0.217103749513626,0.0102042825892568,112.669105529785,19.8331203460693,0.171654805541039,21.7906608581543,10.5901584625244,-0.0354328155517578,1,7.79228830337524,"train",2161,3,1
"1511",0,1,-2.73454093933105,1176710,435890,"2014_2019",1.47477841377258,0.0605204552412033,0.0871000736951828,0.0198255646973848,114.591957092285,18.7953872680664,0.815878331661224,24.3868007659912,12.3463697433472,-0.188900947570801,1,-2.73454093933105,"train",2162,3,1
"1512",0,1,1.03345727920532,1125710,480890,"2014_2019",1.70862853527069,0.0582096725702286,0.236616209149361,0.0152790620923042,113.088760375977,18.4816989898682,0.573900043964386,25.109525680542,0.756884157657623,-0.00373482704162598,1,1.03345727920532,"train",2163,3,1
"1513",0,1,-0.510261654853821,1077710,515390,"2014_2019",1.8580961227417,0.106330633163452,0.125234514474869,0.247624933719635,110.024322509766,17.7500915527344,0.271111041307449,25.9555416107178,7.16460084915161,-0.757900655269623,1,-0.510261654853821,"train",2165,3,1
"1514",0,1,-2.90264916419983,1068710,564890,"2014_2019",1.58764159679413,0.076934702694416,0.139833822846413,0.0245444662868977,111.153747558594,16.4868659973145,0.257287383079529,26.4916572570801,0.874181807041168,-0.00960826873779297,1,-2.90264916419983,"train",2166,3,1
"1515",0,1,5.25939321517944,1098210,540390,"2014_2019",1.71746265888214,0.0832122266292572,0.230251044034958,0.0269559230655432,112.607498168945,17.6768379211426,0.517748057842255,24.3603782653809,11.0752038955688,-1.03111124038696,1,5.25939321517944,"train",2169,3,1
"1516",0,1,30.8599815368652,1127210,501890,"2014_2019",1.62464022636414,0.0734310671687126,0.250633895397186,0.0255420319736004,114.474403381348,18.5276336669922,0.65326327085495,24.5260047912598,26.463939666748,-0.0523643493652344,1,30.8599815368652,"train",2170,1,1
"1517",0,1,3.34321975708008,1163210,448390,"2014_2019",1.38601362705231,0.121008552610874,0.106607533991337,0.265842080116272,114.777587890625,18.3826599121094,0.886314272880554,24.6331748962402,3.55473518371582,0.0311629772186279,1,3.34321975708008,"train",2172,3,1
"1518",0,1,13.5246200561523,1112210,524890,"2014_2019",1.64941942691803,0.081100344657898,0.20280633866787,0.00998595915734768,114.202919006348,18.706506729126,0.510607779026031,23.6426753997803,11.9043312072754,-0.193194389343262,1,13.5246200561523,"train",2174,3,1
"1519",0,1,34.7553863525391,1115210,524390,"2014_2019",1.63349461555481,0.0816544815897942,0.181882992386818,0.00974083133041859,113.852638244629,18.7348728179932,0.529778361320496,23.4795017242432,20.5652294158936,-0.741916656494141,1,34.7553863525391,"train",2175,1,1
"1520",0,1,15.4367208480835,1199210,405390,"2014_2019",1.76932120323181,1.36662149429321,0.538999259471893,7.63530158996582,119.418548583984,14.0176620483398,1.59452283382416,27.481050491333,1.14694249629974,-0.231557846069336,1,15.4367208480835,"train",2177,4,1
"1521",0,1,35.6095771789551,1054210,561890,"2014_2019",1.43791544437408,1.41103041172028,0.556922614574432,16.273796081543,113.013496398926,10.9015674591064,0.711954295635223,29.324857711792,6.74003314971924,-0.124919891357422,1,35.6095771789551,"train",2178,2,1
"1522",0,1,0.787023842334747,1092210,553890,"2014_2019",1.7238575220108,0.0971386656165123,0.251134783029556,0.0516654402017593,111.252197265625,17.1963386535645,0.450538605451584,24.837272644043,4.97127771377563,-0.763984382152557,1,0.787023842334747,"train",2181,3,1
"1523",0,1,16.5940971374512,1081710,564390,"2014_2019",1.62249028682709,0.0885206758975983,0.258031934499741,0.0146568091586232,112.088241577148,19.4039325714111,0.23110269010067,22.5165309906006,6.9810037612915,-0.107841491699219,1,16.5940971374512,"train",2182,3,1
"1524",0,1,3.22643280029297,1083710,513390,"2014_2019",1.55008482933044,0.16265144944191,0.200717240571976,0.425871253013611,112.755104064941,16.9396877288818,0.289107531309128,27.2271995544434,0.195887967944145,0.0226163864135742,1,3.22643280029297,"train",2185,3,1
"1525",0,1,-2.09402561187744,1122710,480390,"2014_2019",1.7169713973999,0.0570622980594635,0.124297417700291,0.0104669937863946,113.458915710449,18.5227298736572,0.472970843315125,25.4844627380371,0.169951155781746,0.000778675079345703,1,-2.09402561187744,"train",2186,3,1
"1526",0,1,22.5275211334229,1088710,563390,"2014_2019",1.56789207458496,0.10749689489603,0.117079690098763,0.0377356261014938,112.361541748047,20.2325458526611,0.177289098501205,20.6830749511719,24.8457431793213,-0.00366973876953125,1,22.5275211334229,"train",2187,1,1
"1527",0,1,-2.67479634284973,1073210,561890,"2014_2019",1.56613516807556,0.0884985029697418,0.102546826004982,0.0441459342837334,108.742538452148,17.3779602050781,0.222497165203094,26.2165031433105,7.00986528396606,0.00319218635559082,1,-2.67479634284973,"train",2189,3,1
"1528",0,1,-0.345853418111801,1054710,600390,"2014_2019",1.17410624027252,1.26886367797852,0.849690318107605,22.1213893890381,110.849731445312,10.1980848312378,0.785225450992584,29.4436950683594,32.1330757141113,4.09387636184692,1,-0.345853418111801,"train",2190,1,1
"1529",0,1,34.9332618713379,1202710,398890,"2014_2019",1.7781149148941,1.60847246646881,0.869201302528381,9.65492248535156,120.049179077148,13.0329284667969,1.55009388923645,28.3395709991455,4.17892503738403,0.009857177734375,1,34.9332618713379,"train",2191,4,1
"1530",0,1,12.3605127334595,1153210,375890,"2014_2019",1.5010507106781,1.91158008575439,0.451004028320312,14.1265954971313,113.893280029297,11.344069480896,0.847804307937622,30.8728466033936,5.42920684814453,-0.0181493759155273,1,12.3605127334595,"train",2193,2,1
"1531",0,1,3.00073170661926,1096210,492890,"2014_2019",1.56543254852295,0.124320782721043,0.130043923854828,0.247214287519455,114.822204589844,17.6408634185791,0.287123680114746,27.2339687347412,1.30930435657501,-0.0016334056854248,1,3.00073170661926,"train",2194,3,1
"1532",0,1,11.3825168609619,1060710,553890,"2014_2019",1.56084418296814,0.119866080582142,0.497708171606064,0.230326786637306,110.97940826416,15.9138851165771,0.317484050989151,25.3154983520508,0.354671835899353,0.00724315643310547,1,11.3825168609619,"train",2195,3,1
"1533",0,1,-2.79162311553955,1174210,437390,"2014_2019",1.53077042102814,0.07089863717556,0.161222770810127,0.0627184361219406,116.676216125488,18.4703502655029,1.00650072097778,24.3735694885254,5.14275503158569,0.366130352020264,1,-2.79162311553955,"train",2197,3,1
"1534",0,1,19.311222076416,1201210,400390,"2014_2019",1.80599856376648,1.6672614812851,0.487880617380142,10.1298570632935,119.982292175293,12.9834060668945,1.5606175661087,28.3929195404053,2.51330518722534,-0.0672245025634766,1,19.311222076416,"train",2198,4,1
"1535",0,1,20.0199451446533,1195210,379890,"2014_2019",1.63353610038757,1.88293063640594,0.37681233882904,13.6958961486816,120.024574279785,11.6715230941772,1.10727679729462,30.2204170227051,0.881821572780609,-0.0819034576416016,1,20.0199451446533,"train",2200,4,1
"1536",0,1,15.3204345703125,1069210,586390,"2014_2019",1.33839905261993,0.109634280204773,0.192634508013725,0.0692112743854523,109.103233337402,17.5461158752441,0.16695810854435,21.3500518798828,27.3468017578125,0.367117881774902,1,15.3204345703125,"train",2201,1,1
"1537",0,1,-8.69334411621094,1194210,403390,"2014_2019",1.80542504787445,1.35978472232819,0.291009873151779,7.48460006713867,119.001396179199,13.9067916870117,1.54234957695007,27.699800491333,11.579098701477,1.27239990234375,1,-8.69334411621094,"train",2203,4,1
"1538",0,1,29.3237705230713,1186710,407890,"2014_2019",1.43100202083588,0.0674132704734802,0.0576339960098267,0.0413325764238834,115.941505432129,18.7121391296387,0.349800378084183,26.6628665924072,4.7253737449646,-0.162206649780273,1,29.3237705230713,"train",2204,3,1
"1539",0,1,-3.33394813537598,1193210,400890,"2014_2019",1.74050796031952,1.24518024921417,0.395068764686584,6.80327987670898,117.822006225586,14.3801374435425,1.4906439781189,27.558666229248,8.12684059143066,2.40072870254517,1,-3.33394813537598,"train",2205,4,1
"1540",0,1,5.30475282669067,1071210,554890,"2014_2019",1.63351774215698,0.0898308828473091,0.260324537754059,0.0594941563904285,110.720336914062,17.3676357269287,0.265273183584213,25.3856830596924,3.74036145210266,-0.00832509994506836,1,5.30475282669067,"train",2206,3,1
"1541",0,1,6.40190601348877,1081210,515390,"2014_2019",1.54711198806763,0.130658403038979,0.239355817437172,0.366486251354218,111.550559997559,17.0935764312744,0.271730482578278,27.116641998291,0.921604633331299,0.0127921104431152,1,6.40190601348877,"train",2207,3,1
"1542",0,1,-0.096932128071785,1086710,508390,"2014_2019",1.47419583797455,0.116088978946209,0.145306572318077,0.272511631250381,112.539932250977,17.4159717559814,0.266486555337906,27.2544002532959,0.478512734174728,-0.000312454998493195,1,-0.096932128071785,"train",2208,3,1
"1543",0,1,-8.95905208587646,1092210,495390,"2014_2019",1.5330867767334,0.0922383740544319,0.173428386449814,0.160582587122917,112.732536315918,18.0865898132324,0.229522079229355,27.1280555725098,2.26595211029053,-1.34996175765991,1,-8.95905208587646,"train",2209,3,1
"1544",0,1,2.92745041847229,1183210,400390,"2014_2019",1.44069647789001,0.0686511322855949,0.090378150343895,0.0155521538108587,116.487663269043,18.0907573699951,0.489996790885925,26.6298351287842,21.8794631958008,-2.00235342979431,1,2.92745041847229,"train",2211,1,1
"1545",0,1,24.7648315429688,1172210,446890,"2014_2019",1.51040601730347,0.175796419382095,0.231210470199585,0.479758739471436,116.00804901123,17.5918731689453,1.33099961280823,24.390718460083,9.26497745513916,0.132106781005859,1,24.7648315429688,"train",2212,3,1
"1546",0,1,1.29028332233429,1207710,478390,"2014_2019",0.932424008846283,0.173739269375801,0.0678550228476524,0.32154506444931,114.021934509277,19.9566135406494,4.07017803192139,11.8249559402466,0.810169100761414,-0.0440610647201538,1,1.29028332233429,"train",2213,5,1
"1547",0,1,34.4701919555664,1177210,447890,"2014_2019",1.66797089576721,0.175459370017052,0.354108303785324,0.239307284355164,117.431289672852,16.6347675323486,2.29337358474731,23.7684631347656,3.80559492111206,0.639354705810547,1,34.4701919555664,"train",2215,4,1
"1548",0,1,24.5901775360107,1041710,584390,"2014_2019",1.26325738430023,1.65240228176117,0.543784737586975,18.1884002685547,113.41845703125,11.1265640258789,0.511410534381866,29.6401824951172,5.6624345779419,-0.108982086181641,1,24.5901775360107,"train",2216,2,1
"1549",0,1,4.23544359207153,1199210,477390,"2014_2019",1.41142892837524,0.515017688274384,0.223574578762054,1.15695905685425,116.878883361816,18.4784564971924,9.061842918396,11.9231452941895,0.284274578094482,0.00389480590820312,1,4.23544359207153,"train",2217,5,1
"1550",0,1,1.84355616569519,1080710,518390,"2014_2019",1.43335330486298,0.228931054472923,0.164649277925491,0.861128330230713,113.439094543457,16.4400806427002,0.318419426679611,27.4409027099609,1.88579142093658,-0.171969890594482,1,1.84355616569519,"train",2218,3,1
"1551",0,1,23.5932369232178,1190710,411890,"2014_2019",1.79581522941589,1.18329167366028,0.306221395730972,5.9384241104126,117.898536682129,14.5370244979858,1.42933523654938,27.3554725646973,4.59444379806519,-0.0397872924804688,1,23.5932369232178,"train",2220,4,1
"1552",0,1,5.53058576583862,1159710,459890,"2014_2019",1.57279551029205,0.138007387518883,0.073912002146244,0.264485836029053,113.747741699219,18.4683036804199,0.952663421630859,23.7229461669922,4.04493856430054,1.27484178543091,1,5.53058576583862,"train",2221,3,1
"1553",0,1,38.7070007324219,1181210,439890,"2014_2019",1.72051787376404,0.519828200340271,0.658849239349365,2.0576536655426,117.558433532715,16.1940364837646,1.40330183506012,25.639030456543,6.67089319229126,-0.225063323974609,1,38.7070007324219,"train",2222,4,1
"1554",0,1,30.1609497070312,1079210,550390,"2014_2019",1.69060039520264,0.0999430194497108,0.343644171953201,0.0584310479462147,111.787239074707,17.6985645294189,0.273260921239853,24.7289791107178,4.0421085357666,0.0260562896728516,1,30.1609497070312,"train",2223,3,1
"1555",0,1,25.7026100158691,1146710,376890,"2014_2019",1.4703676700592,1.87662422657013,0.493989825248718,13.7705059051514,111.142890930176,11.3006353378296,0.832137703895569,30.9273796081543,2.99557971954346,0.0447177886962891,1,25.7026100158691,"train",2225,2,1
"1556",0,1,19.2757358551025,1094210,495390,"2014_2019",1.62604832649231,0.104419976472855,0.237154960632324,0.171478122472763,113.049690246582,17.5279788970947,0.28225839138031,27.2323436737061,8.07587337493896,-0.241189956665039,1,19.2757358551025,"train",2226,3,1
"1557",0,1,31.2678337097168,1196210,372390,"2014_2019",1.66587996482849,1.91954815387726,0.783005714416504,13.5816926956177,121.328567504883,11.6490068435669,1.13409674167633,30.0923652648926,3.83061099052429,0.100191116333008,1,31.2678337097168,"train",2227,4,1
"1558",0,1,5.640709400177,1168210,442890,"2014_2019",1.37887406349182,0.0709951370954514,0.136979401111603,0.0611700937151909,114.796943664551,18.8600044250488,0.747696816921234,24.6364269256592,2.92454481124878,1.09503078460693,1,5.640709400177,"train",2228,3,1
"1559",0,1,38.9902572631836,1048710,586890,"2014_2019",1.44382584095001,1.59596526622772,0.1704071611166,14.3566513061523,110.248817443848,12.0742349624634,0.503303587436676,28.4256019592285,23.3575038909912,-0.0558624267578125,1,38.9902572631836,"train",2229,1,1
"1560",0,1,10.4863920211792,1072710,544390,"2014_2019",1.57141196727753,0.10752721875906,0.234512731432915,0.0977695509791374,110.747016906738,16.8685474395752,0.309309780597687,26.1145439147949,0.9402996301651,0.0288162231445312,1,10.4863920211792,"train",2230,3,1
"1561",0,1,-2.59800291061401,1151210,464890,"2014_2019",1.63621997833252,0.0701148137450218,0.0963735431432724,0.0282541811466217,114.395553588867,18.7851676940918,0.924648582935333,23.4694061279297,6.56487464904785,-0.162826299667358,1,-2.59800291061401,"train",2231,3,1
"1562",0,1,-2.80703401565552,1058710,563890,"2014_2019",1.35731160640717,0.0650766491889954,0.139023393392563,0.0255365166813135,108.89826965332,17.0803127288818,0.193092420697212,24.349609375,3.73692631721497,-0.0620675086975098,1,-2.80703401565552,"train",2232,3,1
"1563",0,1,2.0675938129425,1099210,503390,"2014_2019",1.63301062583923,0.0779358446598053,0.178350150585175,0.0874651595950127,112.635185241699,17.2379016876221,0.288191080093384,27.1451015472412,6.02290105819702,0.011786937713623,1,2.0675938129425,"train",2233,3,1
"1564",0,1,13.1745872497559,1180210,444390,"2014_2019",1.45415019989014,0.132900610566139,0.248730808496475,0.198450088500977,116.806846618652,17.9883499145508,2.90029215812683,21.7791957855225,4.37307453155518,-0.0846776962280273,1,13.1745872497559,"train",2235,5,1
"1565",0,1,39.8157806396484,1200710,397390,"2014_2019",1.80082559585571,1.67177557945251,0.357048690319061,9.86785221099854,119.585693359375,13.1329574584961,1.50206816196442,28.4559173583984,2.44740843772888,0.0201950073242188,1,39.8157806396484,"train",2236,4,1
"1566",0,1,30.9812145233154,1060710,593390,"2014_2019",1.27869582176208,0.216818615794182,0.189546927809715,0.865893065929413,108.547996520996,15.741171836853,0.273194372653961,20.0428047180176,20.7984008789062,0.0542430877685547,1,30.9812145233154,"train",2238,1,1
"1567",0,1,5.82245397567749,1169710,442890,"2014_2019",1.4414244890213,0.0615647956728935,0.102861054241657,0.0429472140967846,115.928413391113,18.7180328369141,0.811944842338562,24.6964282989502,1.60592472553253,-0.703384399414062,1,5.82245397567749,"train",2240,3,1
"1568",0,1,-3.00764799118042,1124210,500390,"2014_2019",1.67145335674286,0.069109633564949,0.119118683040142,0.0194938890635967,114.362266540527,18.4453639984131,0.520525395870209,25.1748905181885,8.2672929763794,1.22019481658936,1,-3.00764799118042,"train",2242,3,1
"1569",0,1,13.2514915466309,1190710,437390,"2014_2019",1.36865043640137,0.146857008337975,0.275997519493103,0.257252961397171,116.851547241211,18.0321598052979,3.26950073242188,21.2066040039062,4.97380781173706,-0.00200557708740234,1,13.2514915466309,"train",2243,5,1
"1570",0,1,16.7274971008301,1202210,397390,"2014_2019",1.78282713890076,1.707399725914,0.784307360649109,10.5146865844727,120.076034545898,12.767370223999,1.5255720615387,28.6159496307373,2.26685285568237,0.0307121276855469,1,16.7274971008301,"train",2246,4,1
"1571",0,1,12.7552833557129,1164710,450390,"2014_2019",1.47288131713867,0.168436154723167,0.226463735103607,0.426997810602188,115.048049926758,18.032247543335,1.02123153209686,24.5087051391602,3.29829120635986,0.101268768310547,1,12.7552833557129,"train",2248,3,1
"1572",0,1,-1.44305598735809,1037210,601890,"2014_2019",1.28826856613159,1.62028348445892,0.157770618796349,14.3953742980957,108.580909729004,11.2035007476807,0.551822066307068,29.7659072875977,0.334490358829498,-0.0104823112487793,1,-1.44305598735809,"train",2249,2,1
"1573",0,1,-1.7152236700058,1124710,494890,"2014_2019",1.6091136932373,0.0726106911897659,0.170690923929214,0.0212326422333717,112.067497253418,18.302604675293,0.904855191707611,23.9997043609619,1.04531061649323,0.0179966688156128,1,-1.7152236700058,"train",2252,3,1
"1574",0,1,31.2036399841309,1194210,417390,"2014_2019",1.70176541805267,1.06436216831207,0.435608595609665,5.49714946746826,118.674423217773,15.0477924346924,1.62169921398163,26.5107536315918,0.549747824668884,-0.0178794860839844,1,31.2036399841309,"train",2253,4,1
"1575",0,1,-1.8707103729248,1042710,580390,"2014_2019",1.31694090366364,1.65483868122101,0.450785249471664,18.2827606201172,114.268409729004,11.2410936355591,0.524919629096985,29.6290588378906,23.799409866333,3.18576192855835,1,-1.8707103729248,"train",2255,2,1
"1576",0,1,7.02503204345703,1198210,405890,"2014_2019",1.76978302001953,1.36242663860321,0.450636982917786,7.63103151321411,119.545928955078,13.9943866729736,1.60023248195648,27.5126934051514,1.25065076351166,-0.00228118896484375,1,7.02503204345703,"train",2256,4,1
"1577",0,1,25.8657703399658,1198210,379890,"2014_2019",1.62905037403107,1.89057767391205,0.435952246189117,13.9644737243652,120.425476074219,11.6033325195312,1.13325047492981,30.2106494903564,2.51184272766113,0.0894031524658203,1,25.8657703399658,"train",2257,4,1
"1578",0,1,-3.00764799118042,1119710,508890,"2014_2019",1.6380375623703,0.0609305575489998,0.131323486566544,0.0107549438253045,112.30460357666,18.3857765197754,0.595846176147461,24.9708290100098,13.7649927139282,3.66645812988281,1,-3.00764799118042,"train",2258,3,1
"1579",0,1,9.30142974853516,1082210,568390,"2014_2019",1.61699402332306,0.0881674960255623,0.112253755331039,0.0122979758307338,111.362777709961,19.3861465454102,0.18777023255825,22.8503856658936,18.5362186431885,-0.958280563354492,1,9.30142974853516,"train",2260,3,1
"1580",0,1,1.72031342983246,1111210,530890,"2014_2019",1.62129843235016,0.084773913025856,0.281148254871368,0.0313507057726383,112.763168334961,18.3231086730957,0.629603266716003,22.9979953765869,3.64884829521179,0.342748761177063,1,1.72031342983246,"train",2261,3,1
"1581",0,1,24.472261428833,1130710,500390,"2014_2019",1.57210326194763,0.0736972242593765,0.332925647497177,0.0260705035179853,113.364463806152,18.8022041320801,0.832373201847076,23.4953937530518,27.7751579284668,-0.146158218383789,1,24.472261428833,"train",2262,1,1
"1582",0,1,12.1445369720459,1186710,412390,"2014_2019",1.51979422569275,0.422054499387741,0.317614912986755,1.50535202026367,116.386245727539,16.3580436706543,0.968101859092712,26.7895679473877,9.60553359985352,0.00404262542724609,1,12.1445369720459,"train",2263,3,1
"1583",0,1,12.5474157333374,1076210,554890,"2014_2019",1.64342164993286,0.0881073549389839,0.123205058276653,0.0323457419872284,111.746284484863,18.2653980255127,0.241566479206085,24.2597198486328,3.9230318069458,0.0278358459472656,1,12.5474157333374,"train",2264,3,1
"1584",0,1,11.7120847702026,1108210,518390,"2014_2019",1.78019893169403,0.0612260736525059,0.164118573069572,0.0151617592200637,113.478355407715,17.5399475097656,0.480280667543411,26.2255001068115,7.51392602920532,-0.00594806671142578,1,11.7120847702026,"train",2265,3,1
"1585",0,1,7.67973136901855,1083710,521890,"2014_2019",1.43656444549561,0.236497938632965,0.317546337842941,0.797967612743378,112.604591369629,15.7035760879517,0.362953692674637,27.4391918182373,1.48932719230652,-0.022618293762207,1,7.67973136901855,"train",2266,2,1
"1586",0,1,33.0904083251953,1179710,445390,"2014_2019",1.45533263683319,0.130663558840752,0.243752524256706,0.192060217261314,116.800216674805,18.0192165374756,2.926673412323,21.7302722930908,6.35916042327881,0.0491600036621094,1,33.0904083251953,"train",2267,5,1
"1587",0,1,-0.728361368179321,1078210,513890,"2014_2019",1.71751368045807,0.0848692432045937,0.122858345508575,0.170387715101242,110.26505279541,17.8344306945801,0.246542543172836,26.1937141418457,0.645508885383606,0.0370363593101501,1,-0.728361368179321,"train",2268,3,1
"1588",0,1,-2.84113454818726,1068210,559890,"2014_2019",1.58244335651398,0.0676359981298447,0.140933886170387,0.0268739797174931,111.670974731445,16.7687759399414,0.254840075969696,26.2901630401611,8.78088569641113,0.327080011367798,1,-2.84113454818726,"train",2269,3,1
"1589",0,1,2.61675262451172,1094710,497890,"2014_2019",1.58159399032593,0.0662254467606544,0.213661760091782,0.0763259008526802,112.888168334961,17.9010143280029,0.25334769487381,27.0644073486328,6.24118328094482,-0.109646797180176,1,2.61675262451172,"train",2270,3,1
"1590",0,1,13.5343618392944,1177210,424390,"2014_2019",1.59869527816772,0.118953950703144,0.235400810837746,0.186158373951912,114.151008605957,18.3593578338623,0.807068943977356,24.7107124328613,8.36367130279541,-0.553153991699219,1,13.5343618392944,"train",2271,3,1
"1591",0,1,-3.00764799118042,1117210,500890,"2014_2019",1.65272617340088,0.0750425532460213,0.243397429585457,0.0282803811132908,113.156715393066,18.0812835693359,0.663555264472961,25.1322841644287,0,0,1,-3.00764799118042,"train",2272,3,1
"1592",0,1,3.75615215301514,1048210,582890,"2014_2019",0.816029906272888,0.163513034582138,0.0242037307471037,0.37530517578125,103.908317565918,14.1031923294067,0.234480902552605,29.6041374206543,4.91756868362427,0.0652675628662109,1,3.75615215301514,"train",2273,2,1
"1593",0,1,-2.62738370895386,1098710,490390,"2014_2019",1.56283044815063,0.0909773856401443,0.107949383556843,0.100253656506538,113.871070861816,17.850658416748,0.284068733453751,27.0864105224609,3.16925072669983,0.0459904670715332,1,-2.62738370895386,"train",2274,3,1
"1594",0,1,-2.14189076423645,1151710,465390,"2014_2019",1.59455335140228,0.0659607350826263,0.13866038620472,0.0239877570420504,114.946678161621,18.7950534820557,0.960199534893036,23.4315128326416,0.219209611415863,-0.00828003883361816,1,-2.14189076423645,"train",2275,3,1
"1595",0,1,17.0951766967773,1091710,596390,"2014_2019",1.38955402374268,0.0991495922207832,0.176247015595436,0.159446373581886,112.524955749512,19.4031963348389,0.111480697989464,12.3233804702759,25.7732486724854,0.157917022705078,1,17.0951766967773,"train",2276,1,1
"1596",0,1,5.66397285461426,1181710,442390,"2014_2019",1.44088578224182,0.128870695829391,0.204963594675064,0.198136523365974,116.799812316895,18.0051231384277,2.91952991485596,21.7294521331787,5.34693765640259,-0.0101480484008789,1,5.66397285461426,"train",2277,5,1
"1597",0,1,35.3269004821777,1196710,434890,"2014_2019",1.39513790607452,0.203538835048676,0.507899343967438,0.37446454167366,117.535934448242,17.5585231781006,3.49317622184753,21.5048809051514,10.5415525436401,-0.507602691650391,1,35.3269004821777,"train",2278,5,1
"1598",0,1,2.86401414871216,1125210,528890,"2014_2019",1.39608228206635,0.0985751524567604,0.25222060084343,0.0100282654166222,115.476295471191,20.0962867736816,0.366421639919281,21.2618064880371,5.41439533233643,-0.0216779708862305,1,2.86401414871216,"train",2279,3,1
"1599",0,1,10.1052541732788,1084210,520890,"2014_2019",1.45541203022003,0.204489156603813,0.311868607997894,0.648478269577026,112.286125183105,15.8523225784302,0.350421577692032,27.3949775695801,0.840480923652649,0.0437994003295898,1,10.1052541732788,"train",2280,2,1
"1600",0,1,21.212272644043,1053210,563890,"2014_2019",1.43791115283966,1.4787003993988,0.649054050445557,16.9924793243408,112.240379333496,10.9084711074829,0.684022426605225,29.3819217681885,11.952883720398,0.359167098999023,1,21.212272644043,"train",2281,2,1
"1601",0,1,-2.10929870605469,1045210,604890,"2014_2019",1.00098156929016,0.228833436965942,0.134898841381073,0.974142611026764,104.983474731445,13.3875217437744,0.345928490161896,29.4674892425537,0.821497023105621,-0.00096893310546875,1,-2.10929870605469,"train",2282,2,1
"1602",0,1,-0.506287395954132,1095710,504890,"2014_2019",1.56300258636475,0.0785388201475143,0.153783842921257,0.101904831826687,113.407745361328,17.4437808990479,0.284249395132065,27.1317672729492,1.26058554649353,-0.00240921974182129,1,-0.506287395954132,"train",2285,3,1
"1603",0,1,29.6678829193115,1079210,560890,"2014_2019",1.61738121509552,0.08192577958107,0.347647994756699,0.0224987715482712,110.777725219727,18.2707042694092,0.251037538051605,24.0193328857422,16.7788524627686,-0.100065231323242,1,29.6678829193115,"train",2287,1,1
"1604",0,1,4.14583730697632,1164210,440890,"2014_2019",1.46416938304901,0.0687990486621857,0.0951716005802155,0.0215373132377863,116.020729064941,19.3432884216309,0.671389400959015,24.3338985443115,6.88021612167358,0.105066299438477,1,4.14583730697632,"train",2289,3,1
"1605",0,1,10.923451423645,1061710,553390,"2014_2019",1.510418176651,0.102444931864738,0.429002732038498,0.132979452610016,110.025436401367,16.2633075714111,0.305246591567993,25.0809459686279,0.492793619632721,0.00797653198242188,1,10.923451423645,"train",2290,3,1
"1606",0,1,14.9892492294312,1055710,562390,"2014_2019",1.44480669498444,1.48216331005096,0.652105271816254,16.8820381164551,112.743072509766,11.0172529220581,0.688716471195221,29.3448333740234,9.3848762512207,0.787290573120117,1,14.9892492294312,"train",2291,2,1
"1607",0,1,13.8182153701782,1196710,408390,"2014_2019",1.78993630409241,1.29788267612457,0.512365221977234,7.03449773788452,118.949058532715,14.1058740615845,1.61216461658478,27.3426647186279,7.74547481536865,-0.00121498107910156,1,13.8182153701782,"train",2292,4,1
"1608",0,1,26.3316249847412,1180710,437890,"2014_2019",1.76743757724762,0.437963336706161,0.402619779109955,1.69836556911469,117.223571777344,16.4407157897949,1.36615800857544,25.4404106140137,6.54262924194336,-0.513690948486328,1,26.3316249847412,"train",2294,4,1
"1609",0,1,1.372279047966,1083710,510890,"2014_2019",1.4650102853775,0.0714665502309799,0.0691673681139946,0.0774666965007782,112.194152832031,17.7930545806885,0.226342931389809,27.1303577423096,6.30108165740967,0.00396287441253662,1,1.372279047966,"train",2295,3,1
"1610",0,1,2.61131691932678,1068210,535890,"2014_2019",1.49086785316467,0.456615388393402,0.25075551867485,2.45761585235596,111.696739196777,14.4014806747437,0.430496573448181,27.6196632385254,0.838422179222107,0.0606796741485596,1,2.61131691932678,"train",2296,2,1
"1611",0,1,-8.02252197265625,1217210,480390,"2014_2019",1.47503340244293,0.759743571281433,0.0940134227275848,1.40635108947754,114.589004516602,18.7187747955322,3.0947732925415,10.7115507125854,3.35875153541565,0.0166530609130859,1,-8.02252197265625,"train",2298,5,1
"1612",0,1,23.1445007324219,1168210,443390,"2014_2019",1.37930142879486,0.0725079104304314,0.142040431499481,0.066751591861248,114.632591247559,18.8157978057861,0.761719405651093,24.6492195129395,3.90399479866028,-0.142866134643555,1,23.1445007324219,"train",2301,3,1
"1613",0,1,11.5928764343262,1061210,553390,"2014_2019",1.51696276664734,0.109417021274567,0.466140329837799,0.168269261717796,110.394599914551,16.1775016784668,0.30713939666748,25.1446704864502,0.882345020771027,-0.00495147705078125,1,11.5928764343262,"train",2302,3,1
"1614",0,1,-3.00764799118042,1205710,423890,"2014_2019",1.46189701557159,0.668707847595215,0.176169916987419,3.10813236236572,118.977249145508,15.9175243377686,2.47809863090515,24.554967880249,10.4567079544067,1.94530773162842,1,-3.00764799118042,"train",2304,3,1
"1615",0,1,24.5175437927246,1174710,452390,"2014_2019",1.5132611989975,0.129548594355583,0.23905174434185,0.14210769534111,116.293716430664,18.0676860809326,2.33119034767151,22.4461860656738,2.50338816642761,-0.00708770751953125,1,24.5175437927246,"train",2305,3,1
"1616",0,1,23.9699935913086,1083710,566890,"2014_2019",1.61264395713806,0.0914462879300117,0.241309285163879,0.0108049819245934,112.090049743652,19.644323348999,0.185535505414009,22.2408142089844,8.67029190063477,0.081207275390625,1,23.9699935913086,"train",2306,3,1
"1617",0,1,-2.05873107910156,1197710,403890,"2014_2019",1.82294023036957,1.53844738006592,0.19739405810833,8.8818359375,120.15064239502,13.3256015777588,1.56782138347626,28.1665477752686,0.587266385555267,-0.00238347053527832,1,-2.05873107910156,"train",2307,4,1
"1618",0,1,18.1900177001953,1123710,526890,"2014_2019",1.47856855392456,0.0889641493558884,0.272296279668808,0.0209114328026772,115.620758056641,19.3730449676514,0.623237788677216,21.5122928619385,2.8235182762146,0.153659820556641,1,18.1900177001953,"train",2308,3,1
"1619",0,1,14.7093362808228,1061710,543890,"2014_2019",1.46093368530273,0.365627467632294,0.291143894195557,1.65466558933258,109.491409301758,14.9924459457397,0.370524048805237,27.146312713623,1.0112372636795,-0.345929145812988,1,14.7093362808228,"train",2309,2,1
"1620",0,1,28.3611259460449,1176210,436890,"2014_2019",1.49098598957062,0.0625388920307159,0.0574146583676338,0.0258453972637653,115.793792724609,18.6408863067627,0.905726432800293,24.367618560791,4.58212947845459,-0.0250701904296875,1,28.3611259460449,"train",2310,3,1
"1621",0,1,18.3167915344238,1158210,461390,"2014_2019",1.55727124214172,0.0811849907040596,0.126323595643044,0.0332170575857162,113.01634979248,18.7877807617188,0.856115102767944,23.3839149475098,19.8155422210693,-2.12783622741699,1,18.3167915344238,"train",2311,1,1
"1622",0,1,25.2472877502441,1168210,448390,"2014_2019",1.39757037162781,0.136401548981667,0.134264975786209,0.323505848646164,115.412521362305,18.0269947052002,1.02469909191132,24.6292552947998,1.70557141304016,0.251970291137695,1,25.2472877502441,"train",2313,3,1
"1623",0,1,-1.03588318824768,1048710,599390,"2014_2019",1.1807963848114,1.04581546783447,0.192148774862289,12.8934841156006,105.342376708984,11.5103206634521,0.568419098854065,29.5132083892822,8.65932273864746,-0.2040194272995,1,-1.03588318824768,"train",2314,2,1
"1624",0,1,33.5955696105957,1218210,424390,"2014_2019",1.49982130527496,0.422188431024551,1.17496359348297,1.36069107055664,119.044807434082,15.4915246963501,2.75228476524353,24.4567680358887,10.8502597808838,-0.130622863769531,1,33.5955696105957,"train",2315,4,1
"1625",0,1,7.42862319946289,1064210,539390,"2014_2019",1.86795365810394,0.511958956718445,0.167946740984917,2.66180610656738,110.863861083984,14.7344188690186,0.426709115505219,26.5789451599121,2.75933647155762,0.299861431121826,1,7.42862319946289,"train",2316,3,1
"1626",0,1,3.24996018409729,1044210,575390,"2014_2019",1.354119181633,1.61683487892151,0.583071053028107,18.5946083068848,110.627967834473,11.0241012573242,0.578508198261261,29.6291446685791,30.625904083252,-0.0758545398712158,1,3.24996018409729,"train",2317,1,1
"1627",0,1,-2.75788474082947,1153710,462890,"2014_2019",1.76281225681305,0.0734530240297318,0.154833793640137,0.0264668725430965,114.245269775391,18.9472122192383,0.926816582679749,23.0951404571533,8.38837242126465,0.614481687545776,1,-2.75788474082947,"train",2318,3,1
"1628",0,1,4.37952518463135,1045210,567390,"2014_2019",1.60786056518555,1.53371250629425,0.439510107040405,16.5324077606201,112.511741638184,11.5213460922241,0.569518983364105,28.9666481018066,1.53135430812836,-0.00272369384765625,1,4.37952518463135,"train",2319,2,1
"1629",0,1,-1.12754344940186,1084210,512390,"2014_2019",1.56378662586212,0.177945509552956,0.194536626338959,0.481897532939911,113.300369262695,16.8306522369385,0.297460287809372,27.2888641357422,1.83945286273956,-0.120114207267761,1,-1.12754344940186,"train",2320,3,1
"1630",0,1,0.740002274513245,1114210,512390,"2014_2019",1.70829880237579,0.0579745881259441,0.188212916254997,0.0102953985333443,110.999626159668,17.95920753479,0.547731280326843,25.634578704834,14.0987739562988,-0.0506078004837036,1,0.740002274513245,"train",2322,3,1
"1631",0,1,38.0477905273438,1201210,394890,"2014_2019",1.7920788526535,1.65189969539642,0.425736010074615,9.6913251876831,119.887832641602,13.2506790161133,1.47902953624725,28.4222660064697,5.01083040237427,0.0886802673339844,1,38.0477905273438,"train",2325,4,1
"1632",0,1,-2.18775725364685,1185710,411390,"2014_2019",1.44272744655609,0.127334088087082,0.0930129736661911,0.224205762147903,115.951301574707,17.7581043243408,0.5919429063797,26.6857395172119,7.33974838256836,0.444213390350342,1,-2.18775725364685,"train",2327,3,1
"1633",0,1,-1.70199048519135,1117210,499390,"2014_2019",1.64510881900787,0.0702927634119987,0.20842532813549,0.0220260806381702,113.60001373291,18.0495414733887,0.689229130744934,25.0737247467041,1.32939219474792,-0.0784223079681396,1,-1.70199048519135,"train",2328,3,1
"1634",0,1,1.19751417636871,1060210,543390,"2014_2019",1.35909068584442,0.333778142929077,0.197893649339676,1.69585120677948,110.085990905762,15.4932613372803,0.349763363599777,26.9620227813721,0.642740190029144,0.0179965496063232,1,1.19751417636871,"train",2329,2,1
"1635",0,1,-1.5464733839035,1084210,511390,"2014_2019",1.55695068836212,0.145452335476875,0.135465711355209,0.312414914369583,114.141525268555,16.9472236633301,0.286200612783432,27.3038730621338,0.138396263122559,-0.000757098197937012,1,-1.5464733839035,"train",2330,3,1
"1636",0,1,6.892333984375,1196710,426390,"2014_2019",1.68653535842896,1.12485539913177,0.456980168819427,6.2140998840332,117.678131103516,14.6117534637451,1.95666861534119,26.266881942749,11.4489002227783,0.199965953826904,1,6.892333984375,"train",2334,4,1
"1637",0,1,15.4207458496094,1182210,405390,"2014_2019",1.38926470279694,0.0986530184745789,0.106768183410168,0.102753974497318,115.799926757812,17.3653392791748,0.653568208217621,26.6802997589111,9.1919469833374,-0.0261650085449219,1,15.4207458496094,"train",2335,3,1
"1638",0,1,37.5666007995605,1180710,395390,"2014_2019",1.84077405929565,0.078915037214756,0.108401536941528,0.0455756150186062,110.805389404297,17.6361122131348,0.429538071155548,26.389705657959,25.0141258239746,0.0579338073730469,1,37.5666007995605,"train",2336,1,1
"1639",0,1,18.2907600402832,1105710,535890,"2014_2019",1.63413405418396,0.0845175608992577,0.134868517518044,0.0274465400725603,111.987884521484,18.2270965576172,0.513837099075317,23.5594120025635,7.98314619064331,0.0363922119140625,1,18.2907600402832,"train",2337,3,1
"1640",0,1,34.9546432495117,1069210,582390,"2014_2019",1.33951246738434,0.122521139681339,0.222347244620323,0.0990892797708511,110.402725219727,16.7008953094482,0.220169723033905,21.5301551818848,25.8411827087402,-0.615444183349609,1,34.9546432495117,"train",2338,1,1
"1641",0,1,23.844202041626,1189710,425890,"2014_2019",1.73797750473022,0.845536947250366,0.43895098567009,4.04999923706055,117.858154296875,15.5464868545532,1.6024876832962,26.0223445892334,6.81681728363037,0.437984466552734,1,23.844202041626,"train",2339,4,1
"1642",0,1,1.8950537443161,1098710,539390,"2014_2019",1.70978105068207,0.0815142840147018,0.215463981032372,0.0248188264667988,112.640983581543,17.704662322998,0.526921093463898,24.3616352081299,2.57102131843567,-0.174269080162048,1,1.8950537443161,"train",2341,3,1
"1643",0,1,13.0867033004761,1188210,438890,"2014_2019",1.38540244102478,0.140054076910019,0.275116264820099,0.231646716594696,117.086563110352,18.0327014923096,3.22487425804138,21.2774410247803,6.12196207046509,-0.00235176086425781,1,13.0867033004761,"train",2342,5,1
"1644",0,1,2.41283178329468,1089210,566390,"2014_2019",1.54003024101257,0.0963880643248558,0.129333794116974,0.0201801899820566,113.29621887207,20.5198287963867,0.145257920026779,21.3120822906494,9.6789722442627,-0.0514376163482666,1,2.41283178329468,"train",2343,3,1
"1645",0,1,1.79446852207184,1102210,501890,"2014_2019",1.65916478633881,0.0774285271763802,0.294666618108749,0.081339456140995,113.249168395996,17.3815288543701,0.310992568731308,26.9602394104004,2.320152759552,-0.015973687171936,1,1.79446852207184,"train",2344,3,1
"1646",0,1,0.875161111354828,1086210,560890,"2014_2019",1.83462572097778,0.453364193439484,0.0751610398292542,0.785852670669556,111.816688537598,18.6202640533447,0.350315481424332,14.5561332702637,2.11010909080505,0.00781601667404175,1,0.875161111354828,"train",2346,3,1
"1647",0,1,-2.2903573513031,1062210,542390,"2014_2019",1.43902134895325,0.473549783229828,0.335878938436508,2.79926109313965,111.34407043457,14.7189979553223,0.40404337644577,27.3991680145264,1.24073493480682,2.78949737548828e-05,1,-2.2903573513031,"train",2348,2,1
"1648",0,1,-2.22308039665222,1085210,509390,"2014_2019",1.46459746360779,0.110446028411388,0.096534013748169,0.266207098960876,113.107681274414,17.4864673614502,0.259409368038177,27.2411594390869,0.474096566438675,0.00366616249084473,1,-2.22308039665222,"train",2350,3,1
"1649",0,1,23.6994495391846,1056710,585890,"2014_2019",1.5781090259552,1.51730298995972,0.186704099178314,12.6679029464722,113.083633422852,12.0468997955322,0.549104630947113,28.3519077301025,4.68046188354492,-1.47140884399414,1,23.6994495391846,"train",2351,2,1
"1650",0,1,2.88660717010498,1081710,514890,"2014_2019",1.54172146320343,0.118256822228432,0.237490653991699,0.299961477518082,112.063949584961,17.1686897277832,0.267878830432892,27.1092147827148,0.271688461303711,0.00850248336791992,1,2.88660717010498,"train",2352,3,1
"1651",0,1,29.54638671875,1203210,385390,"2014_2019",1.7312935590744,1.70922553539276,0.846356153488159,10.2062005996704,121.23543548584,12.5480394363403,1.40291106700897,29.0548229217529,1.76087749004364,-0.0366268157958984,1,29.54638671875,"train",2353,4,1
"1652",0,1,6.04979991912842,1054710,589890,"2014_2019",1.26440227031708,0.83893096446991,0.878499090671539,6.94870138168335,108.007591247559,13.2649879455566,0.428799271583557,28.2223606109619,5.05344820022583,1.29427623748779,1,6.04979991912842,"train",2355,2,1
"1653",0,1,7.57439708709717,1071210,549890,"2014_2019",1.57015693187714,0.10094827413559,0.266288876533508,0.0792195051908493,110.34041595459,16.975606918335,0.301753640174866,25.859224319458,1.85407853126526,0.0535430908203125,1,7.57439708709717,"train",2356,3,1
"1654",0,1,30.5390911102295,1195710,372390,"2014_2019",1.66212522983551,1.9170902967453,0.819164574146271,13.6024875640869,121.340530395508,11.6258220672607,1.12927150726318,30.1142597198486,1.08858156204224,-0.0831813812255859,1,30.5390911102295,"train",2358,4,1
"1655",0,1,10.5872440338135,1172210,443890,"2014_2019",1.48621737957001,0.177693977952003,0.176694437861443,0.523405373096466,116.311538696289,17.6342868804932,1.38071525096893,24.3452682495117,0.139778092503548,0.115165710449219,1,10.5872440338135,"train",2360,3,1
"1656",0,1,-8.98922252655029,1079210,552390,"2014_2019",1.66252660751343,0.0902053192257881,0.333383470773697,0.0349809043109417,111.96915435791,18.2688903808594,0.240038171410561,24.1730003356934,5.43410921096802,0.00356769561767578,1,-8.98922252655029,"train",2361,3,1
"1657",0,1,34.0517425537109,1213210,381890,"2014_2019",1.68969082832336,1.87918949127197,0.758169114589691,12.8882102966309,121.194892883301,11.7129669189453,1.26158690452576,29.7521457672119,0.740061640739441,-0.119461059570312,1,34.0517425537109,"train",2362,4,1
"1658",0,1,36.7853240966797,1053210,604390,"2014_2019",1.17178189754486,1.28108990192413,0.253244936466217,20.2882194519043,110.467727661133,10.5438785552979,0.740862369537354,29.4089908599854,28.0737857818604,-0.404453277587891,1,36.7853240966797,"train",2363,2,1
"1659",0,1,15.2255325317383,1194710,400390,"2014_2019",1.79375553131104,1.37110936641693,0.458230435848236,7.60646772384644,118.282608032227,13.8199186325073,1.56150591373444,27.7976493835449,3.13490581512451,0.112664222717285,1,15.2255325317383,"train",2364,4,1
"1660",0,1,4.7416820526123,1173710,442390,"2014_2019",1.59782087802887,0.262771427631378,0.33389687538147,0.911871254444122,116.744331359863,17.1337795257568,1.45519304275513,24.6135387420654,4.0180549621582,0.236828327178955,1,4.7416820526123,"train",2368,3,1
"1661",0,1,-1.77108144760132,1190710,429390,"2014_2019",1.70255696773529,0.797985315322876,0.458150714635849,3.67171168327332,117.899032592773,15.5869064331055,1.75435400009155,25.722225189209,7.12548542022705,-0.288089990615845,1,-1.77108144760132,"train",2369,4,1
"1662",0,1,30.3474369049072,1063210,553390,"2014_2019",1.47621703147888,0.0836798697710037,0.343099623918533,0.0585408769547939,109.221206665039,16.6267108917236,0.280361413955688,24.9748992919922,3.01882863044739,0.0189666748046875,1,30.3474369049072,"train",2370,3,1
"1663",0,1,0.424212694168091,1161710,444390,"2014_2019",1.49859535694122,0.0656386092305183,0.0656606107950211,0.027633598074317,112.716102600098,19.3555889129639,0.686964333057404,24.5381412506104,6.53466033935547,-0.213177144527435,1,0.424212694168091,"train",2373,3,1
"1664",0,1,-2.11911273002625,1082710,511890,"2014_2019",1.4688972234726,0.0650911182165146,0.126495286822319,0.0706366747617722,111.829544067383,17.9111347198486,0.219308033585548,27.0626354217529,2.38343739509583,-0.0770492553710938,1,-2.11911273002625,"train",2374,3,1
"1665",0,1,-1.49098062515259,1087710,498390,"2014_2019",1.46640968322754,0.0669423714280128,0.145111501216888,0.0568341463804245,112.395851135254,18.8092136383057,0.173518687486649,27.0424938201904,0.662651419639587,-0.00204730033874512,1,-1.49098062515259,"train",2375,3,1
"1666",0,1,-0.42350572347641,1055210,563390,"2014_2019",1.4393162727356,1.49406826496124,0.383184045553207,17.0857830047607,112.567497253418,11.0319347381592,0.683125138282776,29.3622093200684,20.7772121429443,4.98365211486816,1,-0.42350572347641,"train",2376,2,1
"1667",0,1,-8.69217395782471,1094710,496390,"2014_2019",1.62115871906281,0.0813015326857567,0.209274023771286,0.101139284670353,113.368354797363,17.6281661987305,0.276861220598221,27.1316413879395,18.5375308990479,1.97457027435303,1,-8.69217395782471,"train",2377,1,1
"1668",0,1,31.2533283233643,1101210,500390,"2014_2019",1.63848352432251,0.0615810677409172,0.203101098537445,0.050305537879467,112.998344421387,17.8164348602295,0.302604168653488,26.8007373809814,0.517642915248871,0.0213947296142578,1,31.2533283233643,"train",2378,3,1
"1669",0,1,0.0794048681855202,1090210,587890,"2014_2019",1.61970901489258,0.184168785810471,0.053714781999588,0.0101941479369998,115.42945098877,22.2288856506348,0.00942109525203705,22.150749206543,22.6031265258789,-1.51684296131134,1,0.0794048681855202,"train",2379,1,1
"1670",0,1,25.319580078125,1218710,425390,"2014_2019",1.48135101795197,0.41405975818634,1.20921277999878,1.26401114463806,118.785606384277,15.6521196365356,2.9160168170929,24.1838817596436,3.64152479171753,-0.00421333312988281,1,25.319580078125,"train",2380,4,1
"1671",0,1,-3.05710172653198,1149210,378390,"2014_2019",1.23022127151489,1.07822024822235,0.128733709454536,7.67171287536621,109.827697753906,12.1397294998169,0.798409521579742,30.9972667694092,5.99150609970093,0.547614336013794,1,-3.05710172653198,"train",2381,2,1
"1672",0,1,-2.24045896530151,1071710,556890,"2014_2019",1.63372826576233,0.0894082710146904,0.196610361337662,0.0601667128503323,110.976043701172,17.1908721923828,0.256578832864761,25.7203407287598,0.317679226398468,-0.000142335891723633,1,-2.24045896530151,"train",2383,3,1
"1673",0,1,17.3642463684082,1142710,379890,"2014_2019",1.35997498035431,1.32283210754395,0.330656081438065,9.72141170501709,108.876663208008,11.8072319030762,0.802949130535126,30.9560871124268,0.471553355455399,0.0420665740966797,1,17.3642463684082,"train",2384,2,1
"1674",0,1,16.0845737457275,1054710,557890,"2014_2019",1.53196287155151,1.18673980236053,1.58028995990753,11.4331274032593,112.528747558594,11.5160455703735,0.651103258132935,28.816707611084,8.76434230804443,-0.0583038330078125,1,16.0845737457275,"train",2385,4,1
"1675",0,1,-3.00764799118042,1058210,569890,"2014_2019",1.42340874671936,0.104446209967136,0.153462365269661,0.127993926405907,109.256057739258,16.0894737243652,0.27412948012352,25.5998973846436,3.65657663345337,1.84492349624634,1,-3.00764799118042,"train",2386,3,1
"1676",0,1,-3.10207724571228,1101210,502390,"2014_2019",1.65954899787903,0.0808448493480682,0.274585723876953,0.088227815926075,113.231986999512,17.0505771636963,0.30084165930748,27.1794567108154,1.36421167850494,0.262179374694824,1,-3.10207724571228,"train",2388,3,1
"1677",0,1,19.0494613647461,1217710,424890,"2014_2019",1.46464312076569,0.359107136726379,1.19128167629242,1.10907161235809,118.685829162598,15.9322671890259,2.92442917823792,23.9084129333496,3.32041072845459,0.0230293273925781,1,19.0494613647461,"train",2389,4,1
"1678",0,1,32.105712890625,1202210,399390,"2014_2019",1.78487610816956,1.62430930137634,0.63490754365921,9.79555797576904,119.850311279297,13.1088733673096,1.56068050861359,28.2915897369385,1.01816129684448,0.0134811401367188,1,32.105712890625,"train",2391,4,1
"1679",0,1,15.1514520645142,1195710,407390,"2014_2019",1.79792284965515,1.33389711380005,0.234011590480804,7.28927707672119,119.032760620117,13.9573459625244,1.59013378620148,27.5053901672363,6.0615382194519,0.0400609970092773,1,15.1514520645142,"train",2392,4,1
"1680",0,1,34.7951049804688,1107710,526390,"2014_2019",1.6701682806015,0.0834552869200706,0.118470899760723,0.0116677973419428,112.31290435791,18.4959259033203,0.475504696369171,23.998161315918,14.6300811767578,-0.0027618408203125,1,34.7951049804688,"train",2393,3,1
"1681",0,1,1.13825798034668,1117710,483890,"2014_2019",1.6368260383606,0.054938156157732,0.177678495645523,0.00878870021551847,112.891456604004,18.4643020629883,0.428527742624283,25.7795219421387,1.0832827091217,-0.0223045349121094,1,1.13825798034668,"train",2394,3,1
"1682",0,1,-3.01564359664917,1080710,507890,"2014_2019",1.46593749523163,0.0499370396137238,0.0735812857747078,0.0198689214885235,113.270690917969,18.7571182250977,0.175904735922813,26.7927284240723,5.96126317977905,1.77508640289307,1,-3.01564359664917,"train",2397,3,1
"1683",0,1,1.4996143579483,1197210,414390,"2014_2019",1.7478392124176,1.28986012935638,0.409755825996399,7.12195634841919,119.220748901367,14.239800453186,1.68339836597443,27.1246318817139,5.34690999984741,-0.046109676361084,1,1.4996143579483,"train",2398,4,1
"1684",0,1,18.4092788696289,1197710,400890,"2014_2019",1.84022259712219,1.60009360313416,0.698513925075531,9.1843729019165,119.847015380859,13.2895889282227,1.56770598888397,28.1935577392578,7.18164443969727,-0.00168228149414062,1,18.4092788696289,"train",2399,4,1
"1685",0,1,-3.00764799118042,1074710,558390,"2014_2019",1.62653243541718,0.0823275819420815,0.100466273725033,0.0326897539198399,110.801727294922,17.8247585296631,0.253942549228668,24.7652778625488,2.34445381164551,-0.544807195663452,1,-3.00764799118042,"train",2402,3,1
"1686",0,1,23.4298706054688,1168710,447890,"2014_2019",1.38974142074585,0.130471810698509,0.11646656692028,0.282874673604965,115.495483398438,18.0751342773438,1.00344586372375,24.6276626586914,0.674889087677002,0.0176162719726562,1,23.4298706054688,"train",2404,3,1
"1687",0,1,3.55762457847595,1122210,480890,"2014_2019",1.69450294971466,0.0552636496722698,0.0968275964260101,0.00947915483266115,112.933975219727,18.5139808654785,0.476639270782471,25.4864139556885,1.14983415603638,0.0090484619140625,1,3.55762457847595,"train",2405,3,1
"1688",0,1,-2.33938694000244,1152210,464890,"2014_2019",1.61158680915833,0.0650254040956497,0.15832057595253,0.0217148046940565,114.130790710449,18.8421363830566,0.939025163650513,23.3854541778564,5.81454944610596,0.0109479427337646,1,-2.33938694000244,"train",2407,3,1
"1689",0,1,27.1574897766113,1046710,568390,"2014_2019",1.37708401679993,1.50606524944305,1.30439805984497,17.8216361999512,113.540618896484,10.8701505661011,0.626261711120605,29.5630168914795,31.5075645446777,-0.423610687255859,1,27.1574897766113,"train",2408,1,1
"1690",0,1,29.1094646453857,1070210,588890,"2014_2019",1.2582014799118,0.0922945886850357,0.101941019296646,0.0600310489535332,110.013565063477,18.5223350524902,0.0929594039916992,20.701286315918,28.1157245635986,0.606224060058594,1,29.1094646453857,"train",2410,1,1
"1691",0,1,4.78039407730103,1056710,582390,"2014_2019",1.62795925140381,1.5046021938324,0.269055366516113,12.0303831100464,110.28734588623,12.4061393737793,0.531984210014343,28.2378692626953,8.04836368560791,-0.918429374694824,1,4.78039407730103,"train",2411,2,1
"1692",0,1,15.8947858810425,1144210,378390,"2014_2019",1.45160698890686,1.83939862251282,0.333020567893982,13.4794998168945,110.991470336914,11.3458309173584,0.82026481628418,30.9604873657227,0.448873102664948,-0.0189390182495117,1,15.8947858810425,"train",2412,2,1
"1693",0,1,0.601416528224945,1088210,507390,"2014_2019",1.49186050891876,0.109279543161392,0.159389302134514,0.247890710830688,112.737327575684,17.3975124359131,0.264589011669159,27.2793998718262,0.715838730335236,0.00185203552246094,1,0.601416528224945,"train",2414,3,1
"1694",0,1,12.2350616455078,1086210,501890,"2014_2019",1.43978035449982,0.0685044229030609,0.112476170063019,0.0936722829937935,111.878265380859,18.3445873260498,0.191490724682808,27.1762752532959,12.9928617477417,0.0241212844848633,1,12.2350616455078,"train",2417,3,1
"1695",0,1,-0.823016405105591,1073210,556390,"2014_2019",1.62599956989288,0.0865164399147034,0.214146882295609,0.0427664518356323,111.129234313965,17.7617321014404,0.253755569458008,24.8549518585205,2.05154824256897,-0.092622697353363,1,-0.823016405105591,"train",2418,3,1
"1696",0,1,31.072114944458,1187710,439390,"2014_2019",1.38626551628113,0.137886136770248,0.244143590331078,0.218564182519913,116.828773498535,18.0776405334473,3.26447415351868,21.1862182617188,6.94712924957275,-0.00196456909179688,1,31.072114944458,"train",2419,5,1
"1697",0,1,18.082010269165,1179210,422390,"2014_2019",1.68061566352844,0.152198970317841,0.645303070545197,0.221691876649857,114.522773742676,18.0198631286621,0.897023499011993,24.825891494751,26.871410369873,4.21162796020508,1,18.082010269165,"train",2420,1,1
"1698",0,1,22.2271900177002,1191210,423890,"2014_2019",1.72349488735199,0.835691630840302,0.600114464759827,4.09200048446655,118.027885437012,15.6178045272827,1.57406413555145,26.085823059082,4.76369380950928,0.0480880737304688,1,22.2271900177002,"train",2423,4,1
"1699",0,1,-9.55709171295166,1191210,436890,"2014_2019",1.3670642375946,0.149687215685844,0.206650465726852,0.26814591884613,116.774711608887,18.0100936889648,3.27369046211243,21.2237586975098,14.9177398681641,-0.292495727539062,1,-9.55709171295166,"train",2424,5,1
"1700",0,1,1.3511848449707,1155210,466390,"2014_2019",1.54848456382751,0.0655217170715332,0.152639582753181,0.0193780325353146,115.478179931641,18.7912654876709,0.95617401599884,23.3619041442871,3.51119065284729,-0.546804785728455,1,1.3511848449707,"train",2425,3,1
"1701",0,1,-0.0385038554668427,1076710,550890,"2014_2019",1.70671224594116,0.1091598123312,0.193252608180046,0.0963684171438217,111.084281921387,16.7950019836426,0.322483748197556,25.8539047241211,2.27931523323059,0.00105805322527885,1,-0.0385038554668427,"train",2428,3,1
"1702",0,1,29.4461841583252,1048710,599890,"2014_2019",1.18057036399841,1.05553877353668,0.203405261039734,13.0654373168945,105.545059204102,11.4754514694214,0.579435050487518,29.5023422241211,24.0329303741455,-0.337400436401367,1,29.4461841583252,"train",2430,2,1
"1703",0,1,0.179465562105179,1206710,477390,"2014_2019",0.939726173877716,0.144282355904579,0.0762536153197289,0.269882529973984,114.038993835449,19.7904453277588,4.77672433853149,12.025146484375,1.07020819187164,0.024948462843895,1,0.179465562105179,"train",2431,5,1
"1704",0,1,0.39328595995903,1097710,503890,"2014_2019",1.61151778697968,0.0809721872210503,0.160538390278816,0.104690797626972,113.237670898438,17.2522258758545,0.289430290460587,27.1805362701416,0.876393973827362,-0.00521427392959595,1,0.39328595995903,"train",2432,3,1
"1705",0,1,26.1187267303467,1171210,440390,"2014_2019",1.45028066635132,0.0662071481347084,0.126497179269791,0.0449276007711887,115.629776000977,18.8097152709961,0.825566649436951,24.5460567474365,8.68900775909424,-0.196268081665039,1,26.1187267303467,"train",2433,3,1
"1706",0,1,18.1812496185303,1195710,379890,"2014_2019",1.62456297874451,1.8810248374939,0.406976640224457,13.7694253921509,119.837493896484,11.6553354263306,1.10575699806213,30.2533855438232,1.35764110088348,0.0817413330078125,1,18.1812496185303,"train",2436,4,1
"1707",0,1,18.2436008453369,1057210,556890,"2014_2019",1.45876848697662,1.13058817386627,0.877362847328186,10.1985883712769,111.504066467285,11.3461685180664,0.70045417547226,28.9184703826904,4.04829597473145,0.0465755462646484,1,18.2436008453369,"train",2437,2,1
"1708",0,1,23.6624698638916,1218210,424890,"2014_2019",1.47951149940491,0.397665500640869,1.18261432647705,1.24689126014709,118.873146057129,15.6675882339478,2.87101435661316,24.184814453125,7.55369138717651,0.162099838256836,1,23.6624698638916,"train",2438,4,1
"1709",0,1,23.4580764770508,1062710,553890,"2014_2019",1.48225510120392,0.0809562429785728,0.364400714635849,0.06045051664114,109.359443664551,16.6343841552734,0.275317341089249,24.7467937469482,8.90756034851074,-0.140840530395508,1,23.4580764770508,"train",2440,3,1
"1710",0,1,0.915652513504028,1090210,557890,"2014_2019",2.08617281913757,0.82190352678299,0.0749259740114212,1.32808446884155,113.585136413574,17.925853729248,0.510271430015564,11.6684989929199,9.32441139221191,-0.285584211349487,1,0.915652513504028,"train",2442,3,1
"1711",0,1,7.62149429321289,1093710,505890,"2014_2019",1.56883931159973,0.0748123526573181,0.0818926766514778,0.0818722397089005,113.308052062988,17.453685760498,0.27348056435585,27.0839176177979,1.09556293487549,0.00516653060913086,1,7.62149429321289,"train",2444,3,1
"1712",0,1,12.1805067062378,1173710,446390,"2014_2019",1.5988609790802,0.238418757915497,0.399100005626678,0.756871521472931,116.538414001465,17.1348323822021,1.47280061244965,24.5163516998291,5.52980804443359,-0.185529708862305,1,12.1805067062378,"train",2446,3,1
"1713",0,1,37.9389953613281,1125710,528890,"2014_2019",1.38576245307922,0.0986349433660507,0.256006985902786,0.0106323380023241,115.493553161621,20.1911544799805,0.37870180606842,21.1196098327637,15.2253856658936,-0.183212280273438,1,37.9389953613281,"train",2447,3,1
"1714",0,1,9.17005443572998,1061210,554390,"2014_2019",1.48950624465942,0.0896323993802071,0.40518581867218,0.0988773852586746,109.695770263672,16.4482917785645,0.279687523841858,24.8470668792725,0.57334303855896,0.00175666809082031,1,9.17005443572998,"train",2448,3,1
"1715",0,1,33.8475112915039,1058710,549890,"2014_2019",1.48757791519165,0.380791872739792,0.435287326574326,1.64271593093872,111.393272399902,13.8618259429932,0.483934730291367,27.3625926971436,3.50405621528625,-0.00649642944335938,1,33.8475112915039,"train",2449,2,1
"1716",0,1,-1.39398634433746,1089210,557890,"2014_2019",1.94563591480255,0.431142657995224,0.0617599822580814,0.749230265617371,113.668586730957,18.3355751037598,0.420828312635422,12.2058925628662,4.30350875854492,-0.140995979309082,1,-1.39398634433746,"train",2450,3,1
"1717",0,1,35.7610168457031,1194210,411890,"2014_2019",1.76102530956268,1.15050232410431,0.613684594631195,5.83470153808594,118.845527648926,14.5693798065186,1.54188942909241,27.0799102783203,0.797285199165344,-0.221305847167969,1,35.7610168457031,"train",2451,4,1
"1718",0,1,0.814524710178375,1079710,517390,"2014_2019",1.49795794487,0.1880883872509,0.194633111357689,0.663940191268921,113.415237426758,16.7482051849365,0.307983726263046,27.3013725280762,1.69538056850433,0.0197175741195679,1,0.814524710178375,"train",2452,3,1
"1719",0,1,38.4809150695801,1200210,378890,"2014_2019",1.65383017063141,1.90776681900024,0.958918035030365,14.1091012954712,121.687942504883,11.4245929718018,1.18416404724121,30.1455345153809,3.25699424743652,-0.465553283691406,1,38.4809150695801,"train",2453,4,1
"1720",0,1,-0.879603981971741,1072710,555390,"2014_2019",1.63369345664978,0.0894484743475914,0.256541132926941,0.0508868135511875,111.393821716309,17.6777286529541,0.256547778844833,25.0075798034668,0.53971791267395,-0.0084080696105957,1,-0.879603981971741,"train",2454,3,1
"1721",0,1,-0.438882738351822,1200710,430890,"2014_2019",1.36615061759949,0.238327100872993,0.307850867509842,0.636610329151154,116.662101745605,17.4912967681885,3.24591064453125,21.8917579650879,2.48306584358215,-0.000707864761352539,1,-0.438882738351822,"train",2455,5,1
"1722",0,1,10.7009506225586,1160210,460890,"2014_2019",1.57427954673767,0.094944529235363,0.184787064790726,0.0445492826402187,113.243614196777,18.5536651611328,0.894916415214539,23.5643081665039,9.28678226470947,0.43083381652832,1,10.7009506225586,"train",2456,3,1
"1723",0,1,35.5079231262207,1182210,436890,"2014_2019",1.76663100719452,0.492724865674973,0.408416271209717,1.97910642623901,117.739265441895,16.3779315948486,1.36689639091492,25.5264930725098,9.4944486618042,3.00041198730469,1,35.5079231262207,"train",2457,4,1
"1724",0,1,11.9393863677979,1061210,553890,"2014_2019",1.48747551441193,0.0936966761946678,0.4682397544384,0.119159050285816,110.269897460938,16.4542064666748,0.282990336418152,24.8903427124023,0.573814332485199,0.0250444412231445,1,11.9393863677979,"train",2459,3,1
"1725",0,1,-3.00764799118042,1129710,479890,"2014_2019",1.64978456497192,0.0541387870907784,0.197903677821159,0.00641134008765221,112.994132995605,18.467981338501,0.708529055118561,24.8300476074219,10.4816732406616,5.86883020401001,1,-3.00764799118042,"train",2460,3,1
"1726",0,1,-0.518656194210052,1214210,423390,"2014_2019",1.36396312713623,0.26968264579773,0.685256540775299,0.883587658405304,118.413970947266,16.9675102233887,2.88891816139221,22.8971710205078,15.1266241073608,0.648373901844025,1,-0.518656194210052,"train",2462,1,1
"1727",0,1,-2.79127907752991,1202710,477390,"2014_2019",1.05816495418549,0.26200258731842,0.17731499671936,0.591741681098938,114.806587219238,19.2184753417969,6.45006084442139,12.1569986343384,1.29759395122528,-0.000764846801757812,1,-2.79127907752991,"train",2463,5,1
"1728",0,1,19.5004920959473,1167710,372890,"2014_2019",1.64177703857422,1.51344335079193,0.28706306219101,11.1340970993042,117.519348144531,11.7206611633301,0.860706388950348,30.5403327941895,2.19894790649414,0.277114868164062,1,19.5004920959473,"train",2464,4,1
"1729",0,1,1.03377497196198,1092210,556890,"2014_2019",2.15121698379517,0.997648775577545,0.0946585983037949,1.57723689079285,113.232833862305,17.7506885528564,0.547984778881073,11.4474201202393,38.0151023864746,7.71663475036621,1,1.03377497196198,"train",2465,1,1
"1730",0,1,35.9900894165039,1181210,443390,"2014_2019",1.4402242898941,0.127926185727119,0.209983333945274,0.185052111744881,116.47533416748,18.0509395599365,3.0010335445404,21.6037273406982,8.13592147827148,-0.00649642944335938,1,35.9900894165039,"train",2466,5,1
"1731",0,1,38.6194839477539,1202210,383890,"2014_2019",1.71703660488129,1.80644965171814,0.696667790412903,11.4102182388306,121.254760742188,12.1246204376221,1.34832441806793,29.4226398468018,2.35668063163757,-0.126510620117188,1,38.6194839477539,"train",2468,4,1
"1732",0,1,27.348876953125,1047210,566890,"2014_2019",1.39821994304657,1.52642273902893,1.03422260284424,17.9641418457031,111.835357666016,10.888053894043,0.640312612056732,29.5180702209473,7.55854225158691,0.00437355041503906,1,27.348876953125,"train",2469,2,1
"1733",0,1,2.95565366744995,1183210,399890,"2014_2019",1.45633566379547,0.0690044313669205,0.0723451748490334,0.0149886757135391,115.81615447998,18.0692939758301,0.487043857574463,26.6415920257568,28.4051647186279,-2.0746431350708,1,2.95565366744995,"train",2470,1,1
"1734",0,1,-1.10312914848328,1079710,560890,"2014_2019",1.61397624015808,0.0835792794823647,0.367855727672577,0.0213918630033731,110.880882263184,18.3430061340332,0.250227749347687,23.7539749145508,14.8938932418823,0.160291790962219,1,-1.10312914848328,"train",2471,3,1
"1735",0,1,1.48503541946411,1082210,513890,"2014_2019",1.51599991321564,0.0942609086632729,0.162932708859444,0.178094834089279,112.029220581055,17.4120693206787,0.252026945352554,27.0879535675049,0.613403022289276,0.0913025140762329,1,1.48503541946411,"train",2474,3,1
"1736",0,1,22.5106658935547,1055710,554890,"2014_2019",1.4817578792572,0.813028693199158,1.84316408634186,5.62558937072754,110.891754150391,12.3428583145142,0.610153019428253,28.2773151397705,2.74128031730652,0.00114822387695312,1,22.5106658935547,"train",2475,4,1
"1737",0,1,3.45670199394226,1071210,564390,"2014_2019",1.59330499172211,0.0804092660546303,0.0718699097633362,0.0333900414407253,110.161605834961,16.8575897216797,0.245058640837669,26.4850654602051,2.32311797142029,-0.0293254852294922,1,3.45670199394226,"train",2476,3,1
"1738",0,1,-0.727566421031952,1098210,490890,"2014_2019",1.56948840618134,0.1028733253479,0.154187396168709,0.153308838605881,114.560638427734,17.7264804840088,0.288303315639496,27.1918849945068,1.23453450202942,-0.0267224311828613,1,-0.727566421031952,"train",2477,3,1
"1739",0,1,23.8599586486816,1204210,480390,"2014_2019",0.985806226730347,0.195143923163414,0.167122423648834,0.445615261793137,116.048324584961,19.5859241485596,5.05202627182007,11.7203321456909,2.00420713424683,-0.0722827911376953,1,23.8599586486816,"train",2478,5,1
"1740",0,1,2.38968586921692,1192710,406890,"2014_2019",1.70412743091583,1.2477308511734,0.37139356136322,6.70878601074219,118.139488220215,14.3630123138428,1.52724123001099,27.448356628418,1.03093087673187,-0.059363842010498,1,2.38968586921692,"train",2480,4,1
"1741",0,1,26.8624153137207,1195210,430890,"2014_2019",1.65718877315521,0.842215776443481,1.0868456363678,4.0529055595398,117.316795349121,14.3761968612671,2.21892714500427,25.9268817901611,4.25818204879761,-0.731784820556641,1,26.8624153137207,"train",2481,4,1
"1742",0,1,7.67359638214111,1179710,444890,"2014_2019",1.4594349861145,0.131206855177879,0.253546148538589,0.194991230964661,116.915451049805,18.0017204284668,2.87627673149109,21.783805847168,2.05761957168579,-0.0193343162536621,1,7.67359638214111,"train",2482,5,1
"1743",0,1,14.8537540435791,1077210,549890,"2014_2019",1.69570374488831,0.101913087069988,0.267204016447067,0.0712199583649635,111.081901550293,17.0698585510254,0.315978556871414,25.573694229126,6.84342241287231,-0.0818138122558594,1,14.8537540435791,"train",2484,3,1
"1744",0,1,37.4186325073242,1063210,542390,"2014_2019",1.49134838581085,0.447343409061432,0.358711808919907,2.34039664268494,110.02473449707,14.3990879058838,0.421368956565857,27.4406185150146,1.15424919128418,0.113777160644531,1,37.4186325073242,"train",2485,2,1
"1745",0,1,6.58833599090576,1056710,551390,"2014_2019",1.47650098800659,0.73812997341156,0.63649570941925,5.08059978485107,111.470588684082,12.9163398742676,0.560608983039856,27.9676246643066,2.53979015350342,-0.00733613967895508,1,6.58833599090576,"train",2486,2,1
"1746",0,1,1.62408411502838,1047210,592390,"2014_2019",1.05793595314026,0.436509937047958,0.0370289348065853,2.98694562911987,106.202362060547,12.8622398376465,0.378897845745087,29.5982055664062,8.0821008682251,0.105069160461426,1,1.62408411502838,"train",2487,2,1
"1747",0,1,-3.31340289115906,1179210,439390,"2014_2019",1.74739134311676,0.336716562509537,0.485894411802292,1.12698674201965,117.67586517334,16.5246810913086,1.35133254528046,25.3027000427246,4.5239896774292,-1.93191647529602,1,-3.31340289115906,"train",2489,4,1
"1748",0,1,12.8021430969238,1144210,377890,"2014_2019",1.47002720832825,1.88577246665955,0.383762538433075,13.7314405441284,110.92733001709,11.3448076248169,0.821943163871765,30.9235420227051,0.413579881191254,-0.00755119323730469,1,12.8021430969238,"train",2490,2,1
"1749",0,1,19.0175514221191,1188210,428390,"2014_2019",1.70582175254822,0.873812437057495,0.330188274383545,4.30021715164185,118.133438110352,15.3916110992432,1.64578747749329,26.1489543914795,3.07308721542358,0.154834747314453,1,19.0175514221191,"train",2492,4,1
"1750",0,1,9.9997968673706,1098210,531390,"2014_2019",1.81071865558624,0.0771588459610939,0.133449882268906,0.0246475599706173,112.206382751465,17.1358242034912,0.388697326183319,26.2850341796875,1.24156224727631,-0.380620002746582,1,9.9997968673706,"train",2493,3,1
"1751",0,1,1.97133708000183,1049210,592390,"2014_2019",0.949958205223083,0.135049417614937,0.0306139178574085,0.125644862651825,103.448661804199,14.9859580993652,0.182411521673203,29.6075859069824,3.77005481719971,0.0268517732620239,1,1.97133708000183,"train",2495,2,1
"1752",0,1,-0.699503242969513,1082710,502890,"2014_2019",1.40856027603149,0.0483542680740356,0.0938898548483849,0.0159436259418726,113.106254577637,19.3607234954834,0.143107131123543,26.9587631225586,2.75971841812134,-0.00646555423736572,1,-0.699503242969513,"train",2496,3,1
"1753",0,1,17.6420497894287,1090710,580890,"2014_2019",1.61764466762543,0.121109686791897,0.0717121213674545,0.00446382397785783,112.098434448242,21.1143226623535,0.039490532130003,21.5744609832764,14.6102638244629,2.04424381256104,1,17.6420497894287,"train",2497,3,1
"1754",0,1,30.8301525115967,1205210,417390,"2014_2019",1.70747315883636,1.31549417972565,0.882398426532745,7.19479846954346,119.732315063477,13.1820697784424,1.8078361749649,27.7709865570068,11.9626207351685,-0.0358867645263672,1,30.8301525115967,"train",2498,4,1
"1755",0,1,18.2212562561035,1089710,577890,"2014_2019",1.56648766994476,0.106162190437317,0.100507512688637,0.00542253162711859,111.898246765137,20.6802730560303,0.0549469739198685,21.1965293884277,31.9927196502686,0.261507034301758,1,18.2212562561035,"train",2502,1,1
"1756",0,1,9.82022476196289,1047710,573890,"2014_2019",1.35180139541626,1.58499598503113,0.281194031238556,17.8761692047119,110.720909118652,11.9337139129639,0.501521170139313,29.575023651123,7.39852523803711,-0.185818672180176,1,9.82022476196289,"train",2503,2,1
"1757",0,1,29.320182800293,1067210,537390,"2014_2019",1.50403320789337,0.421003878116608,0.276507049798965,2.1731686592102,110.507026672363,14.4678478240967,0.418519914150238,27.5407772064209,6.69682455062866,0.9139404296875,1,29.320182800293,"train",2504,2,1
"1758",0,1,38.5734443664551,1203710,386890,"2014_2019",1.7448832988739,1.66801190376282,0.680010616779327,9.84311103820801,120.733695983887,12.9785070419312,1.42950022220612,28.6940822601318,0.246210500597954,0.0195083618164062,1,38.5734443664551,"train",2506,4,1
"1759",0,1,13.7210578918457,1125710,501390,"2014_2019",1.65004444122314,0.0724498853087425,0.123752430081367,0.0218239761888981,114.556838989258,18.4377689361572,0.565903127193451,24.9472942352295,4.20351266860962,0.0104312896728516,1,13.7210578918457,"train",2508,3,1
"1760",0,1,2.44394946098328,1198710,473890,"2014_2019",2.06292247772217,0.979499578475952,0.212797358632088,2.25131297111511,119.135932922363,17.8719463348389,14.375072479248,9.00318050384521,0.273799180984497,0.00700998306274414,1,2.44394946098328,"train",2509,5,1
"1761",0,1,-2.56936764717102,1164210,444890,"2014_2019",1.41657423973083,0.0840075388550758,0.154191836714745,0.100088097155094,115.255683898926,18.6312999725342,0.839019358158112,24.4551773071289,6.83173179626465,0.271452903747559,1,-2.56936764717102,"train",2511,3,1
"1762",0,1,-5.67373466491699,1160210,465390,"2014_2019",1.53991293907166,0.0773838385939598,0.153932884335518,0.0425143912434578,114.693054199219,18.3981952667236,0.95140266418457,23.8066253662109,11.9341449737549,3.54574489593506,1,-5.67373466491699,"train",2512,3,1
"1763",0,1,-0.673254787921906,1158710,446890,"2014_2019",1.43837070465088,0.0850866138935089,0.0494912341237068,0.107637837529182,113.13249206543,18.9983406066895,0.770561039447784,24.5938854217529,8.20915126800537,0.158672094345093,1,-0.673254787921906,"train",2514,3,1
"1764",0,1,-1.81368708610535,1082210,503890,"2014_2019",1.42330026626587,0.048040121793747,0.111859634518623,0.0179890468716621,112.783363342285,19.0683135986328,0.157435908913612,26.9229717254639,4.42310476303101,-0.00188803672790527,1,-1.81368708610535,"train",2516,3,1
"1765",0,1,1.17862439155579,1172710,443390,"2014_2019",1.43542528152466,0.179984122514725,0.229432836174965,0.519076108932495,116.351593017578,17.7444095611572,1.39226186275482,24.346097946167,3.93045258522034,-0.0735810995101929,1,1.17862439155579,"train",2517,3,1
"1766",0,1,34.4340667724609,1048710,587390,"2014_2019",1.4747394323349,1.58711361885071,0.13369819521904,14.2358551025391,111.244583129883,12.0565452575684,0.512419879436493,28.3684310913086,8.29216766357422,-0.164501190185547,1,34.4340667724609,"train",2518,2,1
"1767",0,1,18.2077350616455,1060710,596890,"2014_2019",1.27196323871613,0.982477843761444,0.658700823783875,13.1899909973145,114.063774108887,10.8570756912231,0.74852043390274,28.3574256896973,16.0188140869141,1.05414962768555,1,18.2077350616455,"train",2522,2,1
"1768",0,1,4.87314224243164,1055710,562890,"2014_2019",1.44399833679199,1.48762094974518,0.51786333322525,16.998893737793,112.738830566406,10.9994087219238,0.689279794692993,29.3519840240479,9.79567050933838,-0.14268970489502,1,4.87314224243164,"train",2525,2,1
"1769",0,1,3.36331701278687,1124210,526890,"2014_2019",1.4507817029953,0.0895740687847137,0.29663211107254,0.0191417206078768,115.55216217041,19.4611988067627,0.59816575050354,21.4684295654297,5.40611934661865,0.139141321182251,1,3.36331701278687,"train",2526,3,1
"1770",0,1,-2.88721466064453,1129710,520890,"2014_2019",1.44072794914246,0.0874417498707771,0.120071850717068,0.015719274058938,113.960868835449,19.3238716125488,0.663316071033478,21.7722339630127,0.137008637189865,-0.00389218330383301,1,-2.88721466064453,"train",2527,3,1
"1771",0,1,21.8087272644043,1185210,397890,"2014_2019",1.6995712518692,0.0613839887082577,0.0734722316265106,0.0124386576935649,113.810195922852,18.6219501495361,0.335162609815598,26.3945484161377,16.4396820068359,0.0359687805175781,1,21.8087272644043,"train",2528,3,1
"1772",0,1,5.81055736541748,1167710,437390,"2014_2019",1.48513388633728,0.065329410135746,0.101378969848156,0.0214723628014326,114.969383239746,19.3847274780273,0.641375243663788,24.2435665130615,5.68597555160522,-0.0897560119628906,1,5.81055736541748,"train",2530,3,1
"1773",0,1,-6.76836061477661,1150210,463890,"2014_2019",1.71948981285095,0.0893335863947868,0.0815058127045631,0.0512374378740788,112.953125,18.8025150299072,0.918299496173859,23.3555583953857,3.76338291168213,0.886494159698486,1,-6.76836061477661,"train",2531,3,1
"1774",0,1,32.6284408569336,1057710,598890,"2014_2019",1.16335475444794,1.22865748405457,0.662468254566193,22.3190612792969,114.18977355957,10.1076889038086,0.814339101314545,29.3957023620605,10.0423145294189,0.29083251953125,1,32.6284408569336,"train",2532,2,1
"1775",0,1,4.01874542236328,1098210,526890,"2014_2019",1.82859182357788,0.0713444203138351,0.20925997197628,0.0232599545270205,110.325477600098,17.2755184173584,0.393615961074829,26.474063873291,5.34833717346191,-0.0464792251586914,1,4.01874542236328,"train",2533,3,1
"1776",0,1,-1.0730961561203,1178210,423890,"2014_2019",1.61848199367523,0.123449862003326,0.370307832956314,0.193543061614037,115.341979980469,18.2325477600098,0.83881801366806,24.7409038543701,19.4608001708984,-1.23860061168671,1,-1.0730961561203,"train",2534,1,1
"1777",0,1,-0.141288459300995,1117210,483890,"2014_2019",1.63206303119659,0.0548809841275215,0.177310556173325,0.00863128434866667,112.984107971191,18.4779453277588,0.412363976240158,25.8416023254395,0.50389039516449,-0.00404466688632965,1,-0.141288459300995,"train",2535,3,1
"1778",0,1,-2.0971245765686,1125710,504890,"2014_2019",1.58175885677338,0.0725324600934982,0.154240742325783,0.023920277133584,112.79963684082,18.6640472412109,0.719443023204803,24.0581340789795,2.35757422447205,-0.057243824005127,1,-2.0971245765686,"train",2536,3,1
"1779",0,1,21.5058898925781,1046710,581390,"2014_2019",1.04569482803345,0.352263599634171,0.0417075231671333,1.47177922725677,106.414588928223,13.5478582382202,0.308345079421997,29.5819072723389,9.5069408416748,1.07466316223145,1,21.5058898925781,"train",2538,2,1
"1780",0,1,8.37243556976318,1047210,596390,"2014_2019",1.16868233680725,1.09359908103943,0.0906740128993988,12.3264989852905,107.962287902832,11.6644163131714,0.523363530635834,29.5773582458496,15.5526294708252,-0.287028312683105,1,8.37243556976318,"train",2539,2,1
"1781",0,1,27.2581100463867,1182710,441890,"2014_2019",1.42752945423126,0.128260210156441,0.205576300621033,0.195273816585541,116.67845916748,18.02614402771,3.02078437805176,21.5928783416748,4.0188159942627,0.00221824645996094,1,27.2581100463867,"train",2540,5,1
"1782",0,1,31.754264831543,1189710,428890,"2014_2019",1.71839284896851,0.760247647762299,0.497055530548096,3.42821574211121,117.85181427002,15.736964225769,1.62998723983765,25.7981338500977,27.5354022979736,0.0741138458251953,1,31.754264831543,"train",2542,1,1
"1783",0,1,28.7398929595947,1190710,414390,"2014_2019",1.67702889442444,0.798536062240601,0.513394415378571,3.5670177936554,117.939643859863,15.2958240509033,1.3393839597702,26.8266849517822,3.96773481369019,-0.120498657226562,1,28.7398929595947,"train",2543,4,1
"1784",0,1,-0.686330854892731,1060710,556390,"2014_2019",1.43452060222626,0.0582460835576057,0.266757041215897,0.0244058463722467,107.514640808105,17.1507816314697,0.226313129067421,24.3374633789062,1.03254747390747,-0.00433444976806641,1,-0.686330854892731,"train",2544,3,1
"1785",0,1,-3.00764799118042,1178710,437890,"2014_2019",1.77673387527466,0.340203106403351,0.433712989091873,1.16812443733215,116.687637329102,16.541955947876,1.34339928627014,25.3070831298828,6.85742330551147,2.6206111907959,1,-3.00764799118042,"train",2545,4,1
"1786",0,1,-0.76433527469635,1186710,398390,"2014_2019",1.56016409397125,0.0628470852971077,0.0544095560908318,0.0076964758336544,115.066841125488,19.0120067596436,0.291438281536102,26.5030689239502,12.1257600784302,0.845855355262756,1,-0.76433527469635,"train",2546,3,1
"1787",0,1,20.356632232666,1081210,569390,"2014_2019",1.60673713684082,0.0874900817871094,0.11714182049036,0.013337817043066,110.578605651855,19.3210048675537,0.189468279480934,23.0738544464111,16.1194095611572,0.243656158447266,1,20.356632232666,"train",2548,3,1
"1788",0,1,16.0894813537598,1110210,531390,"2014_2019",1.62496721744537,0.0828514024615288,0.176463305950165,0.0302143692970276,112.878364562988,18.1996765136719,0.627920031547546,23.1845016479492,5.13003969192505,0.0475311279296875,1,16.0894813537598,"train",2550,3,1
"1789",0,1,17.444938659668,1174210,432390,"2014_2019",1.55489313602448,0.0603380799293518,0.131026968359947,0.0211491417139769,115.794738769531,19.1050758361816,0.762507796287537,24.1040000915527,5.40133762359619,0.104026794433594,1,17.444938659668,"train",2551,3,1
"1790",0,1,3.19349837303162,1054710,562890,"2014_2019",1.43941700458527,1.51340067386627,0.336330413818359,17.2483501434326,112.595878601074,11.0356016159058,0.681997358798981,29.3734226226807,16.5352821350098,0.870739698410034,1,3.19349837303162,"train",2552,2,1
"1791",0,1,38.3812599182129,1116210,510390,"2014_2019",1.67733609676361,0.0575565248727798,0.191266536712646,0.0102318488061428,112.387756347656,18.1403102874756,0.569483816623688,25.3861274719238,12.3054237365723,-0.0374641418457031,1,38.3812599182129,"train",2553,3,1
"1792",0,1,22.1721725463867,1185710,404390,"2014_2019",1.46528673171997,0.0645415559411049,0.0559973083436489,0.0130723202601075,116.379981994629,18.8014850616455,0.361727565526962,26.5883617401123,13.510293006897,-0.228174209594727,1,22.1721725463867,"train",2554,3,1
"1793",0,1,-2.77596735954285,1127710,501390,"2014_2019",1.60457706451416,0.0736209601163864,0.216559156775475,0.0257568843662739,114.506782531738,18.6138706207275,0.696320652961731,24.203088760376,14.2112045288086,-0.0584747791290283,1,-2.77596735954285,"train",2555,3,1
"1794",0,1,4.01593732833862,1070210,533890,"2014_2019",1.47786796092987,0.37047690153122,0.249682441353798,1.69358563423157,110.911697387695,14.5899295806885,0.416329234838486,27.5767383575439,3.88661193847656,-0.538622856140137,1,4.01593732833862,"train",2556,2,1
"1795",0,1,20.6410369873047,1195710,373390,"2014_2019",1.64854204654694,1.91690456867218,0.841239035129547,13.7714366912842,121.547950744629,11.4984340667725,1.12434613704681,30.1924324035645,0.44794100522995,-0.0308341979980469,1,20.6410369873047,"train",2557,4,1
"1796",0,1,-2.38569688796997,1094210,493890,"2014_2019",1.55151998996735,0.142514631152153,0.116346754133701,0.336961358785629,114.847320556641,17.5236587524414,0.299513727426529,27.3057155609131,1.7523500919342,-0.00647830963134766,1,-2.38569688796997,"train",2559,3,1
"1797",0,1,-2.57434439659119,1187710,412390,"2014_2019",1.54282176494598,0.493837624788284,0.312762439250946,1.87338435649872,116.461486816406,16.154655456543,1.02753007411957,26.8174533843994,10.0904760360718,0.983153104782104,1,-2.57434439659119,"train",2563,3,1
"1798",0,1,5.31896162033081,1085710,502390,"2014_2019",1.43006765842438,0.0595895051956177,0.142101675271988,0.0638513118028641,111.761138916016,18.5119304656982,0.181228399276733,27.1287250518799,7.05224704742432,-0.0178413391113281,1,5.31896162033081,"train",2565,3,1
"1799",0,1,-3.03022217750549,1081210,521890,"2014_2019",1.32560658454895,0.23911289870739,0.139159142971039,0.94603830575943,114.445373535156,15.7115688323975,0.382687330245972,27.5711250305176,1.24423837661743,0.621200323104858,1,-3.03022217750549,"train",2567,2,1
"1800",0,1,7.91706371307373,1192210,428890,"2014_2019",1.66462969779968,0.851829051971436,0.304091840982437,4.04142665863037,117.93872833252,15.4237451553345,1.88224995136261,25.6495742797852,4.33481884002686,-0.0091710090637207,1,7.91706371307373,"train",2568,4,1
"1801",0,1,20.8523559570312,1200710,399390,"2014_2019",1.8017578125,1.67047929763794,0.277454197406769,9.97469615936279,119.753814697266,13.0638027191162,1.53531444072723,28.4070415496826,2.3407838344574,0.00578689575195312,1,20.8523559570312,"train",2569,4,1
"1802",0,1,25.8591842651367,1068210,557390,"2014_2019",1.5935206413269,0.0709534883499146,0.180858582258224,0.0328600704669952,109.713310241699,16.9479713439941,0.259810000658035,25.9823417663574,2.37055468559265,0.0008544921875,1,25.8591842651367,"train",2571,3,1
"1803",0,1,1.38518500328064,1057210,550390,"2014_2019",1.44607615470886,0.577043533325195,0.396536439657211,3.48819661140442,112.217224121094,13.7034606933594,0.516055464744568,27.601900100708,2.35485529899597,0.0118066072463989,1,1.38518500328064,"train",2572,2,1
"1804",0,1,12.1015872955322,1060710,544390,"2014_2019",1.4362256526947,0.328300833702087,0.23537240922451,1.55703175067902,109.087898254395,15.3906145095825,0.345259726047516,26.9297828674316,1.24258232116699,-0.0046539306640625,1,12.1015872955322,"train",2576,2,1
"1805",0,1,25.6158237457275,1061210,545890,"2014_2019",1.44761192798615,0.261531919240952,0.252243161201477,0.98296469449997,109.438591003418,15.5105619430542,0.341282457113266,26.7305202484131,3.31082081794739,1.78354263305664,1,25.6158237457275,"train",2577,2,1
"1806",0,1,1.74383127689362,1068710,535390,"2014_2019",1.48415732383728,0.432521969079971,0.313275068998337,2.30632162094116,111.287208557129,14.560585975647,0.417571514844894,27.6060657501221,2.3381335735321,0.321133375167847,1,1.74383127689362,"train",2578,2,1
"1807",0,1,-0.314421474933624,1184710,429890,"2014_2019",1.27607667446136,0.547326624393463,0.0489905029535294,2.59596395492554,117.409454345703,16.4336929321289,1.54840481281281,25.9777679443359,6.37544631958008,0.26584529876709,1,-0.314421474933624,"train",2579,3,1
"1808",0,1,30.4137573242188,1203710,481390,"2014_2019",0.966117978096008,0.188032880425453,0.166134595870972,0.418460369110107,116.155387878418,19.6544818878174,4.50826215744019,11.6058702468872,3.24518942832947,-0.228544235229492,1,30.4137573242188,"train",2580,5,1
"1809",0,1,31.0900001525879,1203210,385890,"2014_2019",1.74374604225159,1.6680748462677,0.725918531417847,9.77657413482666,120.922515869141,12.9289598464966,1.43637096881866,28.7648124694824,0.611798644065857,0.00989723205566406,1,31.0900001525879,"train",2582,4,1
"1810",0,1,20.4989547729492,1193210,429890,"2014_2019",1.63703536987305,0.839887797832489,0.453969448804855,4.03564500808716,116.764434814453,15.1398620605469,2.06484317779541,25.6271781921387,15.2725391387939,-3.95655059814453,1,20.4989547729492,"train",2583,1,1
"1811",0,1,25.9967269897461,1176210,448890,"2014_2019",1.57805037498474,0.151191711425781,0.432704716920853,0.192946493625641,117.167236328125,17.5244312286377,2.19573140144348,23.0803470611572,2.72099137306213,0.14430046081543,1,25.9967269897461,"train",2584,3,1
"1812",0,1,2.57292652130127,1161710,454890,"2014_2019",1.51576673984528,0.227165713906288,0.142732739448547,0.648474991321564,113.964782714844,17.9286937713623,1.11130857467651,24.4676742553711,2.24669599533081,0.200777292251587,1,2.57292652130127,"train",2586,3,1
"1813",0,1,11.783088684082,1193210,414390,"2014_2019",1.7658965587616,1.08980739116669,0.474161505699158,5.52707672119141,118.900238037109,14.561526298523,1.56013441085815,27.0088977813721,0.4113729596138,0.00574684143066406,1,11.783088684082,"train",2588,4,1
"1814",0,1,15.1431932449341,1075210,551890,"2014_2019",1.68705785274506,0.108225256204605,0.191966786980629,0.0925725251436234,111.150680541992,16.8043079376221,0.314078539609909,25.8547096252441,4.09355211257935,0.00838851928710938,1,15.1431932449341,"train",2589,3,1
"1815",0,1,10.7221202850342,1173710,452890,"2014_2019",1.52842664718628,0.125761106610298,0.221395716071129,0.148477658629417,116.024085998535,18.0419616699219,2.07519006729126,22.7594699859619,7.08538103103638,-0.0494461059570312,1,10.7221202850342,"train",2590,3,1
"1816",0,1,-1.82978117465973,1078210,516390,"2014_2019",1.64439928531647,0.119978509843349,0.136300355195999,0.316809594631195,111.1337890625,17.4399642944336,0.261668115854263,26.8833847045898,0.942589342594147,-0.0152281522750854,1,-1.82978117465973,"train",2591,3,1
"1817",0,1,-2.885338306427,1124210,480890,"2014_2019",1.96846497058868,0.112881541252136,0.216921329498291,0.081513948738575,113.311088562012,18.2841510772705,0.532970190048218,24.9402885437012,2.07119202613831,0.0331072807312012,1,-2.885338306427,"train",2592,3,1
"1818",0,1,-0.149228528141975,1056210,569390,"2014_2019",1.42340075969696,0.0783819332718849,0.0965434461832047,0.0793196111917496,107.337928771973,16.4264392852783,0.217119038105011,25.7240982055664,2.83084869384766,-0.00275692343711853,1,-0.149228528141975,"train",2593,3,1
"1819",0,1,35.3245086669922,1181710,436890,"2014_2019",1.78597104549408,0.478611320257187,0.449565380811691,1.86785900592804,117.348281860352,16.3310680389404,1.37522101402283,25.5249004364014,5.15334606170654,-0.502712249755859,1,35.3245086669922,"train",2594,4,1
"1820",0,1,0.437693893909454,1056210,586390,"2014_2019",1.53171741962433,1.35487830638885,0.230054661631584,12.7099494934082,113.174827575684,11.9003000259399,0.548593759536743,28.1437358856201,1.69833934307098,-0.505837321281433,1,0.437693893909454,"train",2595,2,1
"1821",0,1,2.3507080078125,1149710,465890,"2014_2019",1.61680114269257,0.0700217336416245,0.129845783114433,0.0310991387814283,112.560348510742,18.7722415924072,0.932629525661469,23.5402793884277,5.78694868087769,0.73147702217102,1,2.3507080078125,"train",2596,3,1
"1822",0,1,12.9466609954834,1178710,446390,"2014_2019",1.47496938705444,0.130415365099907,0.26936873793602,0.188530191779137,116.87459564209,17.9844703674316,2.84171295166016,21.8791732788086,1.17617344856262,-0.28348445892334,1,12.9466609954834,"train",2597,5,1
"1823",0,1,12.5759353637695,1176210,447390,"2014_2019",1.71168398857117,0.269292712211609,1.08579564094543,0.565510988235474,117.746559143066,16.2784824371338,1.90437197685242,24.5466136932373,7.2553915977478,1.44998836517334,1,12.5759353637695,"train",2598,4,1
"1824",0,1,39.3984222412109,1174710,437390,"2014_2019",1.52886021137238,0.0706288069486618,0.153515413403511,0.0572011135518551,116.652770996094,18.4822788238525,1.00445425510406,24.3505992889404,6.38772583007812,-0.423591613769531,1,39.3984222412109,"train",2599,3,1
"1825",0,1,-0.6533442735672,1165710,438890,"2014_2019",1.47112631797791,0.0636174082756042,0.0945023521780968,0.0183918718248606,114.755912780762,19.4007205963135,0.637927711009979,24.3448257446289,8.32416152954102,0.120794594287872,1,-0.6533442735672,"train",2602,3,1
"1826",0,1,-3.65938591957092,1163710,451390,"2014_2019",1.47939908504486,0.178653180599213,0.131716787815094,0.468165278434753,114.430107116699,18.0505237579346,1.03260600566864,24.4905891418457,11.5409679412842,-2.16151237487793,1,-3.65938591957092,"train",2603,3,1
"1827",0,1,1.06055176258087,1071710,557390,"2014_2019",1.62817776203156,0.0878625810146332,0.163186147809029,0.0541544444859028,110.404838562012,17.1710186004639,0.251041352748871,25.8516826629639,2.83428931236267,-0.0105057954788208,1,1.06055176258087,"train",2604,3,1
"1828",0,1,17.2230205535889,1062710,552390,"2014_2019",1.4831405878067,0.100089751183987,0.377820461988449,0.103601031005383,109.169761657715,16.48876953125,0.289735108613968,25.1775875091553,3.01792407035828,-0.0143527984619141,1,17.2230205535889,"train",2605,3,1
"1829",0,1,23.4747695922852,1080710,515390,"2014_2019",1.54097139835358,0.12814773619175,0.214107528328896,0.3592149913311,111.199447631836,17.1826782226562,0.265028893947601,27.0805377960205,6.97746324539185,0.140676498413086,1,23.4747695922852,"train",2606,3,1
"1830",0,1,4.77642965316772,1071210,562890,"2014_2019",1.58821785449982,0.0794373452663422,0.106460355222225,0.034436147660017,110.097236633301,17.0671577453613,0.237707480788231,26.3771820068359,4.90280151367188,-0.0359935760498047,1,4.77642965316772,"train",2609,3,1
"1831",0,1,39.5476608276367,1169210,440890,"2014_2019",1.39395427703857,0.0639071986079216,0.128033176064491,0.0352696962654591,114.877548217773,19.0389232635498,0.698830127716064,24.5701866149902,4.27940559387207,-0.390266418457031,1,39.5476608276367,"train",2610,3,1
"1832",0,1,-1.76884150505066,1093210,494390,"2014_2019",1.57221567630768,0.151904866099358,0.141059696674347,0.360880225896835,114.231224060059,17.4491653442383,0.295970439910889,27.3342514038086,0.863127112388611,0.00176596641540527,1,-1.76884150505066,"train",2611,3,1
"1833",0,1,16.6368827819824,1053710,562890,"2014_2019",1.43581223487854,1.46935570240021,0.46475487947464,17.0610656738281,112.667266845703,10.870397567749,0.692024350166321,29.3942432403564,10.5445499420166,0.603046417236328,1,16.6368827819824,"train",2615,2,1
"1834",0,1,-0.140730574727058,1176210,448390,"2014_2019",1.61536967754364,0.167134419083595,0.710360527038574,0.232482478022575,117.374153137207,17.1885967254639,2.10940003395081,23.4934730529785,3.59824085235596,-1.07248198986053,1,-0.140730574727058,"train",2616,4,1
"1835",0,1,13.6262712478638,1056210,568890,"2014_2019",1.39452028274536,0.0717487037181854,0.090950571000576,0.0612200647592545,107.17407989502,16.623363494873,0.202902168035507,25.5687732696533,16.8363590240479,0.112129211425781,1,13.6262712478638,"train",2617,3,1
"1836",0,1,29.6497573852539,1044210,585390,"2014_2019",1.32105672359467,1.63311183452606,0.42121210694313,16.0055980682373,112.077018737793,11.4361352920532,0.51087498664856,29.1448612213135,20.1851406097412,-0.0831165313720703,1,29.6497573852539,"train",2619,2,1
"1837",0,1,4.38275527954102,1070210,570390,"2014_2019",1.39077436923981,0.0935201048851013,0.113806769251823,0.0326350592076778,108.275505065918,17.2916946411133,0.190150901675224,23.556999206543,10.9372682571411,-0.0498871803283691,1,4.38275527954102,"train",2621,3,1
"1838",0,1,35.9588508605957,1047710,566890,"2014_2019",1.39720392227173,1.49952471256256,0.669280827045441,17.4507923126221,111.863327026367,10.9063453674316,0.642126858234406,29.4943332672119,10.2705392837524,-0.0476913452148438,1,35.9588508605957,"train",2622,2,1
"1839",0,1,-2.36453318595886,1199210,475890,"2014_2019",1.63228857517242,0.772536635398865,0.0964221507310867,1.72819185256958,118.848564147949,18.2556324005127,10.8614416122437,11.0072774887085,1.28752934932709,-9.96589660644531e-05,1,-2.36453318595886,"train",2624,5,1
"1840",0,1,-9.9203634262085,1097710,540890,"2014_2019",1.72105145454407,0.0858799740672112,0.209204852581024,0.0294185858219862,112.420341491699,17.6457328796387,0.513057768344879,24.3760223388672,21.9916286468506,1.61016941070557,1,-9.9203634262085,"train",2625,1,1
"1841",0,1,8.48669052124023,1064210,540890,"2014_2019",1.58371353149414,0.441141426563263,0.300988644361496,2.26999473571777,110.374542236328,14.3890180587769,0.433907747268677,27.2483367919922,2.37497568130493,-0.493724822998047,1,8.48669052124023,"train",2626,2,1
"1842",0,1,6.18622159957886,1112710,524890,"2014_2019",1.65239894390106,0.0810443833470345,0.197913095355034,0.00969964824616909,114.355667114258,18.7124443054199,0.50717568397522,23.6599769592285,10.3186750411987,-0.0683870315551758,1,6.18622159957886,"train",2627,3,1
"1843",0,1,2.25048732757568,1101210,488390,"2014_2019",1.79472422599792,0.11558635532856,0.141976341605186,0.126767501235008,113.846992492676,17.9518394470215,0.319888353347778,26.5896282196045,1.33659493923187,0.010826587677002,1,2.25048732757568,"train",2628,3,1
"1844",0,1,8.03929901123047,1174210,435890,"2014_2019",1.53371131420135,0.0634292215108871,0.146961659193039,0.0303326025605202,116.21647644043,18.7639503479004,0.897749602794647,24.2803955078125,11.7268371582031,-0.298157691955566,1,8.03929901123047,"train",2629,3,1
"1845",0,1,10.4048528671265,1073710,530390,"2014_2019",1.45792472362518,0.307145237922668,0.300415456295013,1.26438844203949,110.99626159668,14.911732673645,0.389561533927917,27.5089645385742,3.7328987121582,-0.114301681518555,1,10.4048528671265,"train",2630,2,1
"1846",0,1,-8.43769454956055,1084710,503390,"2014_2019",1.42256021499634,0.0577389635145664,0.0786183923482895,0.0558123998343945,111.517074584961,18.5628814697266,0.17934687435627,27.1339874267578,11.9997873306274,0.694141387939453,1,-8.43769454956055,"train",2631,3,1
"1847",0,1,32.6056938171387,1167710,371890,"2014_2019",1.62749874591827,1.86695849895477,0.458281666040421,13.5304021835327,117.653358459473,11.461742401123,0.90325266122818,30.6404342651367,1.01339888572693,-0.0437507629394531,1,32.6056938171387,"train",2633,4,1
"1848",0,1,14.0079307556152,1106210,532890,"2014_2019",1.61012268066406,0.0807426050305367,0.243578404188156,0.0265901200473309,112.576622009277,18.1713409423828,0.597960889339447,23.3633060455322,12.751706123352,-0.348441123962402,1,14.0079307556152,"train",2634,3,1
"1849",0,1,-3.00764799118042,1048210,565890,"2014_2019",1.40949523448944,1.48631072044373,0.57851654291153,17.0560188293457,111.286270141602,10.9458742141724,0.650613844394684,29.4501247406006,11.6429862976074,2.02507591247559,1,-3.00764799118042,"train",2635,2,1
"1850",0,1,12.8663501739502,1144710,377890,"2014_2019",1.4625232219696,1.87085711956024,0.361454725265503,13.6768083572388,110.797485351562,11.3672275543213,0.821645975112915,30.9287376403809,0.630690455436707,-1.71661376953125e-05,1,12.8663501739502,"train",2636,2,1
"1851",0,1,26.1198711395264,1081710,506390,"2014_2019",1.45295977592468,0.0478465631604195,0.120308578014374,0.017346940934658,113.325241088867,18.9299964904785,0.166624516248703,26.8697681427002,2.38205480575562,0.0216827392578125,1,26.1198711395264,"train",2637,3,1
"1852",0,1,7.17056798934937,1090210,588890,"2014_2019",1.32318925857544,0.0813636407256126,0.13023179769516,0.0336865559220314,113.502288818359,20.2272624969482,0.061947301030159,16.5161781311035,39.2774696350098,-2.72076940536499,1,7.17056798934937,"train",2638,1,1
"1853",0,1,2.85303258895874,1083210,520390,"2014_2019",1.40392780303955,0.269747257232666,0.316459000110626,1.13633799552917,113.245185852051,15.7642107009888,0.367147445678711,27.5612773895264,0.130966082215309,0.001068115234375,1,2.85303258895874,"train",2639,2,1
"1854",0,1,18.0781517028809,1078710,570390,"2014_2019",1.52275097370148,0.0907790660858154,0.230368033051491,0.0153430579230189,109.939750671387,18.3107318878174,0.217089802026749,23.2777652740479,17.7382392883301,-0.287004470825195,1,18.0781517028809,"train",2644,3,1
"1855",0,1,0.402758300304413,1169710,375890,"2014_2019",2.19972705841064,0.125765562057495,0.0442756414413452,0.198615416884422,113.045913696289,15.6851472854614,0.481270313262939,26.283899307251,1.94078767299652,-0.267675161361694,1,0.402758300304413,"train",2645,3,1
"1856",0,1,16.1680145263672,1062210,552390,"2014_2019",1.49245464801788,0.105166479945183,0.399577140808105,0.128353908658028,109.378997802734,16.4034595489502,0.296846747398376,25.1646919250488,2.61213636398315,5.340576171875e-05,1,16.1680145263672,"train",2646,3,1
"1857",0,1,8.55325698852539,1046710,582890,"2014_2019",1.13882887363434,0.471899658441544,0.047247864305973,2.74446582794189,109.307098388672,12.4892082214355,0.39988449215889,29.6215915679932,24.3728809356689,0.168957710266113,1,8.55325698852539,"train",2647,2,1
"1858",0,1,19.2261638641357,1085710,540390,"2014_2019",1.64401066303253,0.068614698946476,0.23547850549221,0.0313888043165207,111.701538085938,17.0950508117676,0.368673235177994,26.029821395874,3.28032779693604,0.105310440063477,1,19.2261638641357,"train",2648,3,1
"1859",0,1,26.1525440216064,1098710,532890,"2014_2019",1.74765336513519,0.0882012620568275,0.13558055460453,0.0274828542023897,112.290016174316,17.4555034637451,0.440889328718185,25.4522266387939,5.234778881073,0.0345687866210938,1,26.1525440216064,"train",2650,3,1
"1860",0,1,5.12570524215698,1060210,580390,"2014_2019",1.64583504199982,1.08510339260101,0.724850475788116,7.74147510528564,109.461334228516,12.4595184326172,0.575996220111847,27.8873901367188,8.39061450958252,-1.2668309211731,1,5.12570524215698,"train",2652,2,1
"1861",0,1,24.1926441192627,1185710,400890,"2014_2019",1.52921509742737,0.0626809000968933,0.0626767873764038,0.00652803014963865,117.420303344727,19.0266799926758,0.304488390684128,26.5620651245117,10.6190271377563,0.0553684234619141,1,24.1926441192627,"train",2653,3,1
"1862",0,1,1.11621451377869,1160210,444890,"2014_2019",1.51826190948486,0.0648459643125534,0.0174024030566216,0.0237484388053417,112.214691162109,19.4351978302002,0.685354888439178,24.5547924041748,0.700270593166351,-0.0597015619277954,1,1.11621451377869,"train",2654,3,1
"1863",0,1,-0.876467764377594,1069710,565390,"2014_2019",1.58585488796234,0.0758758783340454,0.0994414165616035,0.0251181032508612,110.378067016602,16.5762424468994,0.253389626741409,26.4370193481445,2.28029084205627,0.00809884071350098,1,-0.876467764377594,"train",2656,3,1
"1864",0,1,29.0953159332275,1179210,441890,"2014_2019",1.71157658100128,0.468923360109329,0.323624908924103,1.81589448451996,116.707084655762,16.2743148803711,1.38567614555359,25.5387687683105,14.9063110351562,0.746152877807617,1,29.0953159332275,"train",2657,1,1
"1865",0,1,34.3510704040527,1202210,431390,"2014_2019",1.34189867973328,0.21032489836216,0.38399663567543,0.485137611627579,117.017356872559,17.6389846801758,3.44635725021362,21.5185775756836,5.65496349334717,-0.025543212890625,1,34.3510704040527,"train",2658,5,1
"1866",0,1,20.7004985809326,1091710,495890,"2014_2019",1.56850147247314,0.116378635168076,0.173244968056679,0.229593992233276,112.588005065918,17.7938575744629,0.243359938263893,27.2093486785889,2.965087890625,-0.0958003997802734,1,20.7004985809326,"train",2659,3,1
"1867",0,1,35.9682579040527,1192710,430390,"2014_2019",1.62707304954529,0.90788984298706,0.44902628660202,4.55694198608398,116.05345916748,15.1629266738892,2.03326368331909,25.6870079040527,2.85303521156311,0.0247421264648438,1,35.9682579040527,"train",2662,4,1
"1868",0,1,1.04899454116821,1077710,549890,"2014_2019",1.70493602752686,0.103832423686981,0.307055294513702,0.0735050663352013,111.174758911133,17.0551242828369,0.315567702054977,25.5501918792725,0.472274094820023,0.000968456268310547,1,1.04899454116821,"train",2663,3,1
"1869",0,1,-3.00764799118042,1197710,423390,"2014_2019",1.70724594593048,1.19671189785004,0.264750897884369,6.72725772857666,117.455451965332,14.4580860137939,1.83509433269501,26.5956020355225,7.43613815307617,1.40738582611084,1,-3.00764799118042,"train",2665,4,1
"1870",0,1,3.10154342651367,1194210,383890,"2014_2019",1.06248927116394,0.529041647911072,0.101839080452919,3.12731623649597,115.080017089844,14.5943880081177,0.821772933006287,30.2565097808838,0.590230107307434,-0.392711639404297,1,3.10154342651367,"train",2666,2,1
"1871",0,1,11.6630964279175,1176210,425390,"2014_2019",1.60315084457397,0.119460262358189,0.169824749231339,0.203612491488457,112.655731201172,18.4335975646973,0.782494902610779,24.763650894165,11.1882410049438,0.283266067504883,1,11.6630964279175,"train",2667,3,1
"1872",0,1,37.0408477783203,1123710,526390,"2014_2019",1.47191178798676,0.0896136611700058,0.286813706159592,0.0189386196434498,114.969116210938,19.3459644317627,0.636872947216034,21.4980487823486,11.8529539108276,-0.104465484619141,1,37.0408477783203,"train",2668,3,1
"1873",0,1,19.8560676574707,1079710,525390,"2014_2019",1.43274092674255,0.274583667516708,0.187525197863579,1.08882129192352,111.49137878418,15.2434606552124,0.37463366985321,27.5122394561768,8.02457141876221,0.043548583984375,1,19.8560676574707,"train",2669,2,1
"1874",0,1,23.0981426239014,1144210,377390,"2014_2019",1.47855746746063,1.90172290802002,0.427599340677261,13.7091674804688,110.865669250488,11.3712816238403,0.82346922159195,30.8931884765625,2.1532735824585,-0.0674285888671875,1,23.0981426239014,"train",2670,2,1
"1875",0,1,36.1606674194336,1098210,515890,"2014_2019",1.7153297662735,0.0637910440564156,0.264196127653122,0.0285812839865685,112.531669616699,17.1133289337158,0.374611884355545,26.7241020202637,1.8621963262558,-0.00278854370117188,1,36.1606674194336,"train",2671,3,1
"1876",0,1,2.97486233711243,1097210,491890,"2014_2019",1.57470810413361,0.114970333874226,0.137041747570038,0.204506099224091,114.660247802734,17.6395683288574,0.285927534103394,27.2344951629639,1.86252737045288,-0.00675106048583984,1,2.97486233711243,"train",2672,3,1
"1877",0,1,-2.35110282897949,1118710,498890,"2014_2019",1.65216207504272,0.0730247721076012,0.121202424168587,0.0243216194212437,111.681938171387,18.013521194458,0.750554263591766,24.9264583587646,16.4821472167969,0.972103118896484,1,-2.35110282897949,"train",2673,3,1
"1878",0,1,-3.00764799118042,1085210,577890,"2014_2019",1.4407194852829,0.0812736079096794,0.101349465548992,0.00848663039505482,111.174926757812,19.8374404907227,0.0484920032322407,20.5231132507324,11.9291667938232,0.229537010192871,1,-3.00764799118042,"train",2675,3,1
"1879",0,1,19.5291366577148,1216710,423890,"2014_2019",1.50385105609894,0.398906230926514,1.16076445579529,1.35911071300507,119.099769592285,15.7864866256714,2.72118878364563,24.2106227874756,9.21088981628418,-0.0171089172363281,1,19.5291366577148,"train",2677,4,1
"1880",0,1,-2.30482745170593,1089710,504390,"2014_2019",1.50684988498688,0.0840231254696846,0.104808047413826,0.155432224273682,113.207252502441,17.4989795684814,0.262911081314087,27.232795715332,0.430830597877502,0.00136327743530273,1,-2.30482745170593,"train",2678,3,1
"1881",0,1,29.4458656311035,1170210,440890,"2014_2019",1.42447888851166,0.0645577907562256,0.11581202596426,0.0420073159039021,115.317001342773,18.9860420227051,0.742960393428802,24.5648345947266,14.8864974975586,1.2796802520752,1,29.4458656311035,"train",2679,3,1
"1882",0,1,31.7698516845703,1205210,368390,"2014_2019",1.72725427150726,1.95360851287842,0.592892467975616,13.3477783203125,120.680778503418,11.9200134277344,1.1416506767273,29.9051399230957,0.697896838188171,-0.0206680297851562,1,31.7698516845703,"train",2681,4,1
"1883",0,1,-3.03021740913391,1178210,443390,"2014_2019",1.71750378608704,0.479697674512863,0.308524429798126,1.89586806297302,117.032028198242,16.1785945892334,1.42658877372742,25.5123138427734,1.67049908638,0.292050838470459,1,-3.03021740913391,"train",2682,4,1
"1884",0,1,16.1530818939209,1085210,501390,"2014_2019",1.52678084373474,0.0627831295132637,0.125769451260567,0.0533499121665955,112.735855102539,18.8955860137939,0.16865448653698,26.8031120300293,12.8174962997437,-0.0447292327880859,1,16.1530818939209,"train",2686,3,1
"1885",0,1,7.48608589172363,1047210,573390,"2014_2019",1.35958385467529,1.60536229610443,0.420406401157379,18.2403469085693,111.965431213379,11.4212131500244,0.54990565776825,29.595947265625,10.4106063842773,0.334566593170166,1,7.48608589172363,"train",2687,2,1
"1886",0,1,6.49401092529297,1196210,405890,"2014_2019",1.81131064891815,1.4512083530426,0.2958844602108,8.27624893188477,119.438758850098,13.590256690979,1.5843540430069,27.8685970306396,8.43743228912354,-0.0431747436523438,1,6.49401092529297,"train",2688,4,1
"1887",0,1,0.969927370548248,1208210,477890,"2014_2019",1.00175297260284,0.280423164367676,0.0715527087450027,0.496729671955109,114.286056518555,19.8092670440674,3.99532985687256,11.6429119110107,4.2378077507019,0.153202533721924,1,0.969927370548248,"train",2689,5,1
"1888",0,1,-2.60655546188354,1083210,512890,"2014_2019",1.53521013259888,0.132380560040474,0.230554401874542,0.28141114115715,113.933235168457,17.1144256591797,0.275186598300934,27.2095375061035,0.812280714511871,0.00588178634643555,1,-2.60655546188354,"train",2692,3,1
"1889",0,1,-9.00764846801758,1102210,486890,"2014_2019",1.57231390476227,0.0721355080604553,0.0972892194986343,0.0380686372518539,113.318046569824,18.1235160827637,0.293827503919601,26.8652572631836,3.95608973503113,-2.14094114303589,1,-9.00764846801758,"train",2694,3,1
"1890",0,1,4.56015110015869,1101710,530390,"2014_2019",1.69002723693848,0.0830981954932213,0.10589575022459,0.013524018228054,111.705123901367,18.0593662261963,0.446175396442413,24.5541534423828,19.5082740783691,2.13140368461609,1,4.56015110015869,"train",2695,1,1
"1891",0,1,14.9796953201294,1186210,408390,"2014_2019",1.41506886482239,0.0743893906474113,0.0684471875429153,0.0570991970598698,116.228469848633,18.6953086853027,0.360306262969971,26.659065246582,1.0355406999588,-0.130049705505371,1,14.9796953201294,"train",2696,3,1
"1892",0,1,31.4539890289307,1193210,380390,"2014_2019",1.64273262023926,1.84563291072845,0.323449075222015,13.1613206863403,120.033630371094,11.8555202484131,1.09453201293945,30.143985748291,3.32918286323547,-0.0490341186523438,1,31.4539890289307,"train",2697,4,1
"1893",0,1,-3.00764799118042,1125210,499890,"2014_2019",1.68327713012695,0.0707881078124046,0.097627155482769,0.0226501002907753,114.234718322754,18.3633441925049,0.510205149650574,25.2254829406738,1.40087246894836,-0.000159263610839844,1,-3.00764799118042,"train",2698,3,1
"1894",0,1,18.3995780944824,1085210,519390,"2014_2019",1.4839870929718,0.142552211880684,0.247853592038155,0.364730000495911,111.933204650879,16.3747787475586,0.316445618867874,27.2154350280762,2.16145372390747,-0.0313739776611328,1,18.3995780944824,"train",2699,3,1
"1895",0,1,-1.17385506629944,1076210,517390,"2014_2019",1.93521249294281,0.143238633871078,0.0776070132851601,0.350566029548645,110.784156799316,17.4891242980957,0.327068448066711,26.1197185516357,0.437107384204865,-0.0524361133575439,1,-1.17385506629944,"train",2700,3,1
"1896",0,1,0.608484029769897,1086710,560890,"2014_2019",1.85836219787598,0.494283974170685,0.121778458356857,0.873935878276825,111.688613891602,18.5980777740479,0.358224183320999,14.1267280578613,2.77732253074646,0.0451482534408569,1,0.608484029769897,"train",2701,3,1
"1897",0,1,28.3139457702637,1056210,555890,"2014_2019",1.46108782291412,0.706986904144287,1.70725846290588,3.56034326553345,111.444923400879,12.458963394165,0.586123704910278,28.1812133789062,5.21730852127075,-0.0206050872802734,1,28.3139457702637,"train",2702,4,1
"1898",0,1,20.8735504150391,1092210,504890,"2014_2019",1.55091404914856,0.0730260983109474,0.136092767119408,0.0919602066278458,112.821418762207,17.5681762695312,0.261707663536072,27.1058788299561,1.63371062278748,-0.0229415893554688,1,20.8735504150391,"train",2703,3,1
"1899",0,1,16.6419067382812,1072210,543890,"2014_2019",1.56236755847931,0.11258851736784,0.229392379522324,0.111603327095509,110.669906616211,16.7570304870605,0.311359375715256,26.2240543365479,3.32331848144531,0.18140983581543,1,16.6419067382812,"train",2704,3,1
"1900",0,1,0.384674489498138,1196710,428890,"2014_2019",1.68517184257507,1.00380337238312,0.348987936973572,5.19701719284058,118.170143127441,14.590576171875,2.115398645401,26.0468845367432,2.22441840171814,-0.0582530200481415,1,0.384674489498138,"train",2705,4,1
"1901",0,1,8.75973796844482,1154210,462390,"2014_2019",1.82854533195496,0.0766467079520226,0.175388693809509,0.0264576356858015,114.306915283203,18.9733581542969,0.916930675506592,23.0126419067383,9.67584133148193,0.0328350067138672,1,8.75973796844482,"train",2706,3,1
"1902",0,1,25.4239463806152,1203710,429890,"2014_2019",1.34034252166748,0.215218111872673,0.351847141981125,0.5272057056427,117.355400085449,17.5204486846924,3.33961367607117,21.7812938690186,9.17817783355713,-0.643735885620117,1,25.4239463806152,"train",2707,5,1
"1903",0,1,0.299268424510956,1214710,424390,"2014_2019",1.35233187675476,0.261200696229935,0.943883955478668,0.806779503822327,118.431732177734,17.0196380615234,3.00443840026855,22.7732429504395,0.597817420959473,0.027209460735321,1,0.299268424510956,"train",2708,5,1
"1904",0,1,29.1989631652832,1123210,526390,"2014_2019",1.48790037631989,0.0889010801911354,0.25734081864357,0.0189808718860149,114.832763671875,19.2708854675293,0.652588725090027,21.5518131256104,12.0278377532959,0.126846313476562,1,29.1989631652832,"train",2710,3,1
"1905",0,1,-3.86553573608398,1088210,552890,"2014_2019",1.73155558109283,0.0953589305281639,0.198317036032677,0.0498924404382706,112.195213317871,16.9250316619873,0.46096333861351,25.1206893920898,6.0253267288208,2.53002548217773,1,-3.86553573608398,"train",2711,3,1
"1906",0,1,10.8541650772095,1167710,449390,"2014_2019",1.4152843952179,0.147636190056801,0.139590844511986,0.37741407752037,115.365081787109,17.9958801269531,1.03795409202576,24.6327171325684,6.09152126312256,0.152240753173828,1,10.8541650772095,"train",2713,3,1
"1907",0,1,15.4612979888916,1199710,404390,"2014_2019",1.75586605072021,1.38440930843353,0.593712091445923,7.83739185333252,119.718742370605,13.9258852005005,1.58677542209625,27.6039905548096,0.477672189474106,-0.00215244293212891,1,15.4612979888916,"train",2715,4,1
"1908",0,1,5.61630153656006,1199210,474390,"2014_2019",2.19263601303101,1.05934727191925,0.670749366283417,2.37706470489502,118.454971313477,17.9063377380371,15.3019104003906,7.90646123886108,0.595228016376495,0.114931106567383,1,5.61630153656006,"train",2717,5,1
"1909",0,1,0.14490994811058,1074210,599390,"2014_2019",1.4584493637085,0.163104176521301,0.152643665671349,0.160747528076172,110.92276763916,19.5889358520508,0.131459683179855,17.5690269470215,19.13157081604,-1.12157094478607,1,0.14490994811058,"train",2718,3,1
"1910",0,1,15.6171951293945,1057710,550390,"2014_2019",1.46824467182159,0.524700105190277,0.487905561923981,2.81618142127991,111.743698120117,13.3665456771851,0.525993704795837,27.7030296325684,0.886750996112823,0.0516729354858398,1,15.6171951293945,"train",2719,2,1
"1911",0,1,16.0199909210205,1071710,554390,"2014_2019",1.62501800060272,0.09044598788023,0.265872687101364,0.0564467832446098,110.760185241699,17.4824485778809,0.264798939228058,25.278751373291,1.93570244312286,0.000698089599609375,1,16.0199909210205,"train",2720,3,1
"1912",0,1,26.9326839447021,1057210,584390,"2014_2019",1.62709736824036,1.40565049648285,0.250977516174316,11.1065950393677,112.020439147949,12.3972463607788,0.541209697723389,28.1750030517578,12.0501747131348,-2.64591979980469,1,26.9326839447021,"train",2721,2,1
"1913",0,1,36.1570281982422,1194710,429390,"2014_2019",1.65015435218811,0.829029262065887,0.440609812736511,3.90094900131226,117.859924316406,14.8866567611694,2.18897223472595,25.6385250091553,5.00539112091064,-0.604152679443359,1,36.1570281982422,"train",2722,4,1
"1914",0,1,2.48451709747314,1058710,547890,"2014_2019",1.43954706192017,0.36957585811615,0.336618691682816,1.73080098628998,110.965324401855,14.7005472183228,0.415879428386688,27.065393447876,1.38142073154449,-0.0559456348419189,1,2.48451709747314,"train",2724,2,1
"1915",0,1,27.6291999816895,1058710,552890,"2014_2019",1.50643086433411,0.253705710172653,0.673185229301453,0.757407605648041,111.699890136719,14.1270303726196,0.489233911037445,26.8059825897217,5.54204845428467,-0.00128173828125,1,27.6291999816895,"train",2725,2,1
"1916",0,1,13.235258102417,1206210,482890,"2014_2019",1.46236622333527,0.671922743320465,0.129956737160683,1.51992845535278,113.95288848877,18.6677055358887,2.32899379730225,10.058557510376,7.38215732574463,-0.556071281433105,1,13.235258102417,"train",2727,5,1
"1917",0,1,3.09093737602234,1085210,554390,"2014_2019",1.70846879482269,0.0870806574821472,0.239013999700546,0.0422950200736523,112.382545471191,17.0999240875244,0.425203859806061,25.0739765167236,7.28047466278076,-0.114205121994019,1,3.09093737602234,"train",2728,3,1
"1918",0,1,22.1272239685059,1097710,532390,"2014_2019",1.76644599437714,0.0794141590595245,0.0688620954751968,0.0237932968884706,112.031890869141,17.3416862487793,0.410692781209946,25.8582725524902,3.80258631706238,0.0701026916503906,1,22.1272239685059,"train",2730,3,1
"1919",0,1,21.3811588287354,1098210,532890,"2014_2019",1.76008069515228,0.0842259749770164,0.131434231996536,0.0257343035191298,112.153968811035,17.4159889221191,0.426017910242081,25.6514129638672,3.87823414802551,-0.0377998352050781,1,21.3811588287354,"train",2731,3,1
"1920",0,1,32.7282981872559,1202210,383390,"2014_2019",1.70686364173889,1.83507609367371,0.623866498470306,12.1250305175781,121.702484130859,11.8459911346436,1.3174923658371,29.6393737792969,2.80707621574402,0.544914245605469,1,32.7282981872559,"train",2732,4,1
"1921",0,1,38.3963165283203,1169210,371890,"2014_2019",1.60636222362518,1.80164897441864,0.444386631250381,13.3164367675781,117.70516204834,11.3679876327515,0.901264607906342,30.6823768615723,2.71346402168274,1.01612854003906,1,38.3963165283203,"train",2734,4,1
"1922",0,1,11.5210266113281,1145710,377890,"2014_2019",1.45139312744141,1.83431625366211,0.350638419389725,13.4553680419922,110.923377990723,11.3660888671875,0.823095083236694,30.9532356262207,0.352636903524399,-0.0250110626220703,1,11.5210266113281,"train",2736,2,1
"1923",0,1,8.40830898284912,1056210,551890,"2014_2019",1.46247887611389,0.698893904685974,0.676853239536285,4.51723766326904,110.532051086426,13.175087928772,0.540459752082825,27.8068828582764,2.19172310829163,0.00852775573730469,1,8.40830898284912,"train",2737,2,1
"1924",0,1,21.4726486206055,1202210,483890,"2014_2019",0.975687503814697,0.220345661044121,0.158604681491852,0.535645604133606,115.002494812012,19.5918312072754,3.08293557167053,11.1952114105225,1.95512759685516,-0.113958358764648,1,21.4726486206055,"train",2739,5,1
"1925",0,1,0.392993986606598,1192210,418890,"2014_2019",1.68604242801666,1.07056665420532,0.240038320422173,5.64745378494263,118.147125244141,14.9816646575928,1.50774502754211,26.7640972137451,10.7684383392334,-0.219573855400085,1,0.392993986606598,"train",2740,4,1
"1926",0,1,0.572705149650574,1085210,509890,"2014_2019",1.4731297492981,0.121431216597557,0.0925612971186638,0.307781428098679,113.330154418945,17.3982963562012,0.268191009759903,27.2410774230957,0.973876416683197,0.0190417170524597,1,0.572705149650574,"train",2741,3,1
"1927",0,1,-2.94277691841125,1081710,521890,"2014_2019",1.31256949901581,0.229184255003929,0.0820825472474098,0.892048478126526,114.541328430176,15.8083343505859,0.38322526216507,27.5675792694092,3.03869676589966,0.298553705215454,1,-2.94277691841125,"train",2743,2,1
"1928",0,1,13.714035987854,1164710,443390,"2014_2019",1.41484379768372,0.0737377181649208,0.137922793626785,0.0493393391370773,115.492584228516,18.8554077148438,0.777299284934998,24.4091167449951,15.8334760665894,-3.4235143661499,1,13.714035987854,"train",2744,3,1
"1929",0,1,-1.14846658706665,1081710,505390,"2014_2019",1.43314480781555,0.0469772890210152,0.112345956265926,0.0160199105739594,113.081443786621,19.0214176177979,0.15941347181797,26.9061183929443,5.39010286331177,-0.0365986824035645,1,-1.14846658706665,"train",2745,3,1
"1930",0,1,-1.04569160938263,1113710,529390,"2014_2019",1.63037943840027,0.0963873565196991,0.308720022439957,0.0417736433446407,114.419326782227,18.468921661377,0.653228461742401,22.5309009552002,1.87638068199158,-0.102422595024109,1,-1.04569160938263,"train",2749,3,1
"1931",0,1,5.80226182937622,1183210,415390,"2014_2019",1.75165021419525,0.772683560848236,0.259388893842697,3.65100908279419,115.759391784668,15.742506980896,1.11892187595367,26.8396320343018,11.8020219802856,-0.42529821395874,1,5.80226182937622,"train",2750,3,1
"1932",0,1,-0.157056912779808,1100210,542890,"2014_2019",2.02863955497742,0.169530615210533,0.12339460849762,0.105300143361092,112.022468566895,17.3190841674805,0.560545742511749,22.7667751312256,1.64741027355194,0.00273416936397552,1,-0.157056912779808,"train",2751,3,1
"1933",0,1,28.9006633758545,1190710,427890,"2014_2019",1.72448492050171,0.871832370758057,0.552054524421692,3.9903883934021,118.043182373047,15.3663244247437,1.68167126178741,26.0176734924316,13.0974760055542,0.493385314941406,1,28.9006633758545,"train",2753,4,1
"1934",0,1,28.6661319732666,1168710,437390,"2014_2019",1.52262246608734,0.0710171088576317,0.121694333851337,0.0267576556652784,115.143081665039,19.2544631958008,0.664251267910004,24.1634254455566,2.61889123916626,0.575109481811523,1,28.6661319732666,"train",2754,3,1
"1935",0,1,6.37407064437866,1039710,590390,"2014_2019",1.19491875171661,1.59923100471497,0.581171274185181,18.2935199737549,113.934288024902,11.0225791931152,0.49692639708519,29.7387714385986,4.41534852981567,0.102548599243164,1,6.37407064437866,"train",2756,2,1
"1936",0,1,0.929140567779541,1173710,432890,"2014_2019",1.58117210865021,0.0624868869781494,0.133625105023384,0.0265196282416582,115.693344116211,19.0885887145996,0.767194986343384,24.0345573425293,4.27270269393921,-0.45241117477417,1,0.929140567779541,"train",2757,3,1
"1937",0,1,30.3109226226807,1042210,604390,"2014_2019",1.07549643516541,0.43708661198616,0.0906739234924316,2.94454741477966,102.571685791016,12.7456245422363,0.40173077583313,29.4939346313477,8.63154792785645,-0.0192508697509766,1,30.3109226226807,"train",2760,2,1
"1938",0,1,34.7057037353516,1074710,551890,"2014_2019",1.67733895778656,0.105607718229294,0.194224834442139,0.0858879685401917,111.031196594238,16.8979511260986,0.308541566133499,25.78271484375,7.87742185592651,-2.01337051391602,1,34.7057037353516,"train",2763,3,1
"1939",0,1,4.05097246170044,1196710,391390,"2014_2019",1.46962261199951,1.30347800254822,0.18912997841835,6.95269727706909,117.868141174316,14.2097091674805,1.45835077762604,28.2414855957031,1.28514778614044,0.0608201026916504,1,4.05097246170044,"train",2764,4,1
"1940",0,1,38.0613822937012,1201710,403390,"2014_2019",1.77163887023926,1.44616007804871,0.74368816614151,8.25890636444092,119.790534973145,13.6633491516113,1.59228563308716,27.7777347564697,3.18041586875916,-0.0600128173828125,1,38.0613822937012,"train",2765,4,1
"1941",0,1,21.7404880523682,1077710,540890,"2014_2019",1.56523966789246,0.0910471007227898,0.232715114951134,0.0729741677641869,111.222763061523,16.9548816680908,0.298336982727051,26.2153511047363,2.38670253753662,-0.40020751953125,1,21.7404880523682,"train",2766,3,1
"1942",0,1,4.03750467300415,1129710,480390,"2014_2019",1.64522910118103,0.0529566779732704,0.217361718416214,0.00612985016778111,113.178283691406,18.4495830535889,0.74653434753418,24.7363777160645,7.52438402175903,-0.0397510528564453,1,4.03750467300415,"train",2767,3,1
"1943",0,1,2.09538698196411,1177210,441390,"2014_2019",1.6984555721283,0.297012150287628,0.335741341114044,0.922576308250427,117.129615783691,16.6545295715332,1.36015045642853,25.1873531341553,11.9805660247803,-0.937215089797974,1,2.09538698196411,"train",2769,1,1
"1944",0,1,37.20849609375,1069210,575890,"2014_2019",1.32529985904694,0.11571928858757,0.293701589107513,0.0980869010090828,110.363311767578,16.4592151641846,0.229830950498581,22.238109588623,26.0286026000977,-1.04831314086914,1,37.20849609375,"train",2770,1,1
"1945",0,1,10.2742185592651,1101710,502390,"2014_2019",1.65795755386353,0.0785305052995682,0.386600643396378,0.0769639909267426,112.968765258789,17.132474899292,0.303500294685364,27.103946685791,5.35644102096558,-0.0334911346435547,1,10.2742185592651,"train",2772,3,1
"1946",0,1,25.8180599212646,1097210,541890,"2014_2019",1.73057425022125,0.0845391228795052,0.238676279783249,0.0302683915942907,112.333976745605,17.5651721954346,0.521642446517944,24.4289474487305,7.9760274887085,0.233896255493164,1,25.8180599212646,"train",2773,3,1
"1947",0,1,-1.21572399139404,1201710,421390,"2014_2019",1.42894268035889,0.638350665569305,0.0965396091341972,3.03712129592896,118.772834777832,15.6682271957397,2.14055395126343,25.4562168121338,8.31032657623291,0.716657280921936,1,-1.21572399139404,"train",2775,3,1
"1948",0,1,12.8016004562378,1168710,436890,"2014_2019",1.550124168396,0.0745249763131142,0.109334856271744,0.0305431336164474,115.196243286133,19.2972469329834,0.655582249164581,24.1071376800537,0.350848644971848,0,1,12.8016004562378,"train",2776,3,1
"1949",0,1,12.4526071548462,1072210,548890,"2014_2019",1.58649957180023,0.101159162819386,0.26351723074913,0.0772776380181313,110.469284057617,16.9673919677734,0.307312220335007,25.8818626403809,3.87124800682068,0.941976547241211,1,12.4526071548462,"train",2777,3,1
"1950",0,1,30.2694263458252,1197710,412390,"2014_2019",1.74832499027252,1.30453038215637,0.508872628211975,7.0628662109375,119.28524017334,14.0896739959717,1.70126330852509,27.2343349456787,2.94812679290771,-0.0371723175048828,1,30.2694263458252,"train",2778,4,1
"1951",0,1,7.7505464553833,1123210,494390,"2014_2019",1.6094913482666,0.0713061019778252,0.196838244795799,0.022539708763361,112.057998657227,18.3085041046143,0.870772957801819,24.1895484924316,9.09132766723633,-0.0583419799804688,1,7.7505464553833,"train",2782,3,1
"1952",0,1,8.31541442871094,1175710,450390,"2014_2019",1.53362417221069,0.138414070010185,0.272182703018188,0.160950928926468,116.939834594727,17.876672744751,2.26427674293518,22.6983661651611,1.2854950428009,-0.018183708190918,1,8.31541442871094,"train",2783,3,1
"1953",0,1,-1.04216706752777,1188710,429890,"2014_2019",1.74811184406281,0.798612475395203,0.52325052022934,3.75329279899597,118.081604003906,15.501371383667,1.64603221416473,25.9644432067871,15.8743286132812,-0.0848650932312012,1,-1.04216706752777,"train",2787,1,1
"1954",0,1,-3.05579304695129,1153210,461890,"2014_2019",2.13154816627502,0.175752058625221,0.10846621543169,0.136574819684029,115.289817810059,18.7232322692871,0.935930907726288,22.2299480438232,0.193963423371315,-0.00361514091491699,1,-3.05579304695129,"train",2788,3,1
"1955",0,1,24.9564037322998,1142210,378390,"2014_2019",1.46606433391571,1.87725961208344,0.512898027896881,13.4912586212158,110.804832458496,11.340970993042,0.816786229610443,30.9353504180908,1.39313209056854,0.123485565185547,1,24.9564037322998,"train",2791,2,1
"1956",0,1,16.392520904541,1201710,431390,"2014_2019",1.34764456748962,0.214503943920135,0.372446447610855,0.506484627723694,116.956581115723,17.6179256439209,3.39664602279663,21.5866603851318,1.52554595470428,-0.0513324737548828,1,16.392520904541,"train",2792,5,1
"1957",0,1,0.493337035179138,1163710,446390,"2014_2019",1.40249812602997,0.096536360681057,0.114557914435863,0.151395812630653,114.830871582031,18.5792827606201,0.859056770801544,24.4916038513184,6.52848291397095,-0.318076610565186,1,0.493337035179138,"train",2793,3,1
"1958",0,1,6.37842893600464,1098710,538890,"2014_2019",1.70582807064056,0.0804994106292725,0.210058152675629,0.0246834475547075,112.815528869629,17.623722076416,0.526233792304993,24.4737949371338,2.10400891304016,0.839407444000244,1,6.37842893600464,"train",2794,3,1
"1959",0,1,-1.22985637187958,1058710,545390,"2014_2019",1.30696892738342,0.280333995819092,0.118588924407959,1.3573739528656,110.878982543945,15.6152200698853,0.356425762176514,26.8364677429199,0.871866226196289,0.000435709953308105,1,-1.22985637187958,"train",2795,2,1
"1960",0,1,-8.00764846801758,1124710,480890,"2014_2019",1.76090812683105,0.0637399256229401,0.228404149413109,0.023421099409461,113.11865234375,18.4375629425049,0.552776217460632,25.1242008209229,2.28752398490906,-0.296141147613525,1,-8.00764846801758,"train",2797,3,1
"1961",0,1,-2.84688568115234,1200210,474390,"2014_2019",2.38166451454163,1.33240234851837,0.466657817363739,2.91312003135681,119.145751953125,17.7074069976807,16.5483379364014,7.23564720153809,3.95904588699341,0.20182204246521,1,-2.84688568115234,"train",2798,5,1
"1962",0,1,0.89947372674942,1088210,497390,"2014_2019",1.49186110496521,0.0746128857135773,0.129778727889061,0.0885998606681824,112.355812072754,18.5759449005127,0.186709940433502,27.0998668670654,1.06544470787048,-0.126868665218353,1,0.89947372674942,"train",2800,3,1
"1963",0,1,18.9640483856201,1193210,407390,"2014_2019",1.7421772480011,1.25291264057159,0.393380582332611,6.69242525100708,118.202507019043,14.3957500457764,1.51270008087158,27.3940677642822,1.72111058235168,-0.0108699798583984,1,18.9640483856201,"train",2801,4,1
"1964",0,1,21.698127746582,1084210,540890,"2014_2019",1.63016331195831,0.0697951391339302,0.238061189651489,0.0378125347197056,111.49250793457,17.0810089111328,0.35487774014473,26.0507793426514,3.11928629875183,0.0314750671386719,1,21.698127746582,"train",2802,3,1
"1965",0,1,29.9295845031738,1203710,396890,"2014_2019",1.76948273181915,1.64670431613922,0.905267834663391,9.89579105377197,120.27774810791,12.9339599609375,1.53216755390167,28.4449520111084,4.07575464248657,0.319931030273438,1,29.9295845031738,"train",2803,4,1
"1966",0,1,8.4174690246582,1054710,560390,"2014_2019",1.42757272720337,1.27097475528717,0.98503440618515,13.2561664581299,113.663436889648,11.0924758911133,0.700853943824768,29.1814441680908,17.947151184082,-1.05569171905518,1,8.4174690246582,"train",2804,2,1
"1967",0,1,4.47855472564697,1086210,509390,"2014_2019",1.4747177362442,0.121507115662098,0.133197322487831,0.301341623067856,112.770645141602,17.3728675842285,0.269499868154526,27.2408008575439,0.57190078496933,0.000557899475097656,1,4.47855472564697,"train",2805,3,1
"1968",0,1,0.465216845273972,1198710,474390,"2014_2019",2.05257940292358,0.919637143611908,0.570631861686707,2.09285759925842,118.332916259766,17.9039611816406,13.9885873794556,9.1791582107544,0.763659298419952,0.00418871641159058,1,0.465216845273972,"train",2808,5,1
"1969",0,1,31.5826473236084,1090710,570390,"2014_2019",1.53025722503662,0.102431163191795,0.160008326172829,0.0144664905965328,113.508972167969,20.6527233123779,0.129168838262558,20.2897968292236,8.61997032165527,-0.210870742797852,1,31.5826473236084,"train",2809,3,1
"1970",0,1,7.30919361114502,1172710,375390,"2014_2019",2.25997066497803,0.23578542470932,0.0520314164459705,0.490410387516022,113.169845581055,15.3767490386963,0.555058240890503,25.7233047485352,4.49982166290283,1.52598190307617,1,7.30919361114502,"train",2810,3,1
"1971",0,1,17.8978900909424,1098210,525890,"2014_2019",1.85406863689423,0.0682584270834923,0.191364586353302,0.0191186740994453,110.475807189941,16.9068756103516,0.42397341132164,26.6110610961914,5.05074024200439,0.00450897216796875,1,17.8978900909424,"train",2812,3,1
"1972",0,1,11.7014455795288,1181210,413890,"2014_2019",1.86141335964203,0.98428475856781,0.283541679382324,4.97542238235474,117.079254150391,15.0809373855591,1.24098742008209,26.9536247253418,1.15204048156738,0.0210580825805664,1,11.7014455795288,"train",2815,4,1
"1973",0,1,0.434181720018387,1128710,524890,"2014_2019",1.45519387722015,0.0899660289287567,0.199438527226448,0.0178817566484213,115.800926208496,19.2838077545166,0.615361452102661,21.8292179107666,7.27546405792236,-0.0686570703983307,1,0.434181720018387,"train",2817,3,1
"1974",0,1,7.14315795898438,1202710,422390,"2014_2019",1.51796877384186,0.712670505046844,0.184654504060745,3.33643817901611,119.000503540039,15.7718114852905,2.37532663345337,24.7366428375244,1.15404856204987,0.0304875373840332,1,7.14315795898438,"train",2819,4,1
"1975",0,1,16.5317230224609,1090210,497390,"2014_2019",1.54705667495728,0.138964533805847,0.28595706820488,0.304145038127899,112.540046691895,17.6395435333252,0.245773643255234,27.312126159668,8.13880825042725,0.00601959228515625,1,16.5317230224609,"train",2820,3,1
"1976",0,1,-3.00764799118042,1076710,560890,"2014_2019",1.59571969509125,0.0767408758401871,0.155166864395142,0.0261289980262518,109.132827758789,17.9430065155029,0.241500928997993,24.614294052124,16.5169944763184,-0.000756263732910156,1,-3.00764799118042,"train",2821,3,1
"1977",0,1,34.5016021728516,1166210,372890,"2014_2019",1.60060691833496,1.82014977931976,0.418861746788025,13.2386407852173,117.701446533203,11.5358057022095,0.888899981975555,30.6251697540283,4.6539478302002,-0.0406494140625,1,34.5016021728516,"train",2822,4,1
"1978",0,1,4.94302892684937,1192710,428390,"2014_2019",1.66432201862335,0.859846770763397,0.388538122177124,4.12294769287109,118.275421142578,15.4225597381592,1.89756858348846,25.6387634277344,10.1910972595215,-0.486037254333496,1,4.94302892684937,"train",2823,4,1
"1979",0,1,13.3985939025879,1070210,534890,"2014_2019",1.47710859775543,0.341719806194305,0.305876135826111,1.43431949615479,111.122413635254,14.7336759567261,0.404063045978546,27.4843673706055,2.43833804130554,0.0499172210693359,1,13.3985939025879,"train",2824,2,1
"1980",0,1,5.95133781433105,1068710,569390,"2014_2019",1.40197134017944,0.0954822301864624,0.161479011178017,0.0327498614788055,108.770126342773,17.200740814209,0.202510803937912,23.6715469360352,13.7578840255737,-0.0734958648681641,1,5.95133781433105,"train",2825,3,1
"1981",0,1,30.9214286804199,1167710,372390,"2014_2019",1.6435421705246,1.72555792331696,0.422157555818558,12.6597576141357,117.710517883301,11.5201501846313,0.886472821235657,30.6109237670898,1.57546472549438,0.033477783203125,1,30.9214286804199,"train",2826,4,1
"1982",0,1,37.3142852783203,1202710,380390,"2014_2019",1.67663931846619,1.89562857151031,0.644008934497833,13.8208789825439,121.782012939453,11.5034275054932,1.23461413383484,29.9980163574219,1.21760523319244,-0.121818542480469,1,37.3142852783203,"train",2827,4,1
"1983",0,1,16.6738510131836,1174210,375890,"2014_2019",2.23975849151611,0.223497778177261,0.089419387280941,0.469889909029007,113.178443908691,15.4171752929688,0.540558159351349,25.8555946350098,2.99155139923096,0.439384460449219,1,16.6738510131836,"train",2829,3,1
"1984",0,1,38.9203567504883,1196210,403890,"2014_2019",1.81767845153809,1.42001605033875,0.596870601177216,7.89093112945557,119.28190612793,13.7001600265503,1.53636789321899,27.8273735046387,0.552716612815857,0.00793838500976562,1,38.9203567504883,"train",2834,4,1
"1985",0,1,0.243974760174751,1079210,551890,"2014_2019",1.66243982315063,0.0933473780751228,0.3198022544384,0.0428602509200573,112.402839660645,18.0804424285889,0.247934192419052,24.3858757019043,0.725097119808197,-0.0376704186201096,1,0.243974760174751,"train",2835,3,1
"1986",0,1,23.9220867156982,1095710,540390,"2014_2019",1.72262024879456,0.0788655951619148,0.135879352688789,0.0304977167397738,112.009468078613,17.3836994171143,0.441146910190582,25.3699474334717,1.58445203304291,0.00667572021484375,1,23.9220867156982,"train",2836,3,1
"1987",0,1,37.3896865844727,1068710,587390,"2014_2019",1.31531417369843,0.105911485850811,0.191150948405266,0.0720122158527374,110.424072265625,17.672155380249,0.153925389051437,21.2211399078369,20.6149959564209,0.181976318359375,1,37.3896865844727,"train",2838,1,1
"1988",0,1,-5.84537744522095,1042710,580890,"2014_2019",1.31680357456207,1.65792632102966,0.440584450960159,18.2856826782227,114.304153442383,11.2625026702881,0.522397100925446,29.6226367950439,5.44320297241211,-1.38429689407349,1,-5.84537744522095,"train",2839,2,1
"1989",0,1,33.1928558349609,1057210,554890,"2014_2019",1.4550906419754,0.788752138614655,0.945866584777832,5.40061855316162,112.07364654541,11.9680109024048,0.658205330371857,28.4260444641113,7.9390754699707,-0.00671768188476562,1,33.1928558349609,"train",2842,2,1
"1990",0,1,1.1425576210022,1183210,401890,"2014_2019",1.4153790473938,0.0708492621779442,0.0929690450429916,0.0251739975064993,116.670753479004,17.8491058349609,0.532948136329651,26.6627407073975,6.76474237442017,-0.282773375511169,1,1.1425576210022,"train",2843,3,1
"1991",0,1,-0.902641773223877,1186210,427390,"2014_2019",1.15564393997192,0.500514626502991,0.100819915533066,2.49428677558899,117.446472167969,16.7213687896729,1.51140809059143,26.0266532897949,6.18988752365112,0.0181254148483276,1,-0.902641773223877,"train",2844,3,1
"1992",0,1,7.8958945274353,1104710,521390,"2014_2019",1.82687366008759,0.0635371655225754,0.135831445455551,0.0170204266905785,111.802925109863,17.1130714416504,0.467182576656342,26.5360527038574,11.3688955307007,0.0223298072814941,1,7.8958945274353,"train",2845,3,1
"1993",0,1,1.75925862789154,1055710,584390,"2014_2019",1.57405292987823,1.42685794830322,0.241478398442268,11.4376049041748,112.821464538574,12.3352127075195,0.536348462104797,28.2497024536133,7.06921243667603,0.280498743057251,1,1.75925862789154,"train",2847,2,1
"1994",0,1,37.9832916259766,1103710,528390,"2014_2019",1.69293105602264,0.0815544053912163,0.152134776115417,0.012197470292449,111.319618225098,18.2993030548096,0.453718543052673,24.3644962310791,7.04212427139282,3.88479232788086,1,37.9832916259766,"train",2848,3,1
"1995",0,1,-1.0186927318573,1063710,540390,"2014_2019",1.74693143367767,0.518456280231476,0.19775827229023,2.58748722076416,110.444549560547,14.4408893585205,0.446599453687668,26.8212890625,0.850772380828857,0.00339329242706299,1,-1.0186927318573,"train",2849,3,1
"1996",0,1,-0.173335939645767,1124210,527390,"2014_2019",1.46803140640259,0.0895348191261292,0.297486454248428,0.0200982969254255,115.48006439209,19.4109268188477,0.610799729824066,21.4854831695557,1.5185055732727,0.041901558637619,1,-0.173335939645767,"train",2850,3,1
"1997",0,1,26.7814483642578,1176710,370890,"2014_2019",1.53375780582428,1.89134693145752,0.244172409176826,15.4373359680176,120.00333404541,11.1544027328491,0.936903417110443,30.7963352203369,3.87804961204529,0.144536972045898,1,26.7814483642578,"train",2851,4,1
"1998",0,1,33.4408340454102,1063710,552890,"2014_2019",1.48306465148926,0.0890225917100906,0.312151998281479,0.0647668465971947,109.22900390625,16.6156120300293,0.285069197416306,25.1699123382568,2.69718742370605,-0.0294189453125,1,33.4408340454102,"train",2852,3,1
"1999",0,1,7.29915285110474,1087210,553890,"2014_2019",1.72244250774384,0.092727966606617,0.243324398994446,0.0484100580215454,111.132743835449,17.0236301422119,0.439337342977524,25.1611957550049,4.79397344589233,-0.121219158172607,1,7.29915285110474,"train",2854,3,1
"2000",0,1,20.4393825531006,1052210,588890,"2014_2019",1.51135122776031,1.57792103290558,0.537341475486755,14.1474609375,112.527099609375,11.912015914917,0.534213364124298,28.3364696502686,11.156286239624,0.889646530151367,1,20.4393825531006,"train",2856,2,1
"2001",0,1,0.133270531892776,1117210,509890,"2014_2019",1.66158902645111,0.0585485883057117,0.165218964219093,0.010282845236361,112.611686706543,18.2417087554932,0.57578319311142,25.2590160369873,0.327916383743286,0.0325674712657928,1,0.133270531892776,"train",2857,3,1
"2002",0,1,4.55777502059937,1087710,497390,"2014_2019",1.48358952999115,0.0712328553199768,0.102880209684372,0.084335632622242,112.721160888672,18.5800151824951,0.18546724319458,27.1218795776367,1.35310173034668,0.0186443328857422,1,4.55777502059937,"train",2860,3,1
"2003",0,1,5.81749963760376,1048710,595390,"2014_2019",1.06687295436859,0.751488327980042,0.0568498261272907,7.15977478027344,104.815818786621,12.7091417312622,0.400951534509659,29.5976791381836,6.63745594024658,-0.015869140625,1,5.81749963760376,"train",2861,2,1
"2004",0,1,8.57584762573242,1196210,428890,"2014_2019",1.67902362346649,0.873446881771088,0.386100858449936,4.12323665618896,118.22428894043,14.6909828186035,2.19879961013794,25.8282012939453,11.3637037277222,-0.130623817443848,1,8.57584762573242,"train",2862,4,1
"2005",0,1,-2.8264148235321,1130210,518890,"2014_2019",1.43003916740417,0.0798374712467194,0.205686017870903,0.0196938049048185,113.911506652832,18.6035099029541,0.946478366851807,21.9061489105225,3.01492285728455,-0.299967050552368,1,-2.8264148235321,"train",2863,3,1
"2006",0,1,32.0253639221191,1195710,428890,"2014_2019",1.65181410312653,0.860841453075409,0.385777175426483,4.10626840591431,118.101898193359,14.9534492492676,2.20773935317993,25.6072120666504,10.7099990844727,-1.6192626953125,1,32.0253639221191,"train",2869,4,1
"2007",0,1,11.1767663955688,1072710,554890,"2014_2019",1.63456416130066,0.0912168845534325,0.269833475351334,0.0518764927983284,111.189163208008,17.699686050415,0.257834315299988,25.0007705688477,2.72570180892944,-0.0418710708618164,1,11.1767663955688,"train",2870,3,1
"2008",0,1,27.4115352630615,1203710,480890,"2014_2019",0.979400277137756,0.194253161549568,0.170021414756775,0.431479007005692,116.061920166016,19.5963611602783,4.99770355224609,11.685754776001,0.708824098110199,-0.142379760742188,1,27.4115352630615,"train",2871,5,1
"2009",0,1,37.6794013977051,1057210,551890,"2014_2019",1.47619926929474,0.453331232070923,0.990788877010345,1.99752235412598,111.490989685059,13.351131439209,0.518635392189026,27.5859851837158,2.30695986747742,-0.0088653564453125,1,37.6794013977051,"train",2872,2,1
"2010",0,1,22.2089595794678,1157210,461890,"2014_2019",1.55235052108765,0.0774947702884674,0.14515021443367,0.0312876366078854,113.164817810059,18.8306751251221,0.84970372915268,23.3937549591064,27.3226909637451,0.0957927703857422,1,22.2089595794678,"train",2873,1,1
"2011",0,1,4.0945725440979,1086210,554390,"2014_2019",1.72222244739532,0.0902615338563919,0.219576478004456,0.0466734729707241,111.755271911621,16.9857521057129,0.436135411262512,25.2153835296631,3.93190813064575,-0.200742721557617,1,4.0945725440979,"train",2875,3,1
"2012",0,1,-1.31065058708191,1160710,455890,"2014_2019",1.52007615566254,0.259542614221573,0.0913093984127045,0.79493910074234,113.924041748047,17.8009700775146,1.16053700447083,24.5223541259766,2.90225768089294,0.239198565483093,1,-1.31065058708191,"train",2876,3,1
"2013",0,1,27.4822177886963,1200210,399390,"2014_2019",1.80956411361694,1.63652265071869,0.540884554386139,9.52565383911133,119.591125488281,13.2349491119385,1.53763973712921,28.3085975646973,2.00695204734802,0.220146179199219,1,27.4822177886963,"train",2877,4,1
"2014",0,1,0.559474468231201,1078210,568890,"2014_2019",1.53196918964386,0.0818605720996857,0.15544119477272,0.0126639194786549,109.923461914062,18.3038463592529,0.211539000272751,23.6463317871094,6.84942579269409,-0.148705065250397,1,0.559474468231201,"train",2878,3,1
"2015",0,1,11.2678842544556,1180210,414390,"2014_2019",1.89917922019958,1.02243614196777,0.28371325135231,5.1801495552063,116.505561828613,15.0737600326538,1.23006415367126,26.9519863128662,10.63316822052,0.169986724853516,1,11.2678842544556,"train",2879,4,1
"2016",0,1,-2.34715986251831,1093710,501390,"2014_2019",1.57141625881195,0.0809879079461098,0.243540242314339,0.121583729982376,112.176376342773,17.7579936981201,0.263266921043396,27.0905475616455,0.474129974842072,-0.000501632690429688,1,-2.34715986251831,"train",2882,3,1
"2017",0,1,-9.43916606903076,1073710,529390,"2014_2019",1.45856750011444,0.348938256502151,0.140538513660431,1.61924624443054,111.460868835449,14.6984548568726,0.407578498125076,27.6392765045166,5.43636322021484,-3.02002859115601,1,-9.43916606903076,"train",2883,2,1
"2018",0,1,18.7938022613525,1131210,497390,"2014_2019",1.58949518203735,0.07321447879076,0.199016600847244,0.0248101223260164,114.282417297363,18.7833957672119,0.881618320941925,23.3214817047119,21.4121532440186,0.00890159606933594,1,18.7938022613525,"train",2884,1,1
"2019",0,1,4.31511878967285,1078210,561390,"2014_2019",1.61540019512177,0.0807720348238945,0.16272734105587,0.0257192589342594,110.016220092773,18.1046733856201,0.251746952533722,24.3741989135742,7.65337610244751,0.0752310752868652,1,4.31511878967285,"train",2885,3,1
"2020",0,1,33.8516464233398,1048210,581890,"2014_2019",0.858444392681122,0.18511763215065,0.0293267983943224,0.49434033036232,103.793144226074,14.3621397018433,0.230109110474586,29.5952758789062,10.1274423599243,0.0305404663085938,1,33.8516464233398,"train",2886,2,1
"2021",0,1,15.6089324951172,1168210,437890,"2014_2019",1.4661967754364,0.0645151659846306,0.112078756093979,0.0215865038335323,115.024124145508,19.2396411895752,0.663523435592651,24.2716255187988,10.3856620788574,-2.67146682739258,1,15.6089324951172,"train",2887,3,1
"2022",0,1,0.0298058819025755,1099210,489390,"2014_2019",1.53830087184906,0.0872790291905403,0.0745098665356636,0.0843056887388229,113.968383789062,17.9682006835938,0.288937747478485,27.0516586303711,1.02699899673462,-0.00193328596651554,1,0.0298058819025755,"train",2888,3,1
"2023",0,1,30.7177886962891,1200210,398390,"2014_2019",1.81054556369781,1.63083815574646,0.320057511329651,9.4247407913208,119.479995727539,13.2166185379028,1.53345477581024,28.3322238922119,2.52787685394287,-0.0156002044677734,1,30.7177886962891,"train",2889,4,1
"2024",0,1,31.4292774200439,1086710,562890,"2014_2019",1.59433102607727,0.125105276703835,0.0745383873581886,0.0619702972471714,112.338172912598,19.8078193664551,0.206473827362061,20.0450782775879,11.0498352050781,-0.0169467926025391,1,31.4292774200439,"train",2890,3,1
"2025",0,1,19.5586128234863,1200710,393890,"2014_2019",1.787229180336,1.63557863235474,0.465535789728165,9.46193695068359,119.908485412598,13.3452091217041,1.47743475437164,28.3798351287842,5.62156915664673,-0.00291061401367188,1,19.5586128234863,"train",2893,4,1
"2026",0,1,4.05210590362549,1070710,603890,"2014_2019",1.34089481830597,0.0846098884940147,0.15091609954834,0.0386402606964111,108.883979797363,19.8699817657471,0.0567288100719452,19.4544486999512,14.7020425796509,-0.076993465423584,1,4.05210590362549,"train",2894,3,1
"2027",0,1,23.1381702423096,1199710,399390,"2014_2019",1.82949984073639,1.56574189662933,0.67537534236908,8.89209270477295,119.562110900879,13.4135227203369,1.54060578346252,28.1862525939941,1.32889151573181,0.225967407226562,1,23.1381702423096,"train",2895,4,1
"2028",0,1,2.79811382293701,1152210,463890,"2014_2019",1.64149856567383,0.067894272506237,0.135746419429779,0.0247863363474607,114.238998413086,18.8734741210938,0.930208921432495,23.2993412017822,2.93790125846863,0.549614191055298,1,2.79811382293701,"train",2896,3,1
"2029",0,1,-0.983482778072357,1174210,445890,"2014_2019",1.6307498216629,0.265768140554428,0.493003845214844,0.875888884067535,116.644546508789,16.9692325592041,1.55843377113342,24.5267066955566,10.7800979614258,0.159883439540863,1,-0.983482778072357,"train",2897,4,1
"2030",0,1,39.456169128418,1046710,571890,"2014_2019",1.36036336421967,1.61031317710876,0.714487433433533,18.636381149292,112.355842590332,10.9192180633545,0.597692608833313,29.6292667388916,12.8303604125977,-0.0318183898925781,1,39.456169128418,"train",2898,2,1
"2031",0,1,21.9579524993896,1049210,600390,"2014_2019",1.1788125038147,1.04967153072357,0.226340040564537,12.9406309127808,106.337142944336,11.3672580718994,0.587279438972473,29.4986362457275,23.8536891937256,-0.590221405029297,1,21.9579524993896,"train",2899,2,1
"2032",0,1,-0.504364132881165,1185210,429390,"2014_2019",1.13514983654022,0.530392050743103,0.0377708785235882,2.59100437164307,117.611099243164,16.4747791290283,1.59598565101624,26.0663776397705,6.94088268280029,0.264926612377167,1,-0.504364132881165,"train",2900,3,1
"2033",0,1,0.244408875703812,1193210,382390,"2014_2019",0.95227587223053,0.280952215194702,0.0625271201133728,1.1574934720993,114.116111755371,15.1230545043945,0.77223938703537,30.2762031555176,2.55794358253479,0.251086205244064,1,0.244408875703812,"train",2901,2,1
"2034",0,1,9.71642875671387,1082210,523390,"2014_2019",1.43454885482788,0.248099103569984,0.207792922854424,0.919884622097015,112.278274536133,15.4375944137573,0.37340173125267,27.4964408874512,0.808085083961487,0.00713825225830078,1,9.71642875671387,"train",2902,2,1
"2035",0,1,-0.0654117316007614,1076710,516890,"2014_2019",1.85657298564911,0.10736720263958,0.0996874496340752,0.256928235292435,110.057922363281,17.6231269836426,0.295556008815765,26.2818698883057,1.48557722568512,-0.0589550286531448,1,-0.0654117316007614,"train",2903,3,1
"2036",0,1,2.5267641544342,1075210,570390,"2014_2019",1.52351832389832,0.0864932686090469,0.0845103114843369,0.0143172815442085,109.821784973145,18.2497138977051,0.21191243827343,23.4611110687256,4.85685920715332,-0.0343315601348877,1,2.5267641544342,"train",2904,3,1
"2037",0,1,2.06277465820312,1127210,478890,"2014_2019",1.64855074882507,0.0551695786416531,0.0822121053934097,0.00863475538790226,113.610992431641,18.6568508148193,0.577835917472839,25.0801696777344,1.2409154176712,-0.00105452537536621,1,2.06277465820312,"train",2905,3,1
"2038",0,1,17.3498992919922,1176710,425890,"2014_2019",1.58844363689423,0.113414481282234,0.240573689341545,0.177983224391937,113.699882507324,18.4827060699463,0.778599560260773,24.6957893371582,18.5238990783691,-0.370267868041992,1,17.3498992919922,"train",2908,1,1
"2039",0,1,16.5437889099121,1173210,446390,"2014_2019",1.58335912227631,0.217941656708717,0.301314800977707,0.65894490480423,116.566360473633,17.2338790893555,1.43815934658051,24.487735748291,2.3780300617218,-0.0371475219726562,1,16.5437889099121,"train",2909,3,1
"2040",0,1,33.3597221374512,1182710,368390,"2014_2019",1.57320237159729,1.91621625423431,1.33732283115387,15.0910301208496,120.908828735352,11.1337614059448,1.03781366348267,30.5701847076416,17.1760807037354,-2.4703254699707,1,33.3597221374512,"train",2910,4,1
"2041",0,1,-1.25864017009735,1071210,555890,"2014_2019",1.64248526096344,0.0890556126832962,0.248464673757553,0.062145359814167,110.711883544922,17.2351722717285,0.260995805263519,25.6147842407227,0.622659265995026,-0.00782144069671631,1,-1.25864017009735,"train",2911,3,1
"2042",0,1,2.85993385314941,1091210,588390,"2014_2019",1.37351906299591,0.0956251174211502,0.15591062605381,0.0320696458220482,114.210006713867,20.4778213500977,0.0577796250581741,17.4530754089355,29.3535823822021,1.49632120132446,1,2.85993385314941,"train",2912,1,1
"2043",0,1,1.07728135585785,1183710,440890,"2014_2019",1.42099177837372,0.131869047880173,0.149306088685989,0.213783636689186,116.777679443359,17.981803894043,2.97863006591797,21.6588249206543,6.68671894073486,-0.104230880737305,1,1.07728135585785,"train",2913,5,1
"2044",0,1,-2.89289879798889,1073710,578390,"2014_2019",1.47249972820282,0.101722203195095,0.321063667535782,0.0294288080185652,106.274772644043,17.9657917022705,0.197035297751427,22.4394588470459,37.4497108459473,7.39504241943359,1,-2.89289879798889,"train",2914,1,1
"2045",0,1,37.9528617858887,1173210,433890,"2014_2019",1.58782410621643,0.0623743273317814,0.135370790958405,0.0262304712086916,115.719284057617,19.0341167449951,0.791755199432373,24.0799350738525,16.1612243652344,-1.29196166992188,1,37.9528617858887,"train",2916,3,1
"2046",0,1,3.2321834564209,1082210,514390,"2014_2019",1.5294383764267,0.103380419313908,0.187859505414963,0.218189656734467,112.282302856445,17.2799835205078,0.26021882891655,27.1035842895508,0.820673048496246,0.0138068199157715,1,3.2321834564209,"train",2919,3,1
"2047",0,1,20.2241916656494,1185210,409890,"2014_2019",1.43319702148438,0.0944681167602539,0.13075478374958,0.115941397845745,115.923904418945,18.2053318023682,0.473969370126724,26.6692028045654,6.51948261260986,0.158950805664062,1,20.2241916656494,"train",2920,3,1
"2048",0,1,3.61847352981567,1108210,525890,"2014_2019",1.68239367008209,0.0823294073343277,0.153642237186432,0.0108018014580011,112.28475189209,18.5765533447266,0.466548204421997,24.0516242980957,14.2303485870361,0.00848031044006348,1,3.61847352981567,"train",2921,3,1
"2049",0,1,30.8393974304199,1102210,502390,"2014_2019",1.6616415977478,0.077801525592804,0.317261785268784,0.0744786411523819,112.830825805664,17.25439453125,0.309954047203064,27.0117473602295,4.64287042617798,-0.023834228515625,1,30.8393974304199,"train",2922,3,1
"2050",0,1,12.5664043426514,1083710,519390,"2014_2019",1.47104561328888,0.200075253844261,0.275946825742722,0.719370782375336,112.205207824707,15.9284687042236,0.338745772838593,27.4139099121094,1.94981110095978,-0.00241851806640625,1,12.5664043426514,"train",2923,3,1
"2051",0,1,-0.976842224597931,1080210,517890,"2014_2019",1.47398889064789,0.208058625459671,0.175029322504997,0.753657460212708,113.362831115723,16.4968910217285,0.316349714994431,27.3785400390625,1.04594147205353,-0.0156800150871277,1,-0.976842224597931,"train",2925,3,1
"2052",0,1,0.0282000824809074,1097210,541390,"2014_2019",1.72238659858704,0.0921387225389481,0.218147858977318,0.0387894064188004,112.507797241211,17.4885768890381,0.491911917924881,24.8581275939941,1.89110052585602,0.00632264651358128,1,0.0282000824809074,"train",2926,3,1
"2053",0,1,24.8438205718994,1189710,428390,"2014_2019",1.72820937633514,0.782607734203339,0.47581148147583,3.56874060630798,117.869979858398,15.6509561538696,1.63192236423492,25.8615875244141,8.51438140869141,0.0177230834960938,1,24.8438205718994,"train",2928,4,1
"2054",0,1,-0.76453024148941,1125210,480890,"2014_2019",1.7311954498291,0.0602111890912056,0.232983693480492,0.0185545664280653,113.103324890137,18.4597682952881,0.565245687961578,25.1123027801514,0.814881324768066,0.000893652439117432,1,-0.76453024148941,"train",2929,3,1
"2055",0,1,24.7182559967041,1142210,378890,"2014_2019",1.46309983730316,1.86182379722595,0.460781455039978,13.5983276367188,111.197364807129,11.2941818237305,0.816910684108734,30.9698123931885,1.01230704784393,-0.0268974304199219,1,24.7182559967041,"train",2930,2,1
"2056",0,1,12.0213737487793,1196210,407890,"2014_2019",1.78874838352203,1.30751883983612,0.264606416225433,7.06720638275146,118.988189697266,14.1177444458008,1.60191988945007,27.3551025390625,3.6467456817627,-0.0419778823852539,1,12.0213737487793,"train",2931,4,1
"2057",0,1,9.48036289215088,1155210,465890,"2014_2019",1.54879140853882,0.0667230412364006,0.116485074162483,0.0210531987249851,114.921417236328,18.8124656677246,0.947957158088684,23.3395214080811,3.75011253356934,0.0514841079711914,1,9.48036289215088,"train",2932,3,1
"2058",0,1,32.9536170959473,1111210,514390,"2014_2019",1.71918404102325,0.0583438649773598,0.219003945589066,0.0102751161903143,113.865753173828,18.0329685211182,0.506650149822235,25.8417625427246,11.6596841812134,-0.0207138061523438,1,32.9536170959473,"train",2933,3,1
"2059",0,1,13.2308673858643,1129210,525390,"2014_2019",1.45896184444427,0.0924887508153915,0.165652602910995,0.0176336877048016,115.74292755127,19.1927032470703,0.561147809028625,22.1542072296143,5.58351278305054,0.251029968261719,1,13.2308673858643,"train",2935,3,1
"2060",0,1,-1.967658162117,1125210,528390,"2014_2019",1.39696323871613,0.0979151949286461,0.299220502376556,0.0107212513685226,115.660140991211,20.0308475494385,0.382054358720779,21.2657489776611,2.76075291633606,-0.26476001739502,1,-1.967658162117,"train",2936,3,1
"2061",0,1,-5.13921403884888,1081210,574390,"2014_2019",1.55978882312775,0.0834445431828499,0.100113786756992,0.0110122887417674,109.656455993652,19.6321029663086,0.13361331820488,23.7681465148926,38.7363471984863,-1.90649223327637,1,-5.13921403884888,"train",2937,1,1
"2062",0,1,14.7648572921753,1144710,379390,"2014_2019",1.40958750247955,1.55088222026825,0.208610966801643,11.2917728424072,109.743019104004,11.6892280578613,0.810979247093201,30.939640045166,1.0910165309906,0.0570306777954102,1,14.7648572921753,"train",2940,2,1
"2063",0,1,-7.09582138061523,1110710,517390,"2014_2019",1.76462829113007,0.0626125782728195,0.137483596801758,0.0150668509304523,111.135543823242,17.8393669128418,0.470138311386108,26.0995712280273,18.4723663330078,5.46263313293457,1,-7.09582138061523,"train",2942,1,1
"2064",0,1,-2.43672180175781,1117210,502890,"2014_2019",1.66682910919189,0.0725062787532806,0.196725592017174,0.0206616520881653,113.249717712402,18.0645694732666,0.583385586738586,25.4306106567383,2.68128609657288,-0.207554340362549,1,-2.43672180175781,"train",2946,3,1
"2065",0,1,34.4507522583008,1083210,515390,"2014_2019",1.50631546974182,0.123723641037941,0.213952139019966,0.327710092067719,111.532653808594,17.0813293457031,0.27423632144928,27.12278175354,12.2310657501221,0.19964599609375,1,34.4507522583008,"train",2947,3,1
"2066",0,1,1.73234248161316,1093710,504890,"2014_2019",1.53643918037415,0.0761846899986267,0.0905461683869362,0.0967977941036224,114.02986907959,17.5317935943604,0.272742241621017,27.1208667755127,0.447397589683533,0.000433921813964844,1,1.73234248161316,"train",2948,3,1
"2067",0,1,18.4119777679443,1174710,451890,"2014_2019",1.520920753479,0.131050333380699,0.241005629301071,0.148946955800056,116.576225280762,18.0146903991699,2.2268545627594,22.6138744354248,3.67935252189636,0.0505561828613281,1,18.4119777679443,"train",2949,3,1
"2068",0,1,0.799491047859192,1198710,471890,"2014_2019",1.58265268802643,0.722197115421295,0.163013204932213,1.72958624362946,117.648460388184,18.5109939575195,10.145583152771,10.890323638916,0.223214641213417,-0.00056755542755127,1,0.799491047859192,"train",2950,5,1
"2069",0,1,31.9926586151123,1097710,543890,"2014_2019",1.8472580909729,0.122748553752899,0.260657429695129,0.069179356098175,111.927177429199,17.4184761047363,0.54137510061264,23.7225341796875,3.4900975227356,0.0811119079589844,1,31.9926586151123,"train",2951,3,1
"2070",0,1,-1.68705332279205,1125710,500390,"2014_2019",1.6763676404953,0.0702987462282181,0.102366454899311,0.0224910918623209,114.273460388184,18.3722724914551,0.520656883716583,25.1661701202393,0.527209639549255,-0.0328484773635864,1,-1.68705332279205,"train",2953,3,1
"2071",0,1,16.6106128692627,1061710,545390,"2014_2019",1.45274472236633,0.271615922451019,0.255741745233536,1.02732622623444,109.301498413086,15.3857145309448,0.348085641860962,26.8308658599854,3.1768524646759,-0.228567123413086,1,16.6106128692627,"train",2954,2,1
"2072",0,1,13.6834650039673,1175210,376890,"2014_2019",2.15761351585388,0.459862619638443,0.115781836211681,2.53344511985779,113.952697753906,14.9017648696899,0.59730851650238,26.3947067260742,2.71030044555664,0.378726005554199,1,13.6834650039673,"train",2956,3,1
"2073",0,1,13.2550888061523,1216710,479890,"2014_2019",1.38606190681458,0.650514841079712,0.0985152572393417,1.20109713077545,114.559295654297,18.9095039367676,3.27775454521179,10.913013458252,9.30813217163086,-0.427534103393555,1,13.2550888061523,"train",2957,5,1
"2074",0,1,11.5060129165649,1147710,376890,"2014_2019",1.46225893497467,1.84358704090118,0.446503788232803,13.7444620132446,111.720558166504,11.2409334182739,0.836632788181305,30.9648971557617,0.849702715873718,0.00245952606201172,1,11.5060129165649,"train",2958,2,1
"2075",0,1,1.02825117111206,1071210,556390,"2014_2019",1.63631570339203,0.0878913700580597,0.291129559278488,0.0586644299328327,110.593070983887,17.2061614990234,0.257861196994781,25.7105693817139,0.753227353096008,-0.01336669921875,1,1.02825117111206,"train",2959,3,1
"2076",0,1,0.0963957235217094,1198710,475890,"2014_2019",1.67949986457825,0.679236233234406,0.0833693966269493,1.52015459537506,118.24658203125,18.2175407409668,10.8161916732788,11.0255270004272,0.20717254281044,-0.0145276561379433,1,0.0963957235217094,"train",2961,5,1
"2077",0,1,37.7939186096191,1153710,375390,"2014_2019",1.51079761981964,1.91811406612396,0.397715717554092,14.0745344161987,114.203094482422,11.4092540740967,0.849152386188507,30.8346042633057,5.45119714736938,-0.0177688598632812,1,37.7939186096191,"train",2962,2,1
"2078",0,1,13.4788370132446,1085210,540390,"2014_2019",1.63765871524811,0.069044940173626,0.235676869750023,0.0334893763065338,111.621978759766,17.0917701721191,0.362701743841171,26.0493469238281,1.78550887107849,-0.0198211669921875,1,13.4788370132446,"train",2963,3,1
"2079",0,1,8.43670177459717,1198710,477890,"2014_2019",1.36458432674408,0.40410515666008,0.256858825683594,0.89419025182724,116.566070556641,18.6167583465576,8.46347808837891,12.0390434265137,0.79877245426178,-0.0319147109985352,1,8.43670177459717,"train",2964,5,1
"2080",0,1,35.0979881286621,1203710,397390,"2014_2019",1.77109169960022,1.64279913902283,0.917746067047119,9.87355518341064,120.248001098633,12.9659423828125,1.536869764328,28.4077472686768,0.744469583034515,0.0254707336425781,1,35.0979881286621,"train",2967,4,1
"2081",0,1,1.91629457473755,1091710,555390,"2014_2019",1.97000372409821,0.589083909988403,0.207618892192841,0.892120242118835,112.883720397949,17.5061779022217,0.503347396850586,16.8129863739014,2.0094838142395,-0.32102108001709,1,1.91629457473755,"train",2969,3,1
"2082",0,1,2.45814633369446,1047210,568890,"2014_2019",1.37417638301849,1.52097606658936,1.0815566778183,17.8895950317383,113.14476776123,10.8679876327515,0.621795952320099,29.5828075408936,9.11424541473389,0.218991279602051,1,2.45814633369446,"train",2970,2,1
"2083",0,1,-0.824295341968536,1060210,557390,"2014_2019",1.42486083507538,0.0577584728598595,0.199137255549431,0.0233697481453419,106.939323425293,17.2005462646484,0.218054801225662,24.3107089996338,1.22266554832458,0.000581204891204834,1,-0.824295341968536,"train",2971,3,1
"2084",0,1,0.253187716007233,1097710,498390,"2014_2019",1.6386342048645,0.058662187308073,0.138029098510742,0.037969309836626,112.865249633789,18.0040187835693,0.281374841928482,26.8325214385986,1.3932900428772,-0.00504794716835022,1,0.253187716007233,"train",2973,3,1
"2085",0,1,-2.87385869026184,1096710,504390,"2014_2019",1.59243428707123,0.0781041085720062,0.141907140612602,0.09869284927845,113.197601318359,17.375940322876,0.285676449537277,27.1291007995605,0.749528646469116,-0.0641191005706787,1,-2.87385869026184,"train",2974,3,1
"2086",0,1,17.1692848205566,1193710,427890,"2014_2019",1.66528987884521,0.889123857021332,0.609137296676636,4.40646934509277,118.082130432129,15.3408079147339,1.94021391868591,25.6374549865723,13.1393213272095,0.0710659027099609,1,17.1692848205566,"train",2975,4,1
"2087",0,1,30.8055877685547,1097710,541390,"2014_2019",1.7215348482132,0.0852806568145752,0.235668763518333,0.0295104011893272,112.370002746582,17.6439056396484,0.515458703041077,24.3846073150635,6.79169082641602,-0.219877243041992,1,30.8055877685547,"train",2976,3,1
"2088",0,1,-0.621515929698944,1048710,594390,"2014_2019",1.06026673316956,0.726054310798645,0.0325852148234844,6.72998476028442,104.787124633789,12.7282676696777,0.398653715848923,29.6026172637939,6.82114362716675,0.461830317974091,1,-0.621515929698944,"train",2977,2,1
"2089",0,1,-0.731377363204956,1064710,538390,"2014_2019",1.75638008117676,0.510980248451233,0.200945124030113,2.75511956214905,110.05689239502,14.6080560684204,0.415016323328018,27.0110645294189,0.633708655834198,0.0134322047233582,1,-0.731377363204956,"train",2978,3,1
"2090",0,1,-3.00764799118042,1127710,500390,"2014_2019",1.5883697271347,0.0712975040078163,0.137462601065636,0.028381422162056,114.933090209961,18.6285305023193,0.644363582134247,24.33544921875,13.4992523193359,0.760298728942871,1,-3.00764799118042,"train",2979,3,1
"2091",0,1,-3.00764799118042,1055710,566890,"2014_2019",1.34776794910431,0.0540034025907516,0.0723942816257477,0.0285392701625824,106.182464599609,17.2199745178223,0.158719196915627,25.3346271514893,8.07074356079102,0.696282625198364,1,-3.00764799118042,"train",2980,3,1
"2092",0,1,4.56503486633301,1171210,451890,"2014_2019",1.4501119852066,0.237012982368469,0.142065897583961,0.797113597393036,115.332817077637,17.4515438079834,1.24261176586151,24.749792098999,2.61523699760437,-0.347705364227295,1,4.56503486633301,"train",2983,3,1
"2093",0,1,-1.80471968650818,1054710,556390,"2014_2019",1.47986483573914,1.01062822341919,1.03877317905426,9.6528787612915,112.208442687988,11.7934007644653,0.662805318832397,28.6606349945068,5.38195037841797,2.19763398170471,1,-1.80471968650818,"train",2985,2,1
"2094",0,1,2.19905519485474,1124710,494390,"2014_2019",1.60282468795776,0.0716116055846214,0.17802157998085,0.0197502467781305,112.739814758301,18.3192501068115,0.911147117614746,23.9918270111084,4.32064056396484,-0.0795333385467529,1,2.19905519485474,"train",2986,3,1
"2095",0,1,-4.55778026580811,1089210,499390,"2014_2019",1.51144301891327,0.118337236344814,0.13668055832386,0.280999779701233,112.065071105957,17.6717090606689,0.235467597842216,27.3523235321045,16.129955291748,0.843429565429688,1,-4.55778026580811,"train",2987,3,1
"2096",0,1,23.2186298370361,1175210,438890,"2014_2019",1.55199730396271,0.0917720049619675,0.204119995236397,0.105532176792622,116.542877197266,18.0791206359863,1.13266682624817,24.433141708374,2.72541308403015,-0.191522598266602,1,23.2186298370361,"train",2988,3,1
"2097",0,1,29.2996463775635,1061710,544390,"2014_2019",1.45989680290222,0.335130125284195,0.259615480899811,1.41863644123077,109.331832885742,15.1229867935181,0.36100098490715,27.0533885955811,0.548209667205811,-0.0281200408935547,1,29.2996463775635,"train",2989,2,1
"2098",0,1,32.5019454956055,1043710,577890,"2014_2019",1.32712733745575,1.64354145526886,0.550572454929352,18.4631462097168,112.362739562988,11.1652011871338,0.54161274433136,29.6582736968994,23.313777923584,0.0544471740722656,1,32.5019454956055,"train",2990,2,1
"2099",0,1,5.8193302154541,1185710,400390,"2014_2019",1.54054260253906,0.062911719083786,0.0639341399073601,0.00692768068984151,117.28059387207,18.946533203125,0.320272147655487,26.5460643768311,6.30309391021729,-0.171346187591553,1,5.8193302154541,"train",2991,3,1
"2100",0,1,38.0503807067871,1161710,456390,"2014_2019",1.54108607769012,0.265327662229538,0.137153625488281,0.809579253196716,114.105087280273,17.7299098968506,1.17775118350983,24.5045223236084,2.60760617256165,0.294361114501953,1,38.0503807067871,"train",2993,3,1
"2101",0,1,-1.11719524860382,1098210,538390,"2014_2019",1.70166456699371,0.0802102833986282,0.176926046609879,0.0238232649862766,112.694000244141,17.557559967041,0.529121100902557,24.5468406677246,1.14804792404175,0.00572323799133301,1,-1.11719524860382,"train",2995,3,1
"2102",0,1,4.94723224639893,1083210,520890,"2014_2019",1.38181734085083,0.256788164377213,0.312834739685059,1.04300951957703,113.263061523438,15.7432060241699,0.37714946269989,27.5597248077393,0.169934585690498,-0.00120258331298828,1,4.94723224639893,"train",2996,2,1
"2103",0,1,-0.703577995300293,1160710,456890,"2014_2019",1.51282620429993,0.290109723806381,0.119752079248428,0.931660056114197,114.598655700684,17.7109527587891,1.21441793441772,24.5558815002441,1.64079689979553,-0.057834267616272,1,-0.703577995300293,"train",2997,3,1
"2104",0,1,0.530748009681702,1092210,567890,"2014_2019",1.53604674339294,0.107001610100269,0.124440565705299,0.019809054210782,111.38200378418,20.4789371490479,0.106746457517147,21.9024925231934,7.88667106628418,-0.0162764191627502,1,0.530748009681702,"train",2998,3,1
"2105",0,1,5.33299160003662,1179210,431390,"2014_2019",1.49275124073029,0.05927599593997,0.0312145631760359,0.014452401548624,114.790473937988,19.4905109405518,0.542605698108673,24.4333438873291,6.95509719848633,-0.155889511108398,1,5.33299160003662,"train",2999,3,1
"2106",0,1,-2.70425152778625,1055210,559890,"2014_2019",1.43123412132263,1.323077917099,0.98613578081131,14.4949197769165,113.600067138672,10.9631690979004,0.725887179374695,29.2434272766113,14.1120376586914,3.75787663459778,1,-2.70425152778625,"train",3000,2,1
"2107",0,1,26.3969173431396,1196710,416890,"2014_2019",1.7105325460434,1.10965311527252,0.127105563879013,5.87481689453125,118.969749450684,14.8697557449341,1.69839429855347,26.5138835906982,2.74375033378601,0.0216808319091797,1,26.3969173431396,"train",3001,4,1
"2108",0,1,19.0641326904297,1056710,568890,"2014_2019",1.38997101783752,0.0721122920513153,0.100698500871658,0.0583806224167347,107.563362121582,16.6384410858154,0.204950287938118,25.4594135284424,1.94279718399048,-0.125101089477539,1,19.0641326904297,"train",3002,3,1
"2109",0,1,10.5378952026367,1084210,520390,"2014_2019",1.45769691467285,0.205943837761879,0.300970196723938,0.687962234020233,112.351791381836,15.848237991333,0.349735677242279,27.4112911224365,0.421496480703354,0.00114727020263672,1,10.5378952026367,"train",3003,2,1
"2110",0,1,-1.12557411193848,1130210,526390,"2014_2019",1.43863892555237,0.0940653085708618,0.0904810726642609,0.0157240591943264,115.55647277832,19.6220436096191,0.495615869760513,21.9137344360352,1.14560389518738,0.0328190326690674,1,-1.12557411193848,"train",3004,3,1
"2111",0,1,0.151561513543129,1078210,553890,"2014_2019",1.6535826921463,0.0844804644584656,0.23263743519783,0.0261023622006178,112.120582580566,18.4342269897461,0.229456841945648,24.0766468048096,3.55754780769348,0.0411549508571625,1,0.151561513543129,"train",3005,3,1
"2112",0,1,-0.711115419864655,1098210,526390,"2014_2019",1.83898639678955,0.067446194589138,0.200849458575249,0.0192493759095669,110.43497467041,17.0921173095703,0.410411894321442,26.5198936462402,5.8517804145813,-0.0883011817932129,1,-0.711115419864655,"train",3006,3,1
"2113",0,1,2.05950450897217,1054210,558390,"2014_2019",1.59982299804688,1.27390825748444,1.13385391235352,12.6703977584839,112.773803710938,11.4383697509766,0.662330627441406,28.7540588378906,5.6530327796936,0.192462921142578,1,2.05950450897217,"train",3007,4,1
"2114",0,1,32.7007446289062,1174210,436390,"2014_2019",1.53054547309875,0.0656402558088303,0.150046467781067,0.0375071465969086,116.465148925781,18.6754302978516,0.934679329395294,24.3075580596924,7.17974376678467,-0.0548362731933594,1,32.7007446289062,"train",3011,3,1
"2115",0,1,10.7442712783813,1070710,533890,"2014_2019",1.47396457195282,0.352410972118378,0.252838909626007,1.55207538604736,110.841484069824,14.7303400039673,0.403937309980392,27.5120334625244,2.15664076805115,-0.0460023880004883,1,10.7442712783813,"train",3012,2,1
"2116",0,1,-2.97330451011658,1120210,496390,"2014_2019",1.62570035457611,0.0721472427248955,0.237441688776016,0.0234863925725222,111.041213989258,18.1586990356445,0.813551545143127,24.5255317687988,13.4594621658325,2.28921818733215,1,-2.97330451011658,"train",3014,3,1
"2117",0,1,9.03482055664062,1194710,399890,"2014_2019",1.79601907730103,1.4277116060257,0.437366425991058,7.99045419692993,117.635955810547,13.7929935455322,1.56770944595337,27.8609218597412,9.50858879089355,0.0172824859619141,1,9.03482055664062,"train",3019,4,1
"2118",0,1,5.2957935333252,1049710,582390,"2014_2019",0.789631605148315,0.140239134430885,0.0312674716114998,0.234255746006966,102.920883178711,14.7886142730713,0.1934674680233,29.5992183685303,5.55434083938599,0.868439197540283,1,5.2957935333252,"train",3020,2,1
"2119",0,1,2.08638644218445,1075210,553390,"2014_2019",1.6875491142273,0.111535094678402,0.151244595646858,0.0996676534414291,111.192527770996,16.905309677124,0.306809812784195,25.7188358306885,0.863747298717499,0.00344586372375488,1,2.08638644218445,"train",3021,3,1
"2120",0,1,24.9894428253174,1058210,582890,"2014_2019",1.65095400810242,1.35247611999512,0.303716272115707,10.5645608901978,109.221153259277,12.4785251617432,0.54645699262619,28.092845916748,13.6812143325806,1.49507522583008,1,24.9894428253174,"train",3022,2,1
"2121",0,1,-3.00764799118042,1193210,416890,"2014_2019",1.68245351314545,0.994409739971161,0.347533911466599,5.01092195510864,118.561515808105,15.1555233001709,1.52727341651917,26.5856781005859,2.98581027984619,0.085322380065918,1,-3.00764799118042,"train",3026,4,1
"2122",0,1,12.0839509963989,1162710,443890,"2014_2019",1.45714998245239,0.0680753737688065,0.11872760951519,0.0371704436838627,114.283721923828,19.1728343963623,0.697901666164398,24.5054588317871,9.31001377105713,0.44643497467041,1,12.0839509963989,"train",3028,3,1
"2123",0,1,6.78723382949829,1101210,500890,"2014_2019",1.64013063907623,0.0642597004771233,0.202211275696754,0.0609909258782864,113.120864868164,17.7290153503418,0.305048555135727,26.8364868164062,4.37481260299683,0.013190746307373,1,6.78723382949829,"train",3029,3,1
"2124",0,1,6.75918245315552,1098710,527890,"2014_2019",1.84545743465424,0.073811948299408,0.139446243643761,0.0237317848950624,109.973007202148,17.1904754638672,0.381690204143524,26.586893081665,12.6618967056274,0.994624614715576,1,6.75918245315552,"train",3030,3,1
"2125",0,1,-0.360073953866959,1172210,375890,"2014_2019",2.35340166091919,0.257416158914566,0.0416930504143238,0.489605069160461,113.157783508301,15.3212375640869,0.597950518131256,25.1578693389893,7.77285766601562,-3.43683123588562,1,-0.360073953866959,"train",3032,3,1
"2126",0,1,8.72553634643555,1062210,552890,"2014_2019",1.4913604259491,0.098112165927887,0.389988303184509,0.110351413488388,109.927993774414,16.4369049072266,0.29315111041069,25.0356845855713,0.96686989068985,-0.00588893890380859,1,8.72553634643555,"train",3033,3,1
"2127",0,1,20.1074295043945,1097710,497390,"2014_2019",1.63411641120911,0.0540602467954159,0.146341040730476,0.0241249669343233,112.622161865234,18.1324806213379,0.277940481901169,26.8027095794678,7.55196332931519,-0.200016021728516,1,20.1074295043945,"train",3034,3,1
"2128",0,1,33.8230514526367,1069210,570390,"2014_2019",1.39382028579712,0.0978570580482483,0.14416991174221,0.0350688099861145,109.295555114746,17.1059627532959,0.206819161772728,23.4378890991211,16.4318943023682,-0.0110969543457031,1,33.8230514526367,"train",3035,3,1
"2129",0,1,21.8015441894531,1178710,438390,"2014_2019",1.77360045909882,0.333680361509323,0.456327050924301,1.13682329654694,116.696746826172,16.538911819458,1.34333348274231,25.298547744751,7.26325988769531,-0.00615119934082031,1,21.8015441894531,"train",3038,4,1
"2130",0,1,0.232365682721138,1081710,514390,"2014_2019",1.52812886238098,0.0972666293382645,0.191699713468552,0.199959978461266,111.740776062012,17.3838424682617,0.252935409545898,27.0609741210938,0.642639756202698,0.0643255412578583,1,0.232365682721138,"train",3039,3,1
"2131",0,1,-0.574625313282013,1053210,558890,"2014_2019",2.06458282470703,1.45114719867706,0.381169945001602,13.1834344863892,112.654434204102,11.544792175293,0.687688648700714,27.5461139678955,0.593045830726624,0.134314298629761,1,-0.574625313282013,"train",3040,4,1
"2132",0,1,35.1542205810547,1063710,552390,"2014_2019",1.48610377311707,0.0949540585279465,0.321205407381058,0.0800229534506798,109.103736877441,16.5443325042725,0.290760308504105,25.3369045257568,3.01337361335754,-0.109268188476562,1,35.1542205810547,"train",3041,3,1
"2133",0,1,-9.83610820770264,1176210,371890,"2014_2019",1.5125333070755,1.88702809810638,0.113813243806362,14.9646778106689,119.033569335938,11.5050563812256,0.904776096343994,30.7603454589844,7.73575687408447,0.103111267089844,1,-9.83610820770264,"train",3043,4,1
"2134",0,1,5.12270259857178,1084210,512890,"2014_2019",1.53423404693604,0.149240404367447,0.201014414429665,0.383334934711456,112.62036895752,17.0712070465088,0.282539904117584,27.2041702270508,1.55150496959686,-5.19752502441406e-05,1,5.12270259857178,"train",3044,3,1
"2135",0,1,-2.13975119590759,1056210,561390,"2014_2019",1.44391441345215,1.40898263454437,0.957192957401276,15.9502239227295,113.022079467773,10.9689922332764,0.708902895450592,29.2973155975342,4.44945383071899,-0.0260305404663086,1,-2.13975119590759,"train",3045,2,1
"2136",0,1,-7.7460150718689,1098710,499890,"2014_2019",1.58926498889923,0.0608737282454967,0.129098534584045,0.0460822805762291,114.290786743164,17.9879989624023,0.293470948934555,26.8693904876709,2.49730849266052,-0.0942587852478027,1,-7.7460150718689,"train",3046,3,1
"2137",0,1,35.4508972167969,1196710,372890,"2014_2019",1.66415059566498,1.92205595970154,0.728833198547363,13.6216402053833,121.338134765625,11.6257476806641,1.14011132717133,30.0942230224609,2.34048533439636,0.0892562866210938,1,35.4508972167969,"train",3047,4,1
"2138",0,1,24.0987300872803,1084710,520890,"2014_2019",1.4702672958374,0.169983819127083,0.287545204162598,0.457382500171661,111.89909362793,16.0718936920166,0.336242735385895,27.2982902526855,4.16912174224854,-0.0103816986083984,1,24.0987300872803,"train",3049,3,1
"2139",0,1,1.88109612464905,1095210,538390,"2014_2019",1.70598065853119,0.0786636099219322,0.215418338775635,0.0309733375906944,112.448234558105,17.3202686309814,0.465524971485138,25.4009094238281,2.6615514755249,-0.0842667818069458,1,1.88109612464905,"train",3050,3,1
"2140",0,1,1.22900056838989,1091710,496890,"2014_2019",1.6483371257782,0.141958564519882,0.339524954557419,0.294603884220123,113.22713470459,17.2507019042969,0.281042486429214,27.3421382904053,1.49773037433624,0.00951159000396729,1,1.22900056838989,"train",3051,3,1
"2141",0,1,7.49851369857788,1129210,524390,"2014_2019",1.45384693145752,0.0925793945789337,0.186522290110588,0.0190006457269192,115.526985168457,19.173713684082,0.596015870571136,22.0672550201416,3.3335177898407,-0.015261173248291,1,7.49851369857788,"train",3052,3,1
"2142",0,1,37.3461303710938,1180210,437890,"2014_2019",1.76262271404266,0.396960824728012,0.468853712081909,1.45377683639526,116.99951171875,16.4775505065918,1.36289417743683,25.3799133300781,12.2796583175659,-0.0611915588378906,1,37.3461303710938,"train",3053,4,1
"2143",0,1,9.95992565155029,1091710,563390,"2014_2019",1.54481518268585,0.101378925144672,0.112771391868591,0.0249853637069464,111.114784240723,20.6559257507324,0.139349341392517,20.9444427490234,21.3394241333008,-1.61378860473633,1,9.95992565155029,"train",3055,3,1
"2144",0,1,-2.88773012161255,1197210,416390,"2014_2019",1.70627045631409,1.13916575908661,0.344917982816696,6.16051197052002,119.232894897461,14.8096599578857,1.65027260780334,26.6591491699219,4.63718414306641,-0.0437874794006348,1,-2.88773012161255,"train",3056,4,1
"2145",0,1,16.2619342803955,1057710,571890,"2014_2019",1.42184853553772,0.131993994116783,0.116164267063141,0.266695022583008,108.899963378906,15.5814638137817,0.316805630922318,26.1555881500244,13.0379943847656,0.390398025512695,1,16.2619342803955,"train",3057,3,1
"2146",0,1,-2.95679116249084,1119210,498890,"2014_2019",1.64486849308014,0.0729334577918053,0.156030610203743,0.0239417012780905,111.780555725098,18.0369052886963,0.750219583511353,24.8823413848877,7.03573036193848,1.59960865974426,1,-2.95679116249084,"train",3058,3,1
"2147",0,1,-8.32059955596924,1124710,480390,"2014_2019",1.79058933258057,0.0697749555110931,0.224328011274338,0.0292007382959127,113.163696289062,18.4203262329102,0.554769277572632,25.0926933288574,2.60670280456543,-0.412069797515869,1,-8.32059955596924,"train",3061,3,1
"2148",0,1,1.44138896465302,1042210,590890,"2014_2019",1.21606397628784,1.5755797624588,0.436938881874084,18.5685787200928,111.929344177246,10.9360828399658,0.512147128582001,29.7638111114502,16.8208751678467,-0.158432006835938,1,1.44138896465302,"train",3062,2,1
"2149",0,1,16.4581413269043,1047710,568390,"2014_2019",1.38878953456879,1.45265400409698,0.873653292655945,16.9228649139404,112.733055114746,10.9152250289917,0.63776695728302,29.4992942810059,6.8102240562439,0.00521469116210938,1,16.4581413269043,"train",3063,2,1
"2150",0,1,0.176951661705971,1187710,381390,"2014_2019",1.53171133995056,1.38898420333862,0.17946107685566,9.91025638580322,118.282516479492,12.4772357940674,0.99140202999115,30.2146167755127,1.57420003414154,-0.00246721506118774,1,0.176951661705971,"train",3065,4,1
"2151",0,1,29.7642707824707,1044710,597390,"2014_2019",1.18757033348083,1.21361196041107,0.254082649946213,15.3198394775391,107.950340270996,11.4719390869141,0.562578082084656,29.5482978820801,20.8669776916504,-0.453084945678711,1,29.7642707824707,"train",3067,2,1
"2152",0,1,1.62406265735626,1168710,448390,"2014_2019",1.39686632156372,0.139918431639671,0.13830403983593,0.331613034009933,115.48078918457,18.0007762908936,1.04003202915192,24.6203079223633,7.54156637191772,-0.660077214241028,1,1.62406265735626,"train",3071,3,1
"2153",0,1,-1.3616030216217,1163710,448390,"2014_2019",1.39628183841705,0.121290318667889,0.116471864283085,0.268248975276947,114.898361206055,18.2957916259766,0.921531796455383,24.6034564971924,4.35165452957153,-0.0169264078140259,1,-1.3616030216217,"train",3072,3,1
"2154",0,1,36.8120384216309,1116710,498890,"2014_2019",1.643226146698,0.0671609118580818,0.274446427822113,0.0179530419409275,113.059684753418,18.0888042449951,0.665071606636047,25.1838054656982,6.76897144317627,0.00570297241210938,1,36.8120384216309,"train",3074,3,1
"2155",0,1,0.300233840942383,1183710,398390,"2014_2019",1.54039716720581,0.0679891780018806,0.108778797090054,0.0132500184699893,114.477394104004,18.1269569396973,0.457255065441132,26.6026039123535,29.4976997375488,0.372328966856003,1,0.300233840942383,"train",3075,1,1
"2156",0,1,-2.33232855796814,1069210,569890,"2014_2019",1.39545965194702,0.0976080074906349,0.144118666648865,0.034618966281414,109.108100891113,17.1210823059082,0.206060796976089,23.4946842193604,2.8933744430542,-0.162383794784546,1,-2.33232855796814,"train",3076,3,1
"2157",0,1,18.7427768707275,1200710,403890,"2014_2019",1.76029884815216,1.40386927127838,0.760285198688507,7.93827104568481,119.76252746582,13.8669986724854,1.59033107757568,27.6259746551514,1.96826171875,-0.0535507202148438,1,18.7427768707275,"train",3077,4,1
"2158",0,1,33.743766784668,1165710,439890,"2014_2019",1.45518624782562,0.0653259828686714,0.115835949778557,0.0210866685956717,115.53882598877,19.3041553497314,0.668098449707031,24.3360652923584,0.764091849327087,0.0910987854003906,1,33.743766784668,"train",3079,3,1
"2159",0,1,25.2937622070312,1084210,579890,"2014_2019",1.41721427440643,0.0827206522226334,0.114690460264683,0.0121330302208662,109.26927947998,19.6689987182617,0.0525828339159489,20.1877250671387,25.2717628479004,-0.0484981536865234,1,25.2937622070312,"train",3080,1,1
"2160",0,1,25.974910736084,1186710,439890,"2014_2019",1.39658713340759,0.137141302227974,0.25185364484787,0.219224184751511,116.610107421875,18.0289096832275,3.16811108589172,21.351713180542,5.65875291824341,-0.00539588928222656,1,25.974910736084,"train",3081,5,1
"2161",0,1,11.1865835189819,1217210,424890,"2014_2019",1.45395720005035,0.329034924507141,1.12756454944611,0.99997341632843,118.740562438965,16.1128463745117,2.93940281867981,23.7000789642334,4.4878511428833,0.0621023178100586,1,11.1865835189819,"train",3082,4,1
"2162",0,1,33.8193092346191,1044710,573390,"2014_2019",1.36407029628754,1.59909498691559,0.972452878952026,18.6286201477051,110.575813293457,10.9741230010986,0.596613824367523,29.6137580871582,28.7741031646729,0.0405807495117188,1,33.8193092346191,"train",3083,1,1
"2163",0,1,21.9501209259033,1052710,588890,"2014_2019",1.50927805900574,1.574786901474,0.723703801631927,14.1231327056885,112.668251037598,11.8930749893188,0.536716401576996,28.3415069580078,25.3731060028076,-1.09811019897461,1,21.9501209259033,"train",3089,1,1
"2164",0,1,32.5925712585449,1073710,583390,"2014_2019",1.36546337604523,0.0876839458942413,0.172708630561829,0.0423774793744087,110.052490234375,18.5926361083984,0.110276065766811,21.1301612854004,2.76011252403259,-0.0231513977050781,1,32.5925712585449,"train",3090,3,1
"2165",0,1,23.4937267303467,1061710,554890,"2014_2019",1.44982886314392,0.0667554810643196,0.353651970624924,0.0381258986890316,108.867332458496,16.949068069458,0.24994558095932,24.4214477539062,7.31778621673584,-0.0467643737792969,1,23.4937267303467,"train",3092,3,1
"2166",0,1,4.3821063041687,1099210,532390,"2014_2019",1.73966372013092,0.0907574966549873,0.182922825217247,0.0287361536175013,112.649505615234,17.5278434753418,0.440426677465439,25.366792678833,6.14920854568481,-1.38652038574219,1,4.3821063041687,"train",3093,3,1
"2167",0,1,17.0884590148926,1071710,545390,"2014_2019",1.56174075603485,0.107817992568016,0.241405516862869,0.100849635899067,110.559448242188,16.8398094177246,0.31113138794899,26.124475479126,0.417624562978745,0.167879104614258,1,17.0884590148926,"train",3095,3,1
"2168",0,1,-7.63798236846924,1162210,448390,"2014_2019",1.36324369907379,0.107822872698307,0.0838565677404404,0.206131681799889,114.020408630371,18.5191078186035,0.866629183292389,24.6349258422852,8.64061450958252,0.635910034179688,1,-7.63798236846924,"train",3096,3,1
"2169",0,1,-2.58384275436401,1098710,543890,"2014_2019",1.90839910507202,0.142919942736626,0.135452657938004,0.0886653810739517,111.892135620117,17.3507137298584,0.549622297286987,23.4714336395264,5.55185604095459,0.897762298583984,1,-2.58384275436401,"train",3097,3,1
"2170",0,1,9.3580322265625,1059210,552890,"2014_2019",1.59790337085724,0.274429976940155,0.578142642974854,0.947855472564697,111.463668823242,14.4863386154175,0.433382511138916,26.5073776245117,4.14644908905029,-0.0239763259887695,1,9.3580322265625,"train",3099,2,1
"2171",0,1,9.2351131439209,1039710,590890,"2014_2019",1.1528354883194,1.54830884933472,0.640371739864349,18.7536106109619,113.884544372559,10.8312969207764,0.490089803934097,29.8858337402344,7.70862913131714,2.46131038665771,1,9.2351131439209,"train",3102,2,1
"2172",0,1,11.7527112960815,1198710,405390,"2014_2019",1.76858985424042,1.36357259750366,0.399939328432083,7.62448358535767,119.516273498535,13.9721813201904,1.59620535373688,27.5214767456055,3.03286981582642,0.0453357696533203,1,11.7527112960815,"train",3103,4,1
"2173",0,1,7.43692302703857,1088710,552390,"2014_2019",1.72302603721619,0.0944399535655975,0.250813364982605,0.0484534613788128,112.081924438477,17.1039123535156,0.449481159448624,24.936580657959,8.19031620025635,0.0567317008972168,1,7.43692302703857,"train",3104,3,1
"2174",0,1,23.5994739532471,1191710,436890,"2014_2019",1.3626823425293,0.151250183582306,0.254210025072098,0.262223869562149,116.878814697266,18.0361042022705,3.33560180664062,21.1275119781494,5.07971048355103,0.00665092468261719,1,23.5994739532471,"train",3106,5,1
"2175",0,1,-1.97204649448395,1164210,450390,"2014_2019",1.48360323905945,0.165502771735191,0.166492342948914,0.418210953474045,115.067749023438,18.0687637329102,1.02139604091644,24.4985504150391,12.0395784378052,1.99881184101105,1,-1.97204649448395,"train",3108,3,1
"2176",0,1,17.3647708892822,1085210,583890,"2014_2019",1.34029996395111,0.0807076320052147,0.109669990837574,0.0204436052590609,110.811210632324,19.9285488128662,0.0522318072617054,18.3472480773926,21.3910751342773,-0.126260757446289,1,17.3647708892822,"train",3109,3,1
"2177",0,1,36.235466003418,1203210,388890,"2014_2019",1.75179994106293,1.68232369422913,0.636084854602814,10.0091514587402,120.494689941406,12.9886522293091,1.43919861316681,28.6546955108643,9.65060615539551,1.76658248901367,1,36.235466003418,"train",3110,4,1
"2178",0,1,4.66033029556274,1152710,376390,"2014_2019",1.4835330247879,1.90285241603851,0.208128899335861,14.2342929840088,113.837692260742,11.289044380188,0.841797530651093,30.9399452209473,1.03958868980408,-0.0342621803283691,1,4.66033029556274,"train",3112,2,1
"2179",0,1,34.3740081787109,1068710,557390,"2014_2019",1.60093343257904,0.0717676058411598,0.189103111624718,0.0345392152667046,109.826629638672,17.0086727142334,0.258216351270676,25.9873199462891,2.9075710773468,-0.0322647094726562,1,34.3740081787109,"train",3113,3,1
"2180",0,1,28.5301895141602,1204210,481390,"2014_2019",0.96944010257721,0.194054111838341,0.155874535441399,0.445318937301636,115.853713989258,19.6601123809814,4.31359624862671,11.606388092041,1.41526186466217,0.0131244659423828,1,28.5301895141602,"train",3115,5,1
"2181",0,1,-0.519202589988708,1182210,435390,"2014_2019",1.78955960273743,0.520311713218689,0.317834228277206,2.13292193412781,117.233947753906,16.2761344909668,1.37447988986969,25.62331199646,6.18147659301758,0.0597226023674011,1,-0.519202589988708,"train",3116,4,1
"2182",0,1,-6.66887140274048,1170210,378890,"2014_2019",2.28560209274292,0.17690746486187,0.0364950373768806,0.305565565824509,113.157836914062,15.5759162902832,0.527779519557953,25.6302490234375,2.23004484176636,0.111433029174805,1,-6.66887140274048,"train",3117,3,1
"2183",0,1,-1.44999134540558,1182210,422390,"2014_2019",1.69692575931549,0.217580512166023,0.19488587975502,0.595171093940735,111.785926818848,17.7579708099365,0.823415517807007,25.2315444946289,13.8325786590576,0.292260050773621,1,-1.44999134540558,"train",3118,3,1
"2184",0,1,-2.52700090408325,1173710,437890,"2014_2019",1.52623951435089,0.0728005990386009,0.179702371358871,0.0693776905536652,116.475547790527,18.4611949920654,0.99805474281311,24.4099502563477,6.58453512191772,0.266295194625854,1,-2.52700090408325,"train",3119,3,1
"2185",0,1,-1.95707547664642,1187210,408890,"2014_2019",1.45507049560547,0.056721892207861,0.0233420450240374,0.0299769025295973,116.38077545166,18.7682857513428,0.320961683988571,26.7183780670166,4.6698579788208,0.0131549835205078,1,-1.95707547664642,"train",3123,3,1
"2186",0,1,2.39988446235657,1179210,425390,"2014_2019",1.56632840633392,0.0887125805020332,0.199751302599907,0.0562201254069805,113.551208496094,18.8350200653076,0.743004679679871,24.4517192840576,15.3441944122314,-0.232958793640137,1,2.39988446235657,"train",3124,3,1
"2187",0,1,-2.12372422218323,1086210,508390,"2014_2019",1.45263087749481,0.11729583889246,0.130701929330826,0.298443675041199,113.569206237793,17.4371528625488,0.270753353834152,27.2771606445312,0.472470223903656,0.00161480903625488,1,-2.12372422218323,"train",3125,3,1
"2188",0,1,16.8295383453369,1123210,526890,"2014_2019",1.49312424659729,0.090295821428299,0.22801910340786,0.0210734140127897,115.154510498047,19.2646617889404,0.642505466938019,21.5390739440918,4.30841541290283,0.495546340942383,1,16.8295383453369,"train",3126,3,1
"2189",0,1,-1.66433918476105,1131710,478390,"2014_2019",1.65819120407104,0.0567135624587536,0.20586159825325,0.0078986082226038,113.270149230957,18.4111080169678,0.679154872894287,24.9419269561768,4.96275949478149,-0.00880742073059082,1,-1.66433918476105,"train",3128,3,1
"2190",0,1,-3.00764799118042,1050710,561890,"2014_2019",1.45697820186615,1.50072813034058,0.950042068958282,17.2861442565918,112.004257202148,11.0295553207397,0.67889004945755,29.3498363494873,2.27566075325012,0.668536901473999,1,-3.00764799118042,"train",3129,2,1
"2191",0,1,-2.44540190696716,1104210,485890,"2014_2019",1.55698621273041,0.0676340013742447,0.123592965304852,0.0269029159098864,114.432968139648,18.2713890075684,0.294710218906403,26.7896614074707,0.808050155639648,0.00227761268615723,1,-2.44540190696716,"train",3131,3,1
"2192",0,1,20.5904598236084,1193210,407890,"2014_2019",1.74593019485474,1.25543010234833,0.360569804906845,6.67571640014648,118.514404296875,14.4195375442505,1.50232911109924,27.3824024200439,1.83354413509369,0.0211677551269531,1,20.5904598236084,"train",3133,4,1
"2193",0,1,-7.89412021636963,1129710,500890,"2014_2019",1.59012591838837,0.0745321959257126,0.318899542093277,0.0275516901165247,113.871612548828,18.723934173584,0.778732419013977,23.7961330413818,21.8168239593506,2.33679008483887,1,-7.89412021636963,"train",3136,1,1
"2194",0,1,2.15577030181885,1058210,548390,"2014_2019",1.44964647293091,0.438511699438095,0.309597015380859,2.3667140007019,111.634605407715,14.3612022399902,0.452183783054352,27.2615089416504,1.01930582523346,0.0336093902587891,1,2.15577030181885,"train",3137,2,1
"2195",0,1,-1.09025800228119,1054210,563890,"2014_2019",1.41322100162506,1.42460227012634,0.294591069221497,16.1993656158447,111.28182220459,11.4288606643677,0.640809237957001,29.3226852416992,17.9646110534668,3.87606620788574,1,-1.09025800228119,"train",3139,2,1
"2196",0,1,2.55660271644592,1186210,404390,"2014_2019",1.49797677993774,0.0624368377029896,0.0576374605298042,0.0101559739559889,115.820991516113,18.9625644683838,0.295675843954086,26.6068153381348,5.94729900360107,-0.0276684761047363,1,2.55660271644592,"train",3140,3,1
"2197",0,1,3.6965217590332,1169210,435890,"2014_2019",1.78914546966553,0.150736629962921,0.133458077907562,0.140591517090797,115.592597961426,19.1095962524414,0.688026070594788,23.5492858886719,1.613605260849,-0.389547824859619,1,3.6965217590332,"train",3141,3,1
"2198",0,1,38.7411117553711,1175710,446390,"2014_2019",1.68410336971283,0.297108501195908,0.454678386449814,0.841746509075165,116.920539855957,16.2939872741699,1.80501878261566,24.6485824584961,13.880521774292,0.017333984375,1,38.7411117553711,"train",3143,1,1
"2199",0,1,26.7921409606934,1203210,382890,"2014_2019",1.69060957431793,1.84326303005219,0.514266490936279,12.5514974594116,122.2275390625,11.6837635040283,1.29726886749268,29.7431774139404,2.40081310272217,-0.219093322753906,1,26.7921409606934,"train",3144,4,1
"2200",0,1,23.4452476501465,1183210,436390,"2014_2019",1.74803495407104,0.508315920829773,0.378862351179123,2.04992246627808,117.466934204102,16.3935985565186,1.36370182037354,25.5432624816895,3.33598637580872,-0.059112548828125,1,23.4452476501465,"train",3145,4,1
"2201",0,1,28.1003093719482,1097710,532890,"2014_2019",1.75138115882874,0.0806354060769081,0.120129659771919,0.0237038098275661,112.072212219238,17.40354347229,0.424766540527344,25.6715469360352,3.35369420051575,-0.0300769805908203,1,28.1003093719482,"train",3148,3,1
"2202",0,1,5.40001773834229,1071210,570390,"2014_2019",1.38775026798248,0.0873658135533333,0.120297476649284,0.0296233389526606,107.782890319824,17.4189510345459,0.183731392025948,23.6089134216309,15.7654285430908,0.376242637634277,1,5.40001773834229,"train",3149,3,1
"2203",0,1,8.59597110748291,1195710,434890,"2014_2019",1.37845277786255,0.199328407645226,0.441573351621628,0.39514946937561,117.062538146973,17.6679573059082,3.37532496452332,21.5347919464111,1.34372520446777,0.215653419494629,1,8.59597110748291,"train",3150,5,1
"2204",0,1,11.6070890426636,1176710,448390,"2014_2019",1.63866746425629,0.164236754179001,0.559943318367004,0.206012904644012,117.375686645508,17.0189781188965,2.30690050125122,23.369873046875,14.3713130950928,-1.64100456237793,1,11.6070890426636,"train",3153,1,1
"2205",0,1,7.4312105178833,1091210,496890,"2014_2019",1.61111927032471,0.159185796976089,0.346996337175369,0.340958267450333,112.883674621582,17.380069732666,0.269912779331207,27.3373184204102,2.23097395896912,-0.0134124755859375,1,7.4312105178833,"train",3154,3,1
"2206",0,1,-2.18783760070801,1068210,535390,"2014_2019",1.48557019233704,0.431048065423965,0.268004179000854,2.28722262382507,111.430519104004,14.5784358978271,0.414986252784729,27.5770015716553,0.478577166795731,-0.00134134292602539,1,-2.18783760070801,"train",3155,2,1
"2207",0,1,30.4615325927734,1054210,558890,"2014_2019",1.56588172912598,1.19437623023987,1.2858978509903,11.050217628479,112.958976745605,11.4275455474854,0.658707797527313,28.8177928924561,6.80709743499756,0.214975357055664,1,30.4615325927734,"train",3157,4,1
"2208",0,1,-1.77466559410095,1059210,597390,"2014_2019",1.18080627918243,1.18805849552155,0.899286925792694,18.4989471435547,113.98184967041,10.5385141372681,0.765253782272339,28.9065551757812,17.3727493286133,2.73104691505432,1,-1.77466559410095,"train",3158,2,1
"2209",0,1,6.04260015487671,1170710,446390,"2014_2019",1.43747293949127,0.145556151866913,0.188952773809433,0.3640316426754,115.78392791748,17.9254627227783,1.14907944202423,24.4709949493408,9.73449611663818,0.0162696838378906,1,6.04260015487671,"train",3160,3,1
"2210",0,1,24.9727897644043,1199710,398890,"2014_2019",1.82530963420868,1.5688179731369,0.468211710453033,8.88309192657471,119.385200500488,13.4440355300903,1.54010856151581,28.1723747253418,1.59153759479523,0.00487327575683594,1,24.9727897644043,"train",3162,4,1
"2211",0,1,39.8977432250977,1175710,451390,"2014_2019",1.51982581615448,0.135932698845863,0.271057575941086,0.150726050138474,116.670799255371,17.9609565734863,2.40499901771545,22.4559860229492,8.29731178283691,0.0100173950195312,1,39.8977432250977,"train",3164,3,1
"2212",0,1,0.748168110847473,1089210,505890,"2014_2019",1.50481605529785,0.0924418494105339,0.141743943095207,0.182525128126144,112.760719299316,17.4170207977295,0.264386028051376,27.2522945404053,1.23721361160278,-0.0018426775932312,1,0.748168110847473,"train",3165,3,1
"2213",0,1,-0.482645452022552,1056710,598390,"2014_2019",1.16884744167328,1.25351512432098,0.7513827085495,22.1667003631592,112.517295837402,10.1641836166382,0.79297810792923,29.4100914001465,26.6765613555908,4.29384183883667,1,-0.482645452022552,"train",3166,2,1
"2214",0,1,20.9249076843262,1042710,604390,"2014_2019",1.07805418968201,0.456229448318481,0.0934342220425606,3.10402417182922,103.023277282715,12.6505403518677,0.408706247806549,29.4942455291748,5.03862857818604,0.0981788635253906,1,20.9249076843262,"train",3167,2,1
"2215",0,1,-3.00764799118042,1087710,566890,"2014_2019",1.5727573633194,0.10112626105547,0.0916846692562103,0.0174888614565134,113.313705444336,20.5821189880371,0.158516719937325,20.877742767334,31.9433689117432,10.8431968688965,1,-3.00764799118042,"train",3170,1,1
"2216",0,1,-1.1821436882019,1127710,495390,"2014_2019",1.58406853675842,0.0689262300729752,0.12370777130127,0.0186845194548368,112.932060241699,18.5641632080078,0.925373911857605,23.6754360198975,0.539450109004974,-0.00148069858551025,1,-1.1821436882019,"train",3172,3,1
"2217",0,1,3.91999053955078,1071210,569890,"2014_2019",1.3886958360672,0.0904551297426224,0.122817985713482,0.0311079248785973,108.054527282715,17.3478488922119,0.187743678689003,23.5672855377197,7.32330656051636,-1.77572727203369,1,3.91999053955078,"train",3173,3,1
"2218",0,1,-2.36733174324036,1077210,550890,"2014_2019",1.71210527420044,0.108313098549843,0.283371180295944,0.0921372473239899,111.055587768555,16.8260078430176,0.322380810976028,25.8182201385498,0.403101056814194,-0.000831842422485352,1,-2.36733174324036,"train",3174,3,1
"2219",0,1,-8.6977481842041,1187210,430390,"2014_2019",1.28123950958252,0.525048971176147,0.213910609483719,2.47760462760925,117.243171691895,16.3674697875977,1.53255546092987,25.8178100585938,14.0337934494019,-0.83094072341919,1,-8.6977481842041,"train",3175,3,1
"2220",0,1,-2.50931906700134,1071210,531890,"2014_2019",1.46131634712219,0.34153801202774,0.23345348238945,1.54216730594635,110.165054321289,14.8471813201904,0.394212543964386,27.5274658203125,4.87260484695435,-0.0144872665405273,1,-2.50931906700134,"train",3179,2,1
"2221",0,1,2.89758515357971,1075210,552390,"2014_2019",1.68967688083649,0.109296277165413,0.160418659448624,0.0970089584589005,111.072799682617,16.7751483917236,0.313009589910507,25.8574371337891,0.846040546894073,-0.00261735916137695,1,2.89758515357971,"train",3180,3,1
"2222",0,1,0.746264278888702,1058210,597390,"2014_2019",1.17334246635437,1.23161470890045,0.565572559833527,20.7451820373535,113.870124816895,10.3167591094971,0.774606347084045,29.221529006958,19.6441287994385,0.135003805160522,1,0.746264278888702,"train",3182,2,1
"2223",0,1,22.7519950866699,1176710,447390,"2014_2019",1.71475648880005,0.242584124207497,0.767032504081726,0.483765989542007,117.839378356934,16.1443462371826,2.09961295127869,24.409252166748,3.00921845436096,-3.83281707763672,1,22.7519950866699,"train",3183,4,1
"2224",0,1,-0.438468754291534,1091210,564390,"2014_2019",1.54438066482544,0.100991390645504,0.114291131496429,0.0250656623393297,111.270164489746,20.6819076538086,0.138163432478905,20.9193382263184,6.5880537033081,0.0878307223320007,1,-0.438468754291534,"train",3184,3,1
"2225",0,1,10.7174825668335,1070710,564890,"2014_2019",1.59078252315521,0.0785932689905167,0.079165980219841,0.0304901693016291,110.15177154541,16.7574119567871,0.248352721333504,26.4819583892822,7.63080596923828,-0.0754728317260742,1,10.7174825668335,"train",3185,3,1
"2226",0,1,28.0738658905029,1099710,533390,"2014_2019",1.71671628952026,0.0885790511965752,0.275667697191238,0.0254134982824326,112.361045837402,17.5531311035156,0.493088960647583,24.9301242828369,13.3538665771484,-0.458446502685547,1,28.0738658905029,"train",3186,3,1
"2227",0,1,-7.72380876541138,1105710,520890,"2014_2019",1.82550668716431,0.0650616809725761,0.155429020524025,0.0182360466569662,112.036727905273,17.1511516571045,0.46819132566452,26.5144386291504,17.046968460083,3.56443929672241,1,-7.72380876541138,"train",3188,1,1
"2228",0,1,22.3826713562012,1161710,457890,"2014_2019",1.55101346969604,0.307200610637665,0.162509948015213,0.969592928886414,114.963859558105,17.6059894561768,1.22385764122009,24.558614730835,7.23958492279053,0.144632339477539,1,22.3826713562012,"train",3190,3,1
"2229",0,1,14.241982460022,1147210,376890,"2014_2019",1.46883058547974,1.86722457408905,0.460782021284103,13.841329574585,111.323829650879,11.2753648757935,0.834185183048248,30.9335136413574,1.52058434486389,-0.0308322906494141,1,14.241982460022,"train",3192,2,1
"2230",0,1,2.92654228210449,1150710,377390,"2014_2019",1.46227073669434,1.87609910964966,0.0989091396331787,14.0237188339233,113.414108276367,11.335711479187,0.837814271450043,30.9664058685303,1.15495562553406,-0.00339603424072266,1,2.92654228210449,"train",3193,2,1
"2231",0,1,13.122049331665,1173210,444890,"2014_2019",1.57273077964783,0.209144189953804,0.300864934921265,0.635791301727295,116.120941162109,17.3489665985107,1.44806945323944,24.4150371551514,2.15102481842041,-0.428515434265137,1,13.122049331665,"train",3194,3,1
"2232",0,1,25.7789134979248,1180710,443890,"2014_2019",1.44784486293793,0.12964041531086,0.22377972304821,0.193628713488579,116.654960632324,18.0379524230957,2.91688656806946,21.7096576690674,7.87094163894653,0.0250930786132812,1,25.7789134979248,"train",3195,5,1
"2233",0,1,5.32450914382935,1055210,589390,"2014_2019",1.0860595703125,0.366185247898102,1.16028439998627,2.42488098144531,105.505180358887,14.1983909606934,0.35038149356842,28.1661510467529,10.7867965698242,0.160360336303711,1,5.32450914382935,"train",3196,2,1
"2234",0,1,-1.03135168552399,1074210,599890,"2014_2019",1.44673097133636,0.15310426056385,0.161495819687843,0.146917402744293,110.865036010742,19.6317749023438,0.125286251306534,17.6853694915771,23.7755393981934,0.343748569488525,1,-1.03135168552399,"train",3197,1,1
"2235",0,1,20.4721527099609,1060210,596890,"2014_2019",1.27468883991241,0.921862006187439,0.92489504814148,11.8788299560547,113.840179443359,10.9394388198853,0.739276111125946,28.227596282959,5.31287288665771,0.166893005371094,1,20.4721527099609,"train",3198,2,1
"2236",0,1,26.8333740234375,1089210,498890,"2014_2019",1.49751007556915,0.109354794025421,0.151241362094879,0.230927988886833,112.02596282959,17.8981533050537,0.223535999655724,27.2878799438477,9.3054027557373,0.0437679290771484,1,26.8333740234375,"train",3201,3,1
"2237",0,1,-7.68043756484985,1196710,433890,"2014_2019",1.39532876014709,0.221653819084167,0.583393752574921,0.465405523777008,117.922386169434,17.4421558380127,3.3335325717926,21.7804412841797,11.158390045166,-1.52605867385864,1,-7.68043756484985,"train",3203,5,1
"2238",0,1,21.241189956665,1105710,535390,"2014_2019",1.62834906578064,0.0835491269826889,0.14493253827095,0.0282856710255146,111.929832458496,18.2365951538086,0.531874895095825,23.5051288604736,7.32507371902466,-0.289237976074219,1,21.241189956665,"train",3204,3,1
"2239",0,1,38.0559272766113,1197210,402890,"2014_2019",1.82121586799622,1.44702970981598,0.690262198448181,8.04319000244141,119.548942565918,13.6257638931274,1.53693616390228,27.9253597259521,0.3669413626194,0.00925064086914062,1,38.0559272766113,"train",3205,4,1
"2240",0,1,3.26276755332947,1176210,441390,"2014_2019",1.6736261844635,0.270258009433746,0.274158000946045,0.821440279483795,116.75789642334,16.8116245269775,1.35072922706604,25.0786418914795,8.58206748962402,-0.0245828628540039,1,3.26276755332947,"train",3208,3,1
"2241",0,1,7.72365713119507,1176210,449890,"2014_2019",1.54178416728973,0.14325487613678,0.325031042098999,0.166510716080666,116.932914733887,17.7662792205811,2.34493732452393,22.6952667236328,5.35306072235107,-0.530127048492432,1,7.72365713119507,"train",3209,3,1
"2242",0,1,-3.34675216674805,1173710,445390,"2014_2019",1.61720895767212,0.237410083413124,0.380163371562958,0.766926527023315,116.396118164062,17.0896320343018,1.47996413707733,24.5529136657715,14.1821241378784,2.0722599029541,1,-3.34675216674805,"train",3210,1,1
"2243",0,1,-1.00007343292236,1128710,524390,"2014_2019",1.45032691955566,0.0909468978643417,0.219722628593445,0.0182220712304115,115.578178405762,19.2398223876953,0.614391267299652,21.8885402679443,0.977452397346497,0.010931134223938,1,-1.00007343292236,"train",3211,3,1
"2244",0,1,17.0996608734131,1174210,448390,"2014_2019",1.57823967933655,0.272289454936981,0.17938244342804,0.940540134906769,116.300888061523,17.1715660095215,1.38464939594269,24.6629657745361,6.30255842208862,-0.0523548126220703,1,17.0996608734131,"train",3214,3,1
"2245",0,1,0.854172766208649,1074710,528890,"2014_2019",1.44449830055237,0.310897320508957,0.240578815340996,1.3415242433548,111.559288024902,14.9281911849976,0.387846112251282,27.5408554077148,0.668722689151764,-0.0538572669029236,1,0.854172766208649,"train",3215,2,1
"2246",0,1,0.529752612113953,1058710,553390,"2014_2019",1.56915938854218,0.381458222866058,0.67385470867157,1.68384635448456,112.065162658691,13.9132556915283,0.479087799787521,26.9450569152832,1.15646839141846,0.00197082757949829,1,0.529752612113953,"train",3216,2,1
"2247",0,1,5.05829286575317,1128710,502890,"2014_2019",1.55961203575134,0.0748883187770844,0.210021764039993,0.0273752491921186,112.617042541504,18.8204498291016,0.809117794036865,23.4940147399902,42.5415115356445,6.5677638053894,1,5.05829286575317,"train",3217,1,1
"2248",0,1,8.55343723297119,1085710,582890,"2014_2019",1.35393381118774,0.0820833593606949,0.158801585435867,0.0160664096474648,109.805274963379,20.0937557220459,0.0473998300731182,18.5454177856445,29.0756168365479,-0.772832870483398,1,8.55343723297119,"train",3218,1,1
"2249",0,1,-3.00764799118042,1173210,432890,"2014_2019",1.60799336433411,0.0657914355397224,0.130811259150505,0.0341389589011669,115.592269897461,19.1129760742188,0.755778133869171,23.9346618652344,0.783741176128387,0.449042320251465,1,-3.00764799118042,"train",3219,3,1
"2250",0,1,19.2295360565186,1089210,558390,"2014_2019",2.03314995765686,0.742832839488983,0.0558762587606907,1.26739716529846,113.863288879395,18.0576229095459,0.481474429368973,11.7763357162476,4.88476800918579,0.017974853515625,1,19.2295360565186,"train",3220,3,1
"2251",0,1,-1.98937141895294,1131210,498390,"2014_2019",1.57076275348663,0.0713163018226624,0.212522849440575,0.0226202718913555,114.673095703125,18.8703136444092,0.900953471660614,23.1032199859619,0.551786541938782,0.0211461782455444,1,-1.98937141895294,"train",3223,3,1
"2252",0,1,15.7245254516602,1180710,394890,"2014_2019",1.87594676017761,0.0778066217899323,0.0986381024122238,0.0453322567045689,110.704795837402,17.6477031707764,0.418270498514175,26.3520793914795,17.6605644226074,0.380880355834961,1,15.7245254516602,"train",3224,1,1
"2253",0,1,26.1615009307861,1129710,479390,"2014_2019",1.64947903156281,0.054638747125864,0.162874862551689,0.00686180032789707,112.906227111816,18.4808483123779,0.682425558567047,24.8811702728271,5.56793069839478,0.010009765625,1,26.1615009307861,"train",3225,3,1
"2254",0,1,0.512400031089783,1059710,558890,"2014_2019",1.40189683437347,0.0588292367756367,0.167254492640495,0.0231339149177074,106.548980712891,17.2109241485596,0.208156034350395,24.2905712127686,2.09258127212524,0.00248944759368896,1,0.512400031089783,"train",3226,3,1
"2255",0,1,0.721408605575562,1176710,445390,"2014_2019",1.73119008541107,0.454858750104904,0.3278728723526,1.70776784420013,117.011840820312,16.046106338501,1.62268257141113,25.2270812988281,28.5135593414307,-1.14148283004761,1,0.721408605575562,"train",3227,1,1
"2256",0,1,-0.32081338763237,1087710,560390,"2014_2019",2.04234743118286,0.915336906909943,0.0935878157615662,1.56031692028046,111.258117675781,18.0809993743896,0.470622152090073,12.3157005310059,13.0150566101074,0.0762431025505066,1,-0.32081338763237,"train",3228,3,1
"2257",0,1,19.5078163146973,1196710,407890,"2014_2019",1.78945684432983,1.31632125377655,0.381816267967224,7.17760467529297,119.041076660156,14.0663509368896,1.6155047416687,27.3790130615234,2.34765362739563,-0.0142993927001953,1,19.5078163146973,"train",3229,4,1
"2258",0,1,18.2152976989746,1094210,496390,"2014_2019",1.60243058204651,0.101604603230953,0.293815732002258,0.162289887666702,112.85865020752,17.6057682037354,0.267325639724731,27.1826915740967,8.40023422241211,0.0267486572265625,1,18.2152976989746,"train",3230,3,1
"2259",0,1,3.28322505950928,1085710,509390,"2014_2019",1.46502602100372,0.120625510811806,0.106857649981976,0.308852761983871,112.945014953613,17.4360752105713,0.26843199133873,27.2475357055664,0.182397916913033,0.0383796691894531,1,3.28322505950928,"train",3231,3,1
"2260",0,1,2.84834837913513,1091210,560890,"2014_2019",2.19884324073792,1.16340446472168,0.09353456646204,1.80369317531586,112.870155334473,17.725658416748,0.565169811248779,11.6905937194824,8.11156177520752,1.29163324832916,1,2.84834837913513,"train",3232,3,1
"2261",0,1,11.5971870422363,1075210,553890,"2014_2019",1.67386674880981,0.112410314381123,0.166039332747459,0.095579020678997,111.407501220703,17.2169342041016,0.290267050266266,25.3970642089844,4.02530384063721,0.0305824279785156,1,11.5971870422363,"train",3234,3,1
"2262",0,1,-2.04860281944275,1110210,518390,"2014_2019",1.78400421142578,0.0634109377861023,0.0992361977696419,0.0159929618239403,111.538543701172,17.6177654266357,0.469901710748672,26.218240737915,1.35817468166351,-0.0274245738983154,1,-2.04860281944275,"train",3236,3,1
"2263",0,1,12.9013156890869,1181710,407390,"2014_2019",1.48348236083984,0.137046843767166,0.106491722166538,0.267949104309082,115.357215881348,16.9027347564697,0.772065162658691,26.7267189025879,8.69122219085693,-0.0800189971923828,1,12.9013156890869,"train",3238,3,1
"2264",0,1,19.6743144989014,1198710,426890,"2014_2019",1.67505896091461,0.998071551322937,0.732512891292572,5.05035257339478,117.371971130371,14.489559173584,2.04026198387146,26.2303771972656,8.10680866241455,-0.122323989868164,1,19.6743144989014,"train",3240,4,1
"2265",0,1,0.501090884208679,1185210,437890,"2014_2019",1.67986607551575,0.805378198623657,0.359372615814209,3.82224583625793,117.316780090332,15.6102380752563,1.56128787994385,26.0519790649414,1.36007463932037,-0.00234144926071167,1,0.501090884208679,"train",3241,4,1
"2266",0,1,23.0485668182373,1145210,377390,"2014_2019",1.46471929550171,1.87735605239868,0.465587198734283,13.7372922897339,110.847267150879,11.3612804412842,0.824141979217529,30.9215068817139,2.6347508430481,-0.00357818603515625,1,23.0485668182373,"train",3242,2,1
"2267",0,1,-0.5227010846138,1130710,478890,"2014_2019",1.65148782730103,0.055004671216011,0.143544986844063,0.00725751975551248,112.98673248291,18.4570713043213,0.681418001651764,24.9001312255859,10.1453409194946,-0.178644806146622,1,-0.5227010846138,"train",3243,3,1
"2268",0,1,38.4401664733887,1173710,436390,"2014_2019",1.53943455219269,0.0652323663234711,0.155938282608986,0.0362741239368916,116.154815673828,18.728479385376,0.911695182323456,24.3042736053467,15.848334312439,-3.46481704711914,1,38.4401664733887,"train",3244,3,1
"2269",0,1,39.2674369812012,1168210,444390,"2014_2019",1.38371348381042,0.0771509557962418,0.146157890558243,0.0879217907786369,114.555000305176,18.6822490692139,0.798587441444397,24.6814346313477,7.89935541152954,-0.417972564697266,1,39.2674369812012,"train",3245,3,1
"2270",0,1,-2.86050939559937,1191210,404890,"2014_2019",1.64132165908813,1.21126890182495,0.173519060015678,6.56156921386719,117.34952545166,14.6494913101196,1.49705481529236,27.4833831787109,11.0774402618408,4.00644063949585,1,-2.86050939559937,"train",3246,4,1
"2271",0,1,-2.70480370521545,1116710,529890,"2014_2019",1.75695705413818,0.15640814602375,0.179719686508179,0.119244426488876,114.431922912598,18.4217147827148,0.664218604564667,21.8732051849365,4.0059380531311,-0.0798490047454834,1,-2.70480370521545,"train",3247,3,1
"2272",0,1,36.1564254760742,1197210,374390,"2014_2019",1.66334581375122,1.93580615520477,0.674251139163971,13.7560892105103,121.635391235352,11.5677003860474,1.1510922908783,30.1026515960693,2.03616118431091,0.154365539550781,1,36.1564254760742,"train",3248,4,1
"2273",0,1,26.7079753875732,1191710,413890,"2014_2019",1.73489761352539,0.941636860370636,0.557644128799438,4.31897830963135,118.312461853027,14.94748878479,1.42804217338562,26.9555549621582,4.70683479309082,-0.0231609344482422,1,26.7079753875732,"train",3250,4,1
"2274",0,1,-0.752910017967224,1074710,528390,"2014_2019",1.44129323959351,0.317233175039291,0.246355354785919,1.41309309005737,111.625396728516,14.8507070541382,0.395234227180481,27.5945949554443,0.732842803001404,-0.00412720441818237,1,-0.752910017967224,"train",3251,2,1
"2275",0,1,-3.67937660217285,1119710,501890,"2014_2019",1.66376996040344,0.0734220892190933,0.0960969999432564,0.0222523380070925,112.601692199707,18.2520427703857,0.549591541290283,25.3550853729248,8.47673416137695,-0.740236043930054,1,-3.67937660217285,"train",3252,3,1
"2276",0,1,34.4705696105957,1167710,451390,"2014_2019",1.45659327507019,0.189919516444206,0.148271784186363,0.567397654056549,115.25016784668,17.7584495544434,1.11210453510284,24.7158546447754,12.128454208374,0.083953857421875,1,34.4705696105957,"train",3255,3,1
"2277",0,1,6.2288293838501,1058710,568390,"2014_2019",1.38272786140442,0.0774710476398468,0.131433621048927,0.0405614003539085,109.310356140137,16.6647567749023,0.229258581995964,24.9263858795166,8.41582202911377,-0.00810718536376953,1,6.2288293838501,"train",3256,3,1
"2278",0,1,-0.966935396194458,1185210,429890,"2014_2019",1.23288583755493,0.540284156799316,0.0499900095164776,2.5775134563446,117.500358581543,16.4309005737305,1.56874811649323,25.993932723999,4.27041053771973,0.161524891853333,1,-0.966935396194458,"train",3257,3,1
"2279",0,1,-2.61752080917358,1105710,537390,"2014_2019",1.65423047542572,0.0894626453518867,0.087803415954113,0.0335085280239582,112.135200500488,18.1249771118164,0.507832527160645,23.6038112640381,5.65468168258667,-0.0106015205383301,1,-2.61752080917358,"train",3258,3,1
"2280",0,1,14.6412715911865,1060710,569390,"2014_2019",1.37557315826416,0.0810324922204018,0.200913622975349,0.0374703332781792,108.419868469238,16.5521335601807,0.247380807995796,24.5311679840088,12.2183647155762,-1.6756591796875,1,14.6412715911865,"train",3259,3,1
"2281",0,1,4.80535936355591,1125210,500390,"2014_2019",1.68020176887512,0.0702548623085022,0.0797926560044289,0.0220714546740055,114.222534179688,18.3747520446777,0.51391476392746,25.2032356262207,2.05795812606812,0.00231361389160156,1,4.80535936355591,"train",3260,3,1
"2282",0,1,12.8315877914429,1176710,440390,"2014_2019",1.65378546714783,0.162498101592064,0.38332062959671,0.32866707444191,116.64527130127,17.2160587310791,1.24840462207794,24.9222373962402,13.3652257919312,0.0255508422851562,1,12.8315877914429,"train",3261,1,1
"2283",0,1,36.2075500488281,1069210,574890,"2014_2019",1.34106433391571,0.112383231520653,0.24074798822403,0.0885906666517258,110.191612243652,16.2726192474365,0.243858382105827,22.6724433898926,25.6086273193359,1.50032806396484,1,36.2075500488281,"train",3262,1,1
"2284",0,1,0.190867975354195,1048210,592390,"2014_2019",0.950968861579895,0.178714245557785,0.0332517884671688,0.387210249900818,103.640327453613,14.0877628326416,0.259860068559647,29.6012477874756,2.58694291114807,-0.197905078530312,1,0.190867975354195,"train",3263,2,1
"2285",0,1,36.5915985107422,1190210,437890,"2014_2019",1.37058401107788,0.144893079996109,0.250240802764893,0.242885708808899,116.891334533691,18.0770931243896,3.34400129318237,21.076566696167,4.76995134353638,0.0131683349609375,1,36.5915985107422,"train",3264,5,1
"2286",0,1,24.1186580657959,1199210,379390,"2014_2019",1.64098000526428,1.90567028522491,0.585507690906525,14.3572492599487,121.586502075195,11.3622312545776,1.15447628498077,30.2568378448486,0.56687343120575,0.170944213867188,1,24.1186580657959,"train",3265,4,1
"2287",0,1,1.12577688694,1115710,528890,"2014_2019",1.67325437068939,0.115902684628963,0.209239646792412,0.0622750967741013,114.631187438965,18.5320339202881,0.662135779857635,22.0983085632324,3.2278265953064,-0.0171633958816528,1,1.12577688694,"train",3266,3,1
"2288",0,1,24.4044570922852,1203210,381390,"2014_2019",1.68077337741852,1.87847018241882,0.598053514957428,13.2702693939209,122.075538635254,11.5573501586914,1.2633136510849,29.9066009521484,1.34795391559601,-0.0303306579589844,1,24.4044570922852,"train",3267,4,1
"2289",0,1,31.3117446899414,1112210,514890,"2014_2019",1.73165464401245,0.0590870156884193,0.0758298560976982,0.0113064544275403,112.940155029297,17.8969612121582,0.507297456264496,25.884162902832,6.36327219009399,0.00696182250976562,1,31.3117446899414,"train",3271,3,1
"2290",0,1,1.93170261383057,1090710,503390,"2014_2019",1.52150738239288,0.0771726444363594,0.195684239268303,0.131917893886566,113.478645324707,17.529088973999,0.260673493146896,27.2076721191406,1.03737080097198,0.00069582462310791,1,1.93170261383057,"train",3272,3,1
"2291",0,1,9.50044822692871,1083710,519890,"2014_2019",1.459477186203,0.212197661399841,0.298240900039673,0.764423668384552,112.327919006348,15.9058666229248,0.343555063009262,27.4232997894287,0.871561765670776,-0.00067138671875,1,9.50044822692871,"train",3273,3,1
"2292",0,1,13.4213953018188,1123710,493890,"2014_2019",1.59649109840393,0.0690918937325478,0.208317786455154,0.0186224989593029,113.044494628906,18.398494720459,0.899477124214172,23.9989585876465,13.7393617630005,-0.00908946990966797,1,13.4213953018188,"train",3274,3,1
"2293",0,1,19.6866817474365,1183210,441390,"2014_2019",1.42637646198273,0.131272241473198,0.201120018959045,0.205640077590942,116.61597442627,18.000280380249,2.97195625305176,21.6667041778564,4.09215259552002,8.96453857421875e-05,1,19.6866817474365,"train",3275,5,1
"2294",0,1,-0.709551870822906,1088710,592890,"2014_2019",1.33484017848969,0.0775536224246025,0.18475703895092,0.0614894703030586,111.766494750977,19.7490348815918,0.0826099663972855,13.6804637908936,37.8417739868164,0.509757459163666,1,-0.709551870822906,"train",3276,1,1
"2295",0,1,13.0558567047119,1116210,499890,"2014_2019",1.65012741088867,0.0667309761047363,0.284697324037552,0.0185037311166525,113.19140625,18.0975608825684,0.626574456691742,25.3035144805908,4.83788728713989,0.0115203857421875,1,13.0558567047119,"train",3277,3,1
"2296",0,1,8.23344612121582,1060710,552390,"2014_2019",1.5808117389679,0.150106623768806,0.516313672065735,0.302141010761261,109.806533813477,15.5778903961182,0.359979629516602,25.7572269439697,1.24025058746338,-0.0750160217285156,1,8.23344612121582,"train",3278,3,1
"2297",0,1,-0.367608964443207,1056210,562890,"2014_2019",1.44431102275848,1.47848188877106,0.299138605594635,16.8993301391602,112.757865905762,10.9893436431885,0.692362606525421,29.346321105957,2.0662055015564,-0.0693361759185791,1,-0.367608964443207,"train",3279,2,1
"2298",0,1,18.4665374755859,1175210,442890,"2014_2019",1.64123773574829,0.282424569129944,0.311411410570145,0.982888996601105,116.471046447754,16.908727645874,1.44848370552063,24.7984600067139,11.0344676971436,-0.146457672119141,1,18.4665374755859,"train",3281,3,1
"2299",0,1,12.4798307418823,1147710,377390,"2014_2019",1.44389450550079,1.78980815410614,0.316068202257156,13.3256845474243,111.631645202637,11.2669448852539,0.834385573863983,30.9919090270996,0.83059960603714,-0.0367059707641602,1,12.4798307418823,"train",3282,2,1
"2300",0,1,31.6200160980225,1084710,557390,"2014_2019",1.72564840316772,0.0968663617968559,0.179440915584564,0.0514084585011005,112.483627319336,16.8924674987793,0.407241374254227,25.2980155944824,19.0088081359863,0.0662803649902344,1,31.6200160980225,"train",3283,1,1
"2301",0,1,0.188921824097633,1069710,534390,"2014_2019",1.48345720767975,0.388019770383835,0.277820855379105,1.82918465137482,111.242652893066,14.4934663772583,0.424790531396866,27.6047458648682,0.587774574756622,0.0191668123006821,1,0.188921824097633,"train",3284,2,1
"2302",0,1,20.0966320037842,1167710,447890,"2014_2019",1.38832628726959,0.123224332928658,0.147789314389229,0.259526401758194,115.222923278809,18.12353515625,0.986242651939392,24.6186103820801,3.25485253334045,-0.38446044921875,1,20.0966320037842,"train",3285,3,1
"2303",0,1,1.03974771499634,1173210,445890,"2014_2019",1.60004818439484,0.226908698678017,0.265119105577469,0.705238103866577,116.762054443359,17.1820220947266,1.45990920066833,24.5063438415527,6.76568698883057,-0.242214441299438,1,1.03974771499634,"train",3289,3,1
"2304",0,1,1.2916533946991,1076210,559890,"2014_2019",1.6204708814621,0.0832057967782021,0.154112547636032,0.0292971767485142,110.02759552002,17.9290504455566,0.254769742488861,24.5428085327148,12.8561611175537,-0.438982367515564,1,1.2916533946991,"train",3290,3,1
"2305",0,1,39.9500389099121,1178710,429390,"2014_2019",1.49098193645477,0.0629205256700516,0.0982923060655594,0.0154340174049139,115.395774841309,19.4371299743652,0.608781814575195,24.3556575775146,14.8123769760132,0.154537200927734,1,39.9500389099121,"train",3291,3,1
"2306",0,1,-3.00764799118042,1126210,494890,"2014_2019",1.59656012058258,0.0695734396576881,0.15928789973259,0.01891178637743,112.386070251465,18.4647102355957,0.910101652145386,23.8500099182129,2.21689319610596,1.29990434646606,1,-3.00764799118042,"train",3292,3,1
"2307",0,1,28.2618293762207,1176710,447890,"2014_2019",1.69846403598785,0.217672824859619,0.594643652439117,0.379900604486465,117.575019836426,16.2898483276367,2.04623317718506,24.3245754241943,7.23562622070312,-0.445499420166016,1,28.2618293762207,"train",3293,4,1
"2308",0,1,2.82857656478882,1170210,376390,"2014_2019",2.29481911659241,0.0977585688233376,0.0436130352318287,0.107803985476494,113.52571105957,16.0816135406494,0.450315952301025,25.1792755126953,2.51277375221252,-0.0344796180725098,1,2.82857656478882,"train",3294,3,1
"2309",0,1,8.94215106964111,1060210,552890,"2014_2019",1.59856128692627,0.180304870009422,0.550691545009613,0.495369672775269,110.954048156738,15.2207107543945,0.380913317203522,25.936918258667,0.65809965133667,0.000159263610839844,1,8.94215106964111,"train",3295,2,1
"2310",0,1,-2.98755502700806,1169210,446890,"2014_2019",1.30452167987823,0.108319401741028,0.112012833356857,0.214900493621826,116.373550415039,18.2734107971191,0.954752266407013,24.6411533355713,5.96438360214233,1.32846117019653,1,-2.98755502700806,"train",3296,3,1
"2311",0,1,10.9129476547241,1212710,424890,"2014_2019",1.33029532432556,0.236016929149628,0.343424886465073,0.688168525695801,117.770362854004,17.2693824768066,3.06833791732788,22.3845405578613,3.28998637199402,-0.162034034729004,1,10.9129476547241,"train",3297,5,1
"2312",0,1,-2.50226449966431,1163210,458890,"2014_2019",1.71153199672699,0.386532485485077,0.218166217207909,0.968860983848572,115.803955078125,16.7173442840576,1.33503079414368,25.0250720977783,1.45967185497284,-0.0824177265167236,1,-2.50226449966431,"train",3298,3,1
"2313",0,1,30.385684967041,1203210,380890,"2014_2019",1.67822790145874,1.88227760791779,0.677331745624542,13.6487665176392,122.013641357422,11.4750776290894,1.24580895900726,29.9826278686523,0.975187182426453,-0.0167503356933594,1,30.385684967041,"train",3299,4,1
"2314",0,1,19.5460433959961,1180210,422390,"2014_2019",1.68993616104126,0.174144744873047,0.529953360557556,0.305066406726837,114.325805664062,17.8592319488525,0.888863563537598,24.9607124328613,15.7162809371948,0.364891052246094,1,19.5460433959961,"train",3301,1,1
"2315",0,1,0.850199103355408,1159210,465890,"2014_2019",1.53659915924072,0.0746377930045128,0.136441424489021,0.0396265126764774,114.410362243652,18.491548538208,0.932590425014496,23.7584915161133,2.03133392333984,-0.0305655598640442,1,0.850199103355408,"train",3304,3,1
"2316",0,1,34.1198387145996,1076210,556390,"2014_2019",1.63275444507599,0.085431195795536,0.196194902062416,0.0311336293816566,111.502288818359,18.1104049682617,0.242076262831688,24.4714221954346,14.477367401123,-0.0439834594726562,1,34.1198387145996,"train",3305,3,1
"2317",0,1,0.0261795222759247,1163210,459390,"2014_2019",1.71826231479645,0.339505076408386,0.201399967074394,0.688777148723602,116.311996459961,16.7046527862549,1.27982950210571,25.0515823364258,1.1411600112915,0.00304453261196613,1,0.0261795222759247,"train",3306,3,1
"2318",0,1,6.04439210891724,1115210,528890,"2014_2019",1.65890312194824,0.107744850218296,0.23075857758522,0.0545374378561974,114.693084716797,18.5132637023926,0.66003155708313,22.2601623535156,3.05667972564697,-0.0223855972290039,1,6.04439210891724,"train",3309,3,1
"2319",0,1,-2.88323593139648,1044210,598390,"2014_2019",1.12587034702301,0.975094258785248,0.208812519907951,11.6152639389038,105.388305664062,12.1465368270874,0.491989105939865,29.5411167144775,23.9254951477051,-1.2195885181427,1,-2.88323593139648,"train",3312,2,1
"2320",0,1,17.5283050537109,1176210,446890,"2014_2019",1.69648265838623,0.281474530696869,0.609638631343842,0.649815618991852,117.519172668457,16.2146301269531,1.92811179161072,24.533411026001,1.96962249279022,0.706630706787109,1,17.5283050537109,"train",3313,4,1
"2321",0,1,-2.15928554534912,1072210,562390,"2014_2019",1.57000243663788,0.085223451256752,0.0804659277200699,0.0386132672429085,109.072662353516,17.2212505340576,0.229229375720024,26.2720718383789,7.51798868179321,-0.0215132236480713,1,-2.15928554534912,"train",3314,3,1
"2322",0,1,27.5024089813232,1168710,451890,"2014_2019",1.46517324447632,0.208848088979721,0.15564239025116,0.655464172363281,115.286979675293,17.6413326263428,1.15645706653595,24.750804901123,0.45867183804512,-0.371662139892578,1,27.5024089813232,"train",3315,3,1
"2323",0,1,20.7807006835938,1205210,420890,"2014_2019",1.52025628089905,0.761916756629944,0.25840225815773,3.73632502555847,118.735977172852,15.6975107192993,2.26540446281433,24.9793586730957,2.76979494094849,-0.136997222900391,1,20.7807006835938,"train",3316,4,1
"2324",0,1,-7.56979036331177,1066710,536890,"2014_2019",1.52392554283142,0.49193674325943,0.207832336425781,2.89072322845459,111.126968383789,14.4458599090576,0.430764198303223,27.550386428833,4.20608425140381,-1.56120157241821,1,-7.56979036331177,"train",3317,2,1
"2325",0,1,35.594539642334,1167210,446890,"2014_2019",1.37672662734985,0.108222298324108,0.16049513220787,0.187956765294075,114.792274475098,18.2889881134033,0.932084679603577,24.5855026245117,11.5741558074951,-0.181465148925781,1,35.594539642334,"train",3319,3,1
"2326",0,1,25.214900970459,1207710,419390,"2014_2019",1.56030464172363,0.854467153549194,0.614167153835297,4.26854705810547,118.830047607422,15.1846408843994,2.21984267234802,25.4879455566406,8.25672435760498,-0.155841827392578,1,25.214900970459,"train",3321,4,1
"2327",0,1,11.7367286682129,1040210,586890,"2014_2019",1.27543008327484,1.65811133384705,0.393394201993942,17.8305282592773,113.223693847656,11.1882944107056,0.507654845714569,29.5541324615479,7.37816429138184,-1.30680465698242,1,11.7367286682129,"train",3322,2,1
"2328",0,1,4.79245185852051,1062710,542390,"2014_2019",1.46468865871429,0.427820473909378,0.336640477180481,2.19087624549866,110.541679382324,14.5373840332031,0.406868636608124,27.4062328338623,4.53740310668945,0.152146816253662,1,4.79245185852051,"train",3324,2,1
"2329",0,1,-0.99601811170578,1199210,475390,"2014_2019",1.69550049304962,0.817882478237152,0.105130508542061,1.85266971588135,118.900398254395,18.153392791748,11.5611639022827,10.686408996582,0.473542243242264,-0.0172493457794189,1,-0.99601811170578,"train",3325,5,1
"2330",0,1,-0.343952745199203,1123210,480890,"2014_2019",1.78179335594177,0.0607193112373352,0.125914618372917,0.0132087115198374,113.157707214355,18.4676933288574,0.489229083061218,25.3805637359619,0.818912744522095,-0.0417448580265045,1,-0.343952745199203,"train",3326,3,1
"2331",0,1,-0.760610163211823,1058710,546390,"2014_2019",1.37539052963257,0.326283127069473,0.19932809472084,1.59310734272003,111.190567016602,15.2329778671265,0.379860907793045,26.9064788818359,1.88158535957336,-0.00876152515411377,1,-0.760610163211823,"train",3327,2,1
"2332",0,1,2.62504553794861,1099210,489890,"2014_2019",1.54917871952057,0.0866364911198616,0.111158780753613,0.0841516852378845,113.847633361816,17.9490261077881,0.284405559301376,27.0584049224854,1.33839821815491,-0.0173611640930176,1,2.62504553794861,"train",3328,3,1
"2333",0,1,4.4557318687439,1103210,528390,"2014_2019",1.68893396854401,0.0814371109008789,0.139220371842384,0.0125117544084787,111.445816040039,18.2613716125488,0.458051949739456,24.3518371582031,5.13148736953735,1.18410205841064,1,4.4557318687439,"train",3330,3,1
"2334",0,1,24.4443492889404,1164210,447890,"2014_2019",1.40942466259003,0.116878181695938,0.136843949556351,0.240628555417061,114.854248046875,18.2848892211914,0.926664650440216,24.5570983886719,2.43636131286621,-0.0799903869628906,1,24.4443492889404,"train",3331,3,1
"2335",0,1,18.2531318664551,1128210,524390,"2014_2019",1.45473623275757,0.0901853442192078,0.218299761414528,0.0177447646856308,115.618850708008,19.3109016418457,0.614714741706848,21.7508792877197,5.11222124099731,-0.0990352630615234,1,18.2531318664551,"train",3332,3,1
"2336",0,1,1.57039570808411,1070710,532890,"2014_2019",1.46669244766235,0.34934213757515,0.18984343111515,1.56421077251434,110.467338562012,14.8060255050659,0.39721217751503,27.5182037353516,1.09994423389435,0.124657273292542,1,1.57039570808411,"train",3333,2,1
"2337",0,1,12.4100074768066,1084710,520390,"2014_2019",1.47068321704865,0.172786206007004,0.284498870372772,0.493065983057022,111.950736999512,16.0947151184082,0.333668023347855,27.3037910461426,1.16690838336945,-0.00301933288574219,1,12.4100074768066,"train",3335,3,1
"2338",0,1,33.8375625610352,1096710,497890,"2014_2019",1.62510550022125,0.0608543939888477,0.176483720541,0.0426545478403568,112.095237731934,18.0187091827393,0.271360665559769,26.8610210418701,15.5636653900146,0.0168571472167969,1,33.8375625610352,"train",3337,3,1
"2339",0,1,20.0637092590332,1075710,554890,"2014_2019",1.64623141288757,0.0937119424343109,0.198332369327545,0.0412057340145111,111.628295898438,18.0989093780518,0.247913360595703,24.4511260986328,7.79912662506104,-0.0669631958007812,1,20.0637092590332,"train",3338,3,1
"2340",0,1,5.78403186798096,1073210,555890,"2014_2019",1.62969446182251,0.087943509221077,0.253430396318436,0.0457603745162487,111.203750610352,17.7174758911133,0.254615932703018,24.9122486114502,3.83190679550171,-0.225470066070557,1,5.78403186798096,"train",3339,3,1
"2341",0,1,32.3034362792969,1164210,464390,"2014_2019",1.55643010139465,0.0705128237605095,0.209803074598312,0.0339208282530308,114.998657226562,18.358419418335,1.00753855705261,23.7614727020264,1.54817974567413,0.0933456420898438,1,32.3034362792969,"train",3340,3,1
"2342",0,1,23.2983837127686,1174710,441890,"2014_2019",1.5951030254364,0.242960721254349,0.404149562120438,0.783143520355225,116.31575012207,17.177827835083,1.41062343120575,24.6323184967041,4.42439842224121,-2.40053749084473,1,23.2983837127686,"train",3341,3,1
"2343",0,1,16.5452747344971,1124210,526390,"2014_2019",1.44999086856842,0.0893634259700775,0.302645832300186,0.0176409985870123,115.265235900879,19.470495223999,0.609672427177429,21.3998851776123,15.0094709396362,-0.537879943847656,1,16.5452747344971,"train",3342,3,1
"2344",0,1,8.01155090332031,1176710,434390,"2014_2019",1.47232902050018,0.0585019066929817,0.109944187104702,0.0154030062258244,114.702331542969,19.0389862060547,0.718594491481781,24.4017124176025,12.2708435058594,-2.24113750457764,1,8.01155090332031,"train",3343,3,1
"2345",0,1,12.5489292144775,1174710,445390,"2014_2019",1.65777456760406,0.302820473909378,0.451800167560577,1.0072375535965,117.041145324707,16.681282043457,1.68172800540924,24.5834903717041,9.0396203994751,-0.234493255615234,1,12.5489292144775,"train",3344,4,1
"2346",0,1,19.7159366607666,1174210,439890,"2014_2019",1.60522365570068,0.19103042781353,0.239465728402138,0.517588436603546,116.637405395508,17.4227409362793,1.31137907505035,24.6435546875,6.61296844482422,0.238861083984375,1,19.7159366607666,"train",3346,3,1
"2347",0,1,10.6151523590088,1096210,540890,"2014_2019",1.72709095478058,0.0823523998260498,0.177546232938766,0.0325374417006969,112.042633056641,17.4080219268799,0.449394643306732,25.261194229126,10.6312618255615,-0.082794189453125,1,10.6151523590088,"train",3347,3,1
"2348",0,1,-2.7586624622345,1119710,529890,"2014_2019",1.87610554695129,0.182035073637962,0.129569336771965,0.122744612395763,113.085060119629,18.6817073822021,0.632924139499664,20.5888137817383,7.50053834915161,2.2017867565155,1,-2.7586624622345,"train",3348,3,1
"2349",0,1,24.3675785064697,1060710,546390,"2014_2019",1.43934631347656,0.264344990253448,0.24792006611824,1.00901484489441,109.775489807129,15.5088405609131,0.345641225576401,26.6882705688477,2.86584520339966,0.259746551513672,1,24.3675785064697,"train",3349,2,1
"2350",0,1,22.4933223724365,1100210,533390,"2014_2019",1.69849860668182,0.08404740691185,0.240443214774132,0.0214035678654909,112.551338195801,17.6529712677002,0.511440455913544,24.6690406799316,12.2037706375122,-0.238775253295898,1,22.4933223724365,"train",3350,3,1
"2351",0,1,-1.35988855361938,1083710,511390,"2014_2019",1.52691376209259,0.110125429928303,0.0707406401634216,0.198249831795692,112.812522888184,17.2792491912842,0.261370062828064,27.2293357849121,0.299231141805649,0.000368833541870117,1,-1.35988855361938,"train",3351,3,1
"2352",0,1,35.7187614440918,1157210,460890,"2014_2019",1.62822997570038,0.0749549716711044,0.156226471066475,0.033498976379633,113.730781555176,18.9550132751465,0.867874681949615,23.1283473968506,4.27665710449219,0.327785491943359,1,35.7187614440918,"train",3352,3,1
"2353",0,1,4.690269947052,1091710,567390,"2014_2019",1.53401958942413,0.10410238057375,0.141599580645561,0.020649578422308,111.36693572998,20.5798263549805,0.121859155595303,21.5506114959717,6.40581941604614,-0.0243659019470215,1,4.690269947052,"train",3355,3,1
"2354",0,1,15.8782529830933,1063210,552890,"2014_2019",1.48630487918854,0.0895720422267914,0.333095967769623,0.0699566751718521,109.332275390625,16.5070037841797,0.286934226751328,25.099006652832,1.48409843444824,-0.0501565933227539,1,15.8782529830933,"train",3356,3,1
"2355",0,1,0.563745319843292,1085210,500390,"2014_2019",1.67857658863068,0.0634103640913963,0.0765669941902161,0.0615100115537643,112.955276489258,19.001106262207,0.167938113212585,26.5309257507324,4.73883056640625,-0.192021727561951,1,0.563745319843292,"train",3357,3,1
"2356",0,1,20.2922687530518,1162710,447890,"2014_2019",1.36380517482758,0.107145182788372,0.0993169769644737,0.200945928692818,114.23681640625,18.521900177002,0.865422189235687,24.5922393798828,4.50564432144165,-0.245351791381836,1,20.2922687530518,"train",3358,3,1
"2357",0,1,21.6873970031738,1100710,523390,"2014_2019",1.87028062343597,0.0650731474161148,0.181267932057381,0.016973489895463,111.032806396484,16.6553058624268,0.46133103966713,26.7874851226807,24.5231609344482,0.0337810516357422,1,21.6873970031738,"train",3359,1,1
"2358",0,1,26.2385406494141,1164710,443890,"2014_2019",1.41684341430664,0.0768831521272659,0.141037136316299,0.0649499669671059,115.529396057129,18.7565746307373,0.80219042301178,24.4282779693604,4.36619567871094,0.30897331237793,1,26.2385406494141,"train",3360,3,1
"2359",0,1,4.4322509765625,1180210,436890,"2014_2019",1.77178943157196,0.366113215684891,0.417642921209335,1.29926633834839,116.433181762695,16.6509590148926,1.32034516334534,25.3292694091797,2.79685926437378,0.112908363342285,1,4.4322509765625,"train",3361,4,1
"2360",0,1,17.7567081451416,1052710,589390,"2014_2019",1.52293038368225,1.57137084007263,0.781898558139801,14.0638198852539,112.054077148438,11.9161128997803,0.540150821208954,28.298698425293,16.6089992523193,0.152782440185547,1,17.7567081451416,"train",3362,2,1
"2361",0,1,14.6260738372803,1190710,428890,"2014_2019",1.71013784408569,0.835513651371002,0.549979984760284,3.81500554084778,117.978950500488,15.4718437194824,1.73945665359497,25.8491725921631,6.22087287902832,-0.176106452941895,1,14.6260738372803,"train",3363,4,1
"2362",0,1,2.83126854896545,1069710,563890,"2014_2019",1.58712482452393,0.0768072456121445,0.0919942557811737,0.0287101492285728,109.794509887695,16.69797706604,0.250677078962326,26.4686889648438,4.53576421737671,-0.0182623863220215,1,2.83126854896545,"train",3365,3,1
"2363",0,1,0.986539006233215,1085710,584390,"2014_2019",1.33793759346008,0.0804719030857086,0.107239112257957,0.0214287433773279,111.286560058594,20.0054950714111,0.0510554239153862,18.1477680206299,8.7224006652832,-0.659589052200317,1,0.986539006233215,"train",3368,3,1
"2364",0,1,39.2457618713379,1090710,584390,"2014_2019",1.64952683448792,0.175777480006218,0.0609998032450676,0.00535241700708866,113.447860717773,21.6806640625,0.0095096044242382,22.4927349090576,27.7594509124756,0.387947082519531,1,39.2457618713379,"train",3369,1,1
"2365",0,1,-1.05689990520477,1099210,499890,"2014_2019",1.56279182434082,0.0631590560078621,0.142123654484749,0.0537986718118191,115.459617614746,17.9946956634521,0.299868017435074,26.9049510955811,0.412444055080414,0.00123202800750732,1,-1.05689990520477,"train",3371,3,1
"2366",0,1,10.6959209442139,1095210,537390,"2014_2019",1.70156371593475,0.0803640484809875,0.282475501298904,0.0315390862524509,112.735450744629,17.2468910217285,0.494268894195557,25.3190937042236,6.5954384803772,-0.0987005233764648,1,10.6959209442139,"train",3372,3,1
"2367",0,1,0.087677076458931,1084710,555890,"2014_2019",1.71352112293243,0.090973861515522,0.26907816529274,0.0457575172185898,112.431793212891,17.0233879089355,0.420512974262238,25.1576824188232,3.67384696006775,-0.167072758078575,1,0.087677076458931,"train",3373,3,1
"2368",0,1,13.7825689315796,1093210,505890,"2014_2019",1.56348967552185,0.0747653245925903,0.123711965978146,0.0843849703669548,113.165985107422,17.4750671386719,0.270996361970901,27.0878868103027,0.430310726165771,-0.000368118286132812,1,13.7825689315796,"train",3375,3,1
"2369",0,1,-1.55293810367584,1182710,441390,"2014_2019",1.44056725502014,0.133092045783997,0.161603271961212,0.218339800834656,116.972465515137,17.9574928283691,2.88933444023132,21.8070411682129,6.78889036178589,-0.0363346338272095,1,-1.55293810367584,"train",3377,5,1
"2370",0,1,1.00016474723816,1087210,562390,"2014_2019",1.56762087345123,0.110370248556137,0.078519381582737,0.0647011771798134,112.150894165039,19.8918838500977,0.186199516057968,20.1243515014648,5.608971118927,0.00178074836730957,1,1.00016474723816,"train",3378,3,1
"2371",0,1,23.7043552398682,1197710,402890,"2014_2019",1.83063983917236,1.49842548370361,0.520326375961304,8.46467685699463,119.908004760742,13.3725271224976,1.55020391941071,28.0932102203369,2.38236021995544,0.106048583984375,1,23.7043552398682,"train",3379,4,1
"2372",0,1,2.83332848548889,1058210,565390,"2014_2019",1.35837626457214,0.0646550506353378,0.106342136859894,0.0308109112083912,109.479263305664,17.1225414276123,0.184023752808571,24.5945510864258,8.94676685333252,-0.00394630432128906,1,2.83332848548889,"train",3380,3,1
"2373",0,1,30.2158184051514,1193710,418390,"2014_2019",1.7165379524231,1.06968772411346,0.35200172662735,5.60620164871216,118.566818237305,14.9849643707275,1.59534335136414,26.5895957946777,1.10219979286194,0.0631370544433594,1,30.2158184051514,"train",3381,4,1
"2374",0,1,-1.95383334159851,1082210,513390,"2014_2019",1.48229908943176,0.0715548098087311,0.15567372739315,0.102712236344814,111.758010864258,17.691987991333,0.233256742358208,27.0399761199951,0.140159964561462,-0.00243484973907471,1,-1.95383334159851,"train",3382,3,1
"2375",0,1,9.81392192840576,1048210,595390,"2014_2019",1.08866500854492,0.818903028964996,0.056397583335638,8.0454740524292,105.596908569336,12.4690809249878,0.424305111169815,29.5995349884033,28.5913543701172,-1.97816753387451,1,9.81392192840576,"train",3384,2,1
"2376",0,1,21.0265712738037,1166210,373390,"2014_2019",1.57511186599731,1.73330986499786,0.380081176757812,12.7639875411987,117.133018493652,11.5802688598633,0.871509730815887,30.6228790283203,2.57041573524475,-0.0478286743164062,1,21.0265712738037,"train",3386,4,1
"2377",0,1,5.29881477355957,1192210,406390,"2014_2019",1.68898665904999,1.23956000804901,0.315679669380188,6.72597932815552,117.86100769043,14.3509817123413,1.52337682247162,27.509334564209,2.13016796112061,0.0229392051696777,1,5.29881477355957,"train",3387,4,1
"2378",0,1,1.694859623909,1090210,504390,"2014_2019",1.51049470901489,0.0864460915327072,0.177007123827934,0.162385478615761,112.894790649414,17.4997119903564,0.261523067951202,27.2328834533691,1.20718634128571,-0.00310492515563965,1,1.694859623909,"train",3389,3,1
"2379",0,1,2.00117611885071,1199210,476890,"2014_2019",1.47288310527802,0.590115666389465,0.19830010831356,1.32857310771942,117.251289367676,18.3905506134033,9.5834493637085,11.7396945953369,0.517019391059875,0.00493824481964111,1,2.00117611885071,"train",3390,5,1
"2380",0,1,-2.26619458198547,1118210,502390,"2014_2019",1.66246318817139,0.07708989828825,0.155421525239944,0.0243892353028059,112.738395690918,18.0948219299316,0.58184003829956,25.3687973022461,0.539782762527466,-0.0435678958892822,1,-2.26619458198547,"train",3393,3,1
"2381",0,1,15.8678207397461,1194710,400890,"2014_2019",1.7981504201889,1.35604012012482,0.659665048122406,7.50703191757202,118.700477600098,13.8401803970337,1.55315136909485,27.7823657989502,3.27722764015198,0.0419654846191406,1,15.8678207397461,"train",3395,4,1
"2382",0,1,18.7758350372314,1037710,601890,"2014_2019",1.26191544532776,1.44079220294952,0.197050169110298,12.4481544494629,107.845855712891,11.6402139663696,0.519417762756348,29.724630355835,5.62036275863647,0.21772575378418,1,18.7758350372314,"train",3397,2,1
"2383",0,1,-2.02234673500061,1065710,537390,"2014_2019",1.56946063041687,0.499748140573502,0.212485179305077,2.8278956413269,110.007301330566,14.4034719467163,0.42221400141716,27.496187210083,0.400961101055145,0.00159811973571777,1,-2.02234673500061,"train",3398,2,1
"2384",0,1,-5.49304962158203,1077210,568390,"2014_2019",1.53257787227631,0.0808119401335716,0.069248341023922,0.0122583815827966,110.08903503418,18.2647647857666,0.2095016092062,23.7223262786865,15.6949472427368,3.58462715148926,1,-5.49304962158203,"train",3399,3,1
"2385",0,1,17.2225723266602,1038210,603390,"2014_2019",1.25114178657532,1.0739883184433,0.187330633401871,9.73477840423584,105.823638916016,11.6267948150635,0.52926367521286,29.6013622283936,17.7658538818359,-0.0703754425048828,1,17.2225723266602,"train",3400,2,1
"2386",0,1,22.7379169464111,1082710,588890,"2014_2019",1.27395939826965,0.0680696368217468,0.173184126615524,0.025071294978261,113.224922180176,19.5775146484375,0.0595139339566231,16.3576850891113,14.8566341400146,0.0196571350097656,1,22.7379169464111,"train",3402,3,1
"2387",0,1,1.33766114711761,1083210,513390,"2014_2019",1.54828906059265,0.146619081497192,0.187485873699188,0.334792464971542,114.120132446289,16.9599094390869,0.286490499973297,27.226053237915,0.273996025323868,-0.00773954391479492,1,1.33766114711761,"train",3403,3,1
"2388",0,1,36.4809646606445,1198710,408890,"2014_2019",1.75813806056976,1.37829780578613,0.518875360488892,7.69011878967285,119.341552734375,13.7263231277466,1.65752375125885,27.5843944549561,12.562068939209,0.466327667236328,1,36.4809646606445,"train",3405,4,1
"2389",0,1,4.88314056396484,1084210,501890,"2014_2019",1.44953536987305,0.0516196675598621,0.0700751021504402,0.0213704276829958,112.524215698242,19.1136131286621,0.156780853867531,26.9054126739502,9.10351657867432,-0.0719728469848633,1,4.88314056396484,"train",3407,3,1
"2390",0,1,31.8124103546143,1084710,561890,"2014_2019",1.65155637264252,0.147328108549118,0.169504016637802,0.123127922415733,111.99739074707,19.1444644927979,0.267027735710144,19.4434280395508,16.8513736724854,-0.0408496856689453,1,31.8124103546143,"train",3408,3,1
"2391",0,1,5.81626653671265,1049710,567390,"2014_2019",1.40920090675354,1.47240734100342,0.438679039478302,16.8193378448486,110.508628845215,10.9596614837646,0.656530499458313,29.4383277893066,3.15910959243774,-0.0111088752746582,1,5.81626653671265,"train",3411,2,1
"2392",0,1,-3.98724007606506,1079710,562390,"2014_2019",1.61143803596497,0.080817885696888,0.403624564409256,0.0118497917428613,110.460174560547,18.6237964630127,0.227161183953285,23.4854183197021,13.715931892395,5.60068225860596,1,-3.98724007606506,"train",3413,3,1
"2393",0,1,27.5372982025146,1206710,426890,"2014_2019",1.35145282745361,0.223494648933411,0.308762639760971,0.606052458286285,117.924583435059,17.2791042327881,3.1305832862854,22.2806930541992,8.11287021636963,-0.0342235565185547,1,27.5372982025146,"train",3414,5,1
"2394",0,1,-2.16915273666382,1080710,522890,"2014_2019",1.32756054401398,0.248283818364143,0.109546594321728,0.994781374931335,114.404777526855,15.6432619094849,0.382745832204819,27.5889625549316,0.35830682516098,-0.000531435012817383,1,-2.16915273666382,"train",3415,2,1
"2395",0,1,3.09120440483093,1186210,439890,"2014_2019",1.401686668396,0.13456292450428,0.246644541621208,0.214287042617798,116.829376220703,18.027795791626,3.12491774559021,21.4103832244873,2.82822895050049,-0.0515604019165039,1,3.09120440483093,"train",3417,5,1
"2396",0,1,12.6035051345825,1148710,376890,"2014_2019",1.43224847316742,1.73709201812744,0.392826080322266,12.95374584198,112.022674560547,11.3489751815796,0.833884179592133,30.967170715332,0.395988494157791,-0.0626602172851562,1,12.6035051345825,"train",3418,2,1
"2397",0,1,35.7785911560059,1161210,465890,"2014_2019",1.53474152088165,0.0721703395247459,0.208781182765961,0.0333267077803612,114.465438842773,18.4642562866211,0.979005038738251,23.6831722259521,6.56885480880737,-0.000286102294921875,1,35.7785911560059,"train",3420,3,1
"2398",0,1,-1.14181339740753,1189710,424390,"2014_2019",1.72703039646149,0.834534883499146,0.321907699108124,4.07903671264648,117.622940063477,15.6219415664673,1.58053886890411,26.0375633239746,1.66352736949921,-0.0399785041809082,1,-1.14181339740753,"train",3423,4,1
"2399",0,1,25.0183696746826,1097710,516390,"2014_2019",1.71544349193573,0.06442541629076,0.264073550701141,0.0282829999923706,112.561859130859,17.1165904998779,0.376459002494812,26.7090854644775,1.00733113288879,-0.0175590515136719,1,25.0183696746826,"train",3426,3,1
"2400",0,1,26.3520774841309,1196210,411890,"2014_2019",1.75423669815063,1.22477519512177,0.551309466362,6.4594521522522,119.08895111084,14.4122467041016,1.63723635673523,27.0500946044922,4.53364515304565,-0.313369750976562,1,26.3520774841309,"train",3428,4,1
"2401",0,1,24.7474632263184,1141710,378390,"2014_2019",1.4682639837265,1.89023876190186,0.494799733161926,13.4142799377441,110.472267150879,11.4260549545288,0.812911629676819,30.9014110565186,0.28960707783699,-0.0431251525878906,1,24.7474632263184,"train",3429,2,1
"2402",0,1,2.73692584037781,1092210,499390,"2014_2019",1.55856025218964,0.0692953243851662,0.231299787759781,0.0932229533791542,112.397422790527,17.8316440582275,0.251761794090271,27.1004543304443,2.05381107330322,-0.0537109375,1,2.73692584037781,"train",3430,3,1
"2403",0,1,22.0469665527344,1096710,533890,"2014_2019",1.72638821601868,0.0775027647614479,0.217382907867432,0.0236817635595798,112.230964660645,17.4372444152832,0.446093559265137,25.4783458709717,13.7013254165649,0.177143096923828,1,22.0469665527344,"train",3431,3,1
"2404",0,1,31.3962516784668,1096710,541890,"2014_2019",1.73009645938873,0.0880940034985542,0.277753978967667,0.037908922880888,112.291687011719,17.4338550567627,0.49931588768959,24.7723960876465,6.36008501052856,0.0971775054931641,1,31.3962516784668,"train",3432,3,1
"2405",0,1,-0.523784279823303,1187210,420390,"2014_2019",1.18256711959839,0.422759085893631,0.0667070969939232,2.1782968044281,112.501365661621,16.5242214202881,1.12142443656921,26.8582038879395,2.27019309997559,0.0165778994560242,1,-0.523784279823303,"train",3433,2,1
"2406",0,1,24.8644866943359,1193210,412390,"2014_2019",1.77360963821411,1.1729474067688,0.536535739898682,6.00815105438232,118.826530456543,14.5076818466187,1.52839779853821,27.1582355499268,4.28025197982788,0.159917831420898,1,24.8644866943359,"train",3434,4,1
"2407",0,1,3.78811407089233,1079710,516390,"2014_2019",1.5471363067627,0.159475386142731,0.179025784134865,0.518324136734009,111.705833435059,16.8864269256592,0.290039569139481,27.1843280792236,1.0373283624649,-0.00704455375671387,1,3.78811407089233,"train",3435,3,1
"2408",0,1,-0.0762799754738808,1071710,554890,"2014_2019",1.63413047790527,0.089892290532589,0.259331077337265,0.0577946119010448,110.93497467041,17.461353302002,0.262942671775818,25.2793788909912,1.47372376918793,-0.0817214548587799,1,-0.0762799754738808,"train",3436,3,1
"2409",0,1,-5.04992055892944,1101710,501890,"2014_2019",1.66444516181946,0.0833335593342781,0.27899768948555,0.102074608206749,113.509841918945,17.0551261901855,0.304864972829819,27.1822967529297,1.63040006160736,0.0474405288696289,1,-5.04992055892944,"train",3437,3,1
"2410",0,1,31.549877166748,1046210,573390,"2014_2019",1.36214423179626,1.6121324300766,0.42219865322113,18.5505867004395,112.758491516113,10.9930276870728,0.591326355934143,29.6171016693115,14.4939832687378,-0.00801658630371094,1,31.549877166748,"train",3439,2,1
"2411",0,1,34.2367248535156,1063710,541890,"2014_2019",1.50995063781738,0.423203200101852,0.38160303235054,2.13399529457092,110.117385864258,14.4177484512329,0.421109318733215,27.3916530609131,3.88114476203918,0.0553627014160156,1,34.2367248535156,"train",3441,2,1
"2412",0,1,2.18293642997742,1095210,538890,"2014_2019",1.70891845226288,0.0772081092000008,0.213531106710434,0.029602037742734,112.28694152832,17.3519897460938,0.451982468366623,25.4152297973633,3.52888536453247,-0.0521883964538574,1,2.18293642997742,"train",3443,3,1
"2413",0,1,11.5402612686157,1061210,543390,"2014_2019",1.4224271774292,0.37404665350914,0.191324710845947,1.87292158603668,109.935089111328,15.1882781982422,0.360654085874557,27.0768737792969,1.12843406200409,-0.0205965042114258,1,11.5402612686157,"train",3447,2,1
"2414",0,1,21.0358810424805,1060710,595890,"2014_2019",1.28427076339722,0.827161014080048,0.180243477225304,9.98891544342041,113.815773010254,11.1495590209961,0.722555935382843,27.8993110656738,20.4622478485107,-0.315298080444336,1,21.0358810424805,"train",3448,2,1
"2415",0,1,21.6024188995361,1175210,451390,"2014_2019",1.52165234088898,0.133293554186821,0.251791596412659,0.151483491063118,116.691123962402,17.9920272827148,2.28682422637939,22.5694675445557,3.25163102149963,0.000867843627929688,1,21.6024188995361,"train",3449,3,1
"2416",0,1,4.05478620529175,1155710,466390,"2014_2019",1.52914035320282,0.0667821019887924,0.144096314907074,0.0223694983869791,115.612236022949,18.752908706665,0.951224327087402,23.409294128418,3.62874507904053,0.000524520874023438,1,4.05478620529175,"train",3450,3,1
"2417",0,1,-3.00764799118042,1089210,580390,"2014_2019",1.62101185321808,0.127721652388573,0.0899948179721832,0.00442683603614569,111.300888061523,20.6933498382568,0.0328605696558952,22.1012630462646,19.5576477050781,-1.27037584781647,1,-3.00764799118042,"train",3452,3,1
"2418",0,1,14.3967666625977,1083710,522390,"2014_2019",1.44652366638184,0.217510238289833,0.304353445768356,0.68299275636673,112.186470031738,15.752854347229,0.356935054063797,27.4000835418701,1.13043308258057,0.0662775039672852,1,14.3967666625977,"train",3453,2,1
"2419",0,1,14.1597213745117,1147210,377390,"2014_2019",1.4565601348877,1.83763945102692,0.398733705282211,13.7060241699219,111.519691467285,11.2271842956543,0.834709346294403,30.990816116333,0.653101444244385,-0.0331363677978516,1,14.1597213745117,"train",3454,2,1
"2420",0,1,13.9613771438599,1199210,379890,"2014_2019",1.62760591506958,1.89079785346985,0.451819956302643,14.4214382171631,121.625816345215,11.3059587478638,1.13992762565613,30.3250675201416,1.32968413829803,-0.0152301788330078,1,13.9613771438599,"train",3455,4,1
"2421",0,1,13.8760194778442,1151710,376390,"2014_2019",1.48346281051636,1.89247167110443,0.336142659187317,14.0621204376221,113.792404174805,11.3018484115601,0.838883638381958,30.9161434173584,3.68685865402222,-0.0274591445922852,1,13.8760194778442,"train",3456,2,1
"2422",0,1,18.988805770874,1173210,449390,"2014_2019",1.54158318042755,0.25464141368866,0.101712509989738,0.86855947971344,115.922134399414,17.2568416595459,1.34343075752258,24.6912460327148,5.92321920394897,0.0972919464111328,1,18.988805770874,"train",3457,3,1
"2423",0,1,24.4602546691895,1160210,374390,"2014_2019",1.58770775794983,1.92947137355804,0.342103272676468,14.2589645385742,114.615173339844,11.403811454773,0.871205508708954,30.7432613372803,1.55571186542511,-0.0504684448242188,1,24.4602546691895,"train",3459,2,1
"2424",0,1,1.88258266448975,1184710,440390,"2014_2019",1.41491067409515,0.134603261947632,0.246059030294418,0.225500553846359,117.115547180176,17.9291114807129,2.98304891586304,21.7048511505127,4.15970039367676,-0.0468916893005371,1,1.88258266448975,"train",3460,5,1
"2425",0,1,0.993944346904755,1175210,450390,"2014_2019",1.53260397911072,0.134334370493889,0.2586809694767,0.16785803437233,117.036483764648,17.9436912536621,2.11493563652039,22.8080101013184,1.97048580646515,-0.000109434127807617,1,0.993944346904755,"train",3461,3,1
"2426",0,1,-1.26775097846985,1103210,486390,"2014_2019",1.55189442634583,0.0687455087900162,0.0756800100207329,0.0293269418179989,114.624671936035,18.2392349243164,0.294453114271164,26.8377361297607,0.876592338085175,-0.0117912292480469,1,-1.26775097846985,"train",3462,3,1
"2427",0,1,14.7711944580078,1037710,592390,"2014_2019",1.1650230884552,1.56021022796631,0.783078968524933,19.2470321655273,111.909469604492,10.7798185348511,0.511777222156525,29.8881855010986,11.2139720916748,-0.388517379760742,1,14.7711944580078,"train",3463,2,1
"2428",0,1,-1.11000800132751,1120210,501890,"2014_2019",1.66417443752289,0.0721228644251823,0.125966235995293,0.0214746426790953,112.515884399414,18.2704963684082,0.540486693382263,25.3457813262939,8.77125644683838,0.613564729690552,1,-1.11000800132751,"train",3464,3,1
"2429",0,1,-7.23425531387329,1119210,498390,"2014_2019",1.63978493213654,0.0730562210083008,0.167437940835953,0.0235507469624281,111.648826599121,18.0712718963623,0.753343164920807,24.8348636627197,10.5920600891113,1.01190042495728,1,-7.23425531387329,"train",3465,3,1
"2430",0,1,-2.89447927474976,1201210,419890,"2014_2019",1.23477387428284,0.4197698533535,0.049109686166048,2.01708340644836,117.479423522949,15.2381687164307,1.57561469078064,27.3868007659912,0.406375110149384,-0.03017258644104,1,-2.89447927474976,"train",3466,2,1
"2431",0,1,-7.09925413131714,1187210,428890,"2014_2019",1.24824953079224,0.649217069149017,0.218869000673294,3.18477272987366,118.79679107666,16.2138271331787,1.56456410884857,26.1013584136963,17.9310092926025,0.886425018310547,1,-7.09925413131714,"train",3467,1,1
"2432",0,1,21.9659061431885,1190210,381890,"2014_2019",1.5692446231842,1.41491734981537,0.177189245820045,9.5120096206665,119.399536132812,12.3518915176392,1.00706827640533,30.1546363830566,5.49841213226318,0.226755142211914,1,21.9659061431885,"train",3468,4,1
"2433",0,1,-0.378225296735764,1200210,473890,"2014_2019",2.4556040763855,1.2779346704483,0.704841136932373,2.83453798294067,118.747627258301,17.7898998260498,17.0577201843262,6.35162782669067,0.760108590126038,-0.0152888298034668,1,-0.378225296735764,"train",3469,5,1
"2434",0,1,27.2603969573975,1057710,588390,"2014_2019",1.41011130809784,0.362061083316803,0.434886366128922,2.17866206169128,107.318664550781,14.2239627838135,0.388088762760162,23.5404987335205,4.76838254928589,0.0413398742675781,1,27.2603969573975,"train",3470,2,1
"2435",0,1,30.1459865570068,1171210,438890,"2014_2019",1.46468353271484,0.0671407282352448,0.158563241362572,0.0393218770623207,115.675582885742,18.9573402404785,0.791940450668335,24.4527912139893,8.36949729919434,-0.321603775024414,1,30.1459865570068,"train",3471,3,1
"2436",0,1,31.9646701812744,1092210,562390,"2014_2019",1.54468762874603,0.101468659937382,0.112582452595234,0.0249673463404179,111.031532287598,20.6513080596924,0.13943687081337,20.9520301818848,5.21251916885376,-2.81816673278809,1,31.9646701812744,"train",3472,3,1
"2437",0,1,27.6037330627441,1085210,581890,"2014_2019",1.37094116210938,0.0810356512665749,0.168054595589638,0.0154915237799287,108.931327819824,19.9591865539551,0.0503964833915234,18.9863548278809,18.9290370941162,0.115730285644531,1,27.6037330627441,"train",3473,3,1
"2438",0,1,13.3180599212646,1146710,377890,"2014_2019",1.44782674312592,1.8228520154953,0.29066875576973,13.5654582977295,111.375091552734,11.2560606002808,0.829021155834198,30.9953174591064,0.249663278460503,-0.005706787109375,1,13.3180599212646,"train",3474,2,1
"2439",0,1,4.71514272689819,1077210,572890,"2014_2019",1.50951457023621,0.0935944393277168,0.247065708041191,0.0168114919215441,109.672752380371,18.1574974060059,0.206920221447945,23.192569732666,37.8498649597168,-0.447503566741943,1,4.71514272689819,"train",3476,1,1
"2440",0,1,36.3213920593262,1211710,425390,"2014_2019",1.3276914358139,0.233834102749825,0.333347886800766,0.668234765529633,117.63240814209,17.2999649047852,3.11846971511841,22.2961692810059,6.31277418136597,0.0281639099121094,1,36.3213920593262,"train",3478,5,1
"2441",0,1,24.9112453460693,1082210,510390,"2014_2019",1.45868396759033,0.0513278916478157,0.106147557497025,0.0333190225064754,111.908317565918,18.3132858276367,0.194013550877571,26.9944744110107,3.0342230796814,-0.0779685974121094,1,24.9112453460693,"train",3479,3,1
"2442",0,1,0.83966052532196,1049210,580890,"2014_2019",0.870252668857574,0.153049662709236,0.0333994030952454,0.295673787593842,103.021697998047,15.0899629592896,0.192302599549294,29.5961971282959,5.09473514556885,0.0551121830940247,1,0.83966052532196,"train",3481,2,1
"2443",0,1,38.8371086120605,1054710,587890,"2014_2019",1.51421821117401,1.56603336334229,1.48039245605469,14.3867025375366,112.190864562988,11.7079601287842,0.550564289093018,28.4800491333008,6.93072843551636,1.10360336303711,1,38.8371086120605,"train",3482,4,1
"2444",0,1,18.9615383148193,1068710,576390,"2014_2019",1.32660138607025,0.119394965469837,0.426574409008026,0.108834691345692,109.857162475586,16.3932933807373,0.232558280229568,22.2850189208984,31.549144744873,0.165809631347656,1,18.9615383148193,"train",3484,1,1
"2445",0,1,3.51343178749084,1162710,448390,"2014_2019",1.36793673038483,0.111534737050533,0.115871965885162,0.221990466117859,114.395225524902,18.464282989502,0.874022483825684,24.6077461242676,3.57817244529724,0.0434889793395996,1,3.51343178749084,"train",3485,3,1
"2446",0,1,15.9638595581055,1109210,531890,"2014_2019",1.62834465503693,0.0817633122205734,0.149861365556717,0.0288559813052416,113.146514892578,18.1221046447754,0.629991590976715,23.296932220459,8.67238330841064,-0.352495193481445,1,15.9638595581055,"train",3486,3,1
"2447",0,1,-1.20871388912201,1083210,511890,"2014_2019",1.47604930400848,0.0768361911177635,0.179791986942291,0.0937728881835938,112.093826293945,17.709135055542,0.233461514115334,27.1141681671143,3.52768969535828,0.0251995325088501,1,-1.20871388912201,"train",3487,3,1
"2448",0,1,36.6420364379883,1067710,604390,"2014_2019",1.1981452703476,0.163475885987282,0.204591631889343,0.992834150791168,107.731132507324,16.0553894042969,0.246391028165817,17.0668601989746,37.0567207336426,-0.811733245849609,1,36.6420364379883,"train",3488,1,1
"2449",0,1,30.9142246246338,1192210,415390,"2014_2019",1.68770790100098,0.915343225002289,0.584628880023956,4.3954496383667,118.319976806641,15.1726961135864,1.4158216714859,26.772518157959,7.4537467956543,0.0348854064941406,1,30.9142246246338,"train",3490,4,1
"2450",0,1,-1.06016099452972,1204210,483890,"2014_2019",1.13523030281067,0.382552027702332,0.164926677942276,0.916194975376129,114.684066772461,19.30051612854,2.55564594268799,10.633415222168,8.74929237365723,0.00686109066009521,1,-1.06016099452972,"train",3491,5,1
"2451",0,1,-2.45964431762695,1180210,413890,"2014_2019",1.89046454429626,1.01948404312134,0.24639904499054,5.1627082824707,116.624977111816,15.0841073989868,1.22975718975067,26.9563102722168,1.78447997570038,-0.00215244293212891,1,-2.45964431762695,"train",3492,4,1
"2452",0,1,3.25587105751038,1098710,538390,"2014_2019",1.70227587223053,0.081164613366127,0.20241080224514,0.023914298042655,112.706237792969,17.6136665344238,0.530964136123657,24.4460773468018,1.83139359951019,0.165489673614502,1,3.25587105751038,"train",3493,3,1
"2453",0,1,9.97104263305664,1118710,509390,"2014_2019",1.65514981746674,0.0597728230059147,0.111555837094784,0.0105085438117385,112.272819519043,18.2637977600098,0.586929738521576,25.1398544311523,8.05369091033936,0.0327444076538086,1,9.97104263305664,"train",3496,3,1
"2454",0,1,-0.8719562292099,1058210,564890,"2014_2019",1.35840535163879,0.0650818422436714,0.0992299169301987,0.0314544066786766,109.429527282715,17.1391410827637,0.183252200484276,24.5679569244385,2.23621582984924,-0.00259333848953247,1,-0.8719562292099,"train",3497,3,1
"2455",0,1,1.57365655899048,1181210,436390,"2014_2019",1.79449379444122,0.450618177652359,0.403835654258728,1.72322082519531,117.297271728516,16.3357162475586,1.36842954158783,25.513599395752,5.0403733253479,-0.0326793193817139,1,1.57365655899048,"train",3498,4,1
"2456",0,1,-3.00764799118042,1124210,480390,"2014_2019",1.90055751800537,0.0901405960321426,0.209600284695625,0.0513737685978413,113.26293182373,18.354736328125,0.527128219604492,25.0716571807861,0.972990691661835,0,1,-3.00764799118042,"train",3500,3,1
"2457",0,1,22.2101573944092,1186710,435390,"2014_2019",1.69210696220398,0.723081111907959,0.381976842880249,3.29541707038879,117.370903015137,15.8829536437988,1.50799858570099,25.8556232452393,9.86059474945068,-0.308753967285156,1,22.2101573944092,"train",3506,4,1
"2458",0,1,-1.1272588968277,1048210,592890,"2014_2019",0.899933159351349,0.135615959763527,0.0330325700342655,0.181614473462105,103.515731811523,14.1943941116333,0.229657784104347,29.6059150695801,11.822732925415,0.0810511112213135,1,-1.1272588968277,"train",3507,2,1
"2459",0,1,39.3667144775391,1199710,410890,"2014_2019",1.74319279193878,1.36303377151489,0.599413156509399,7.57390356063843,119.331253051758,13.7222948074341,1.73459458351135,27.4759216308594,8.41985988616943,-0.0944442749023438,1,39.3667144775391,"train",3508,4,1
"2460",0,1,2.59698009490967,1085710,568890,"2014_2019",1.53542530536652,0.0936531350016594,0.165430501103401,0.00751521997153759,112.63932800293,20.123161315918,0.0861505419015884,21.4243717193604,22.7131443023682,-0.865270376205444,1,2.59698009490967,"train",3510,1,1
"2461",0,1,11.0833835601807,1048710,564890,"2014_2019",1.43021988868713,1.49504292011261,0.553387463092804,17.3331279754639,111.007125854492,11.0322751998901,0.680439412593842,29.395378112793,6.67112827301025,0.0156574249267578,1,11.0833835601807,"train",3511,2,1
"2462",0,1,1.82586073875427,1104210,539390,"2014_2019",1.77221381664276,0.116355076432228,0.136035442352295,0.0690404698252678,112.295478820801,17.8457260131836,0.52396559715271,23.0701484680176,5.88525342941284,0.00483179092407227,1,1.82586073875427,"train",3512,3,1
"2463",0,1,16.0395050048828,1080210,573890,"2014_2019",1.56467127799988,0.0856176987290382,0.138697355985641,0.0123849352821708,110.143615722656,19.2532749176025,0.158810824155807,23.7202835083008,27.752082824707,-0.362188339233398,1,16.0395050048828,"train",3514,1,1
"2464",0,1,-1.6973785161972,1169210,442390,"2014_2019",1.40842461585999,0.067604199051857,0.121638871729374,0.0535671561956406,115.393600463867,18.8922386169434,0.749472618103027,24.6423988342285,0.809516429901123,-0.00461661815643311,1,-1.6973785161972,"train",3515,3,1
"2465",0,1,-0.991521120071411,1175710,375890,"2014_2019",1.64938223361969,1.58941853046417,0.140818685293198,12.2855215072632,118.152191162109,12.0912208557129,0.878615438938141,29.7258358001709,3.7153639793396,0.941864490509033,1,-0.991521120071411,"train",3517,4,1
"2466",0,1,14.4274454116821,1179210,438890,"2014_2019",1.75567853450775,0.332851201295853,0.538116812705994,1.09536647796631,117.045013427734,16.5282592773438,1.35161566734314,25.2978801727295,1.70878612995148,-1.90985774993896,1,14.4274454116821,"train",3518,4,1
"2467",0,1,-3.00764799118042,1131210,499390,"2014_2019",1.56013309955597,0.0709581077098846,0.220782965421677,0.0221567023545504,114.574645996094,18.8993606567383,0.896489262580872,23.0598049163818,2.04335737228394,-0.229410409927368,1,-3.00764799118042,"train",3519,3,1
"2468",0,1,3.89380025863647,1081710,516390,"2014_2019",1.52459037303925,0.162404075264931,0.221112668514252,0.51374489068985,111.975715637207,16.7290916442871,0.29145535826683,27.2229118347168,0.931521952152252,-0.0448966026306152,1,3.89380025863647,"train",3520,3,1
"2469",0,1,21.1723937988281,1195710,408390,"2014_2019",1.78072011470795,1.26963531970978,0.395004659891129,6.71084260940552,118.854423522949,14.2482929229736,1.58037257194519,27.2852897644043,4.67481565475464,-0.0527744293212891,1,21.1723937988281,"train",3524,4,1
"2470",0,1,3.59859371185303,1216710,424390,"2014_2019",1.45527696609497,0.314846187829971,1.097083568573,0.947905778884888,118.907440185547,16.3437271118164,2.92137765884399,23.5067367553711,2.37105321884155,0.00366473197937012,1,3.59859371185303,"train",3525,4,1
"2471",0,1,-2.69859266281128,1200210,477390,"2014_2019",1.34895396232605,0.502881705760956,0.202876523137093,1.14570212364197,117.605033874512,18.5341053009033,8.67229652404785,12.2098932266235,5.29671812057495,-0.00481271743774414,1,-2.69859266281128,"train",3526,5,1
"2472",0,1,34.2221527099609,1150210,376390,"2014_2019",1.46901404857635,1.82397663593292,0.370750367641449,13.5004167556763,113.191909790039,11.3866786956787,0.836849212646484,30.8942184448242,7.98285722732544,-0.0334968566894531,1,34.2221527099609,"train",3527,2,1
"2473",0,1,-3.00764799118042,1084210,579390,"2014_2019",1.42548775672913,0.0830581188201904,0.0858044102787971,0.0111016184091568,110.035186767578,19.68581199646,0.0524998642504215,20.3480262756348,21.1983337402344,-2.51478958129883,1,-3.00764799118042,"train",3531,3,1
"2474",0,1,1.50038301944733,1080710,523390,"2014_2019",1.34274852275848,0.262440353631973,0.11167024075985,1.07505810260773,114.246803283691,15.5384874343872,0.384783655405045,27.5983963012695,0.526063680648804,0.00317561626434326,1,1.50038301944733,"train",3533,2,1
"2475",0,1,15.5933856964111,1187710,415390,"2014_2019",1.65891849994659,0.748645722866058,0.390689969062805,3.4120557308197,116.275695800781,15.6498928070068,1.25426256656647,26.7507858276367,8.12402439117432,-0.0518522262573242,1,15.5933856964111,"train",3536,4,1
"2476",0,1,9.30375862121582,1057210,550890,"2014_2019",1.45990836620331,0.53761875629425,0.534485697746277,3.14462852478027,111.867584228516,13.1269607543945,0.551606774330139,27.8509845733643,2.55897164344788,0.0154266357421875,1,9.30375862121582,"train",3538,2,1
"2477",0,1,13.9520816802979,1055710,583890,"2014_2019",1.59072041511536,1.45760011672974,0.237547993659973,11.7529592514038,112.431625366211,12.2511472702026,0.539431154727936,28.2942714691162,5.42287826538086,-0.0422849655151367,1,13.9520816802979,"train",3539,2,1
"2478",0,1,37.2614974975586,1202210,387390,"2014_2019",1.75447106361389,1.60703086853027,0.560300886631012,9.1918773651123,120.028137207031,13.3245191574097,1.44500172138214,28.5015258789062,2.65565848350525,-0.0173149108886719,1,37.2614974975586,"train",3540,4,1
"2479",0,1,18.4243507385254,1084710,519390,"2014_2019",1.47911393642426,0.155511185526848,0.261909127235413,0.446758955717087,112.042388916016,16.262077331543,0.321099758148193,27.2646713256836,0.767882525920868,0.00461006164550781,1,18.4243507385254,"train",3541,3,1
"2480",0,1,-7.61383771896362,1116710,499890,"2014_2019",1.64313519001007,0.0699105635285378,0.268629372119904,0.0220513045787811,113.493125915527,18.0876121520996,0.670080065727234,25.1145038604736,5.79311895370483,-1.11343002319336,1,-7.61383771896362,"train",3542,3,1
"2481",0,1,17.1885604858398,1056210,598890,"2014_2019",1.16744160652161,1.25414776802063,1.09692800045013,22.2137908935547,112.112533569336,10.1497955322266,0.793006420135498,29.4517726898193,35.1137008666992,-1.82327461242676,1,17.1885604858398,"train",3543,1,1
"2482",0,1,5.21789407730103,1163210,463890,"2014_2019",1.55544817447662,0.0732411220669746,0.145613595843315,0.039917167276144,115.028945922852,18.337553024292,0.966291308403015,23.8550548553467,1.28261268138885,-0.00294780731201172,1,5.21789407730103,"train",3544,3,1
"2483",0,1,8.5780782699585,1161210,457890,"2014_2019",1.53217208385468,0.303908854722977,0.145087674260139,0.971520364284515,114.942733764648,17.6616592407227,1.21863532066345,24.5491123199463,3.72657155990601,0.493864059448242,1,8.5780782699585,"train",3547,3,1
"2484",0,1,27.9812870025635,1053210,589390,"2014_2019",1.52711999416351,1.57135760784149,0.850947678089142,14.0836725234985,111.972015380859,11.8935117721558,0.541754484176636,28.3077659606934,12.5723972320557,-0.269380569458008,1,27.9812870025635,"train",3549,2,1
"2485",0,1,11.0323257446289,1099210,542890,"2014_2019",1.93721044063568,0.154978409409523,0.197632372379303,0.0971154049038887,111.751289367676,17.3784942626953,0.555866718292236,23.2124404907227,7.52168846130371,-0.290192604064941,1,11.0323257446289,"train",3550,3,1
"2486",0,1,2.47861623764038,1180710,395890,"2014_2019",1.7999255657196,0.076362632215023,0.123827546834946,0.0411729291081429,111.021591186523,17.6460781097412,0.442103892564774,26.4406337738037,28.5440292358398,0.328926563262939,1,2.47861623764038,"train",3551,1,1
"2487",0,1,7.53072118759155,1126710,504390,"2014_2019",1.5810558795929,0.0762806907296181,0.217683762311935,0.0277392156422138,112.27018737793,18.6886539459229,0.735288739204407,23.9397106170654,9.62199306488037,0.0186481475830078,1,7.53072118759155,"train",3553,3,1
"2488",0,1,25.4777488708496,1098210,529890,"2014_2019",1.84693741798401,0.0756270736455917,0.0895049870014191,0.0241582188755274,111.77653503418,16.9477691650391,0.38938444852829,26.567174911499,9.08622455596924,0.0304946899414062,1,25.4777488708496,"train",3554,3,1
"2489",0,1,0.349836975336075,1125710,494890,"2014_2019",1.59269392490387,0.0689351707696915,0.200611308217049,0.0177760235965252,112.449256896973,18.4522304534912,0.913114905357361,23.8153133392334,22.8296680450439,1.16033411026001,1,0.349836975336075,"train",3556,1,1
"2490",0,1,19.8888778686523,1151210,376390,"2014_2019",1.48006439208984,1.87684905529022,0.340229272842407,13.8823699951172,113.539222717285,11.351318359375,0.83791971206665,30.8981914520264,5.03313255310059,-0.197704315185547,1,19.8888778686523,"train",3559,2,1
"2491",0,1,20.74342918396,1088210,575890,"2014_2019",1.47822964191437,0.0873733162879944,0.131043076515198,0.00620015524327755,112.837135314941,20.2104148864746,0.0543418824672699,20.8302669525146,26.0359916687012,-0.420974731445312,1,20.74342918396,"train",3560,1,1
"2492",0,1,-0.163119941949844,1196710,406890,"2014_2019",1.80224931240082,1.41584193706512,0.103120937943459,8.00562858581543,120.170722961426,13.7264099121094,1.61866092681885,27.6823387145996,3.05515098571777,0.0235791802406311,1,-0.163119941949844,"train",3562,4,1
"2493",0,1,22.0604228973389,1195710,435390,"2014_2019",1.38110756874084,0.194502100348473,0.486998051404953,0.360806375741959,116.955589294434,17.6990070343018,3.48189997673035,21.3890571594238,7.21152639389038,-0.0376567840576172,1,22.0604228973389,"train",3563,5,1
"2494",0,1,1.66305732727051,1201210,472890,"2014_2019",2.72612762451172,1.49088382720947,0.46292507648468,3.16210103034973,118.939964294434,17.7733383178711,18.6609992980957,4.51814556121826,2.48067450523376,-0.124585270881653,1,1.66305732727051,"train",3564,5,1
"2495",0,1,18.8510875701904,1165210,449390,"2014_2019",1.44014799594879,0.145035207271576,0.16717728972435,0.34664198756218,115.393203735352,18.1064624786377,0.998890817165375,24.5217914581299,9.06891441345215,0.340723037719727,1,18.8510875701904,"train",3565,3,1
"2496",0,1,37.5642700195312,1201210,379390,"2014_2019",1.65957260131836,1.90145766735077,0.708193421363831,14.1082944869995,121.641883850098,11.4331274032593,1.20268249511719,30.1062469482422,0.181701481342316,0.394020080566406,1,37.5642700195312,"train",3566,4,1
"2497",0,1,1.80113339424133,1198710,472890,"2014_2019",1.61609184741974,0.765959560871124,0.169241666793823,1.8223751783371,118.152450561523,18.3558769226074,10.5656309127808,11.0077266693115,0.26346218585968,0.00134992599487305,1,1.80113339424133,"train",3567,5,1
"2498",0,1,-2.85250210762024,1116210,510890,"2014_2019",1.68547892570496,0.0580967254936695,0.149042427539825,0.0104598291218281,112.234580993652,18.1011371612549,0.566891610622406,25.4269618988037,0.216340020298958,-0.00304031372070312,1,-2.85250210762024,"train",3569,3,1
"2499",0,1,-1.47933852672577,1186210,405390,"2014_2019",1.46802532672882,0.06602743268013,0.033301055431366,0.0194186344742775,115.97794342041,18.8468856811523,0.331602364778519,26.6117553710938,8.32548332214355,-0.111031889915466,1,-1.47933852672577,"train",3571,3,1
"2500",0,1,8.34055137634277,1083210,522390,"2014_2019",1.42316687107086,0.245684251189232,0.29764711856842,0.886469781398773,112.717811584473,15.6090679168701,0.371091574430466,27.4794788360596,0.333662033081055,0.0329866409301758,1,8.34055137634277,"train",3572,2,1
"2501",0,1,32.9050827026367,1088710,558890,"2014_2019",2.23339080810547,1.23121881484985,0.0387496426701546,1.91131412982941,112.716972351074,17.4141521453857,0.616034507751465,11.1345310211182,10.5805110931396,0.0509414672851562,1,32.9050827026367,"train",3573,3,1
"2502",0,1,9.42338180541992,1061210,552390,"2014_2019",1.5667370557785,0.134790539741516,0.465939521789551,0.237525001168251,109.832420349121,15.7532272338867,0.347174644470215,25.6151905059814,0.899879097938538,-0.0111179351806641,1,9.42338180541992,"train",3576,3,1
"2503",0,1,32.3291511535645,1092210,501890,"2014_2019",1.55811440944672,0.0716079548001289,0.225450396537781,0.094147078692913,112.537986755371,17.7634506225586,0.255403071641922,27.0871715545654,1.03825318813324,0.00107574462890625,1,32.3291511535645,"train",3578,3,1
"2504",0,1,33.5956535339355,1175710,442890,"2014_2019",1.66650331020355,0.327452838420868,0.385965645313263,1.18955075740814,116.532112121582,16.7103328704834,1.45939993858337,24.953161239624,3.33755588531494,-0.0633697509765625,1,33.5956535339355,"train",3580,3,1
"2505",0,1,2.48440957069397,1078210,514890,"2014_2019",1.74568045139313,0.0953900218009949,0.124022625386715,0.205098539590836,109.957557678223,17.7842712402344,0.2479048371315,26.3672332763672,4.50383520126343,-0.265739679336548,1,2.48440957069397,"train",3581,3,1
"2506",0,1,14.987286567688,1053710,559390,"2014_2019",1.76791965961456,1.34578776359558,1.1783082485199,12.8224601745605,112.718940734863,11.4247541427612,0.669911324977875,28.4128074645996,3.52723908424377,0.326347351074219,1,14.987286567688,"train",3582,4,1
"2507",0,1,24.7658576965332,1114710,524390,"2014_2019",1.63859820365906,0.0826373994350433,0.218086034059525,0.00981416087597609,114.210914611816,18.722749710083,0.529020845890045,23.5023956298828,13.2925300598145,1.29361534118652,1,24.7658576965332,"train",3583,3,1
"2508",0,1,24.8441829681396,1072710,576390,"2014_2019",1.37486171722412,0.0775620564818382,0.0909681245684624,0.0217235218733549,107.638511657715,17.4848861694336,0.166807934641838,23.6719360351562,28.1357975006104,-3.3762035369873,1,24.8441829681396,"train",3587,1,1
"2509",0,1,-2.86463212966919,1130210,521890,"2014_2019",1.4469541311264,0.0877222791314125,0.089250385761261,0.0152398487553,114.255218505859,19.3857097625732,0.630631804466248,21.8779048919678,3.68899917602539,-0.0324552059173584,1,-2.86463212966919,"train",3588,3,1
"2510",0,1,1.33034992218018,1174710,430390,"2014_2019",1.56325376033783,0.0619340501725674,0.113553747534752,0.0194542240351439,114.721336364746,19.2298164367676,0.715298354625702,24.0816631317139,3.91121673583984,-0.221701979637146,1,1.33034992218018,"train",3589,3,1
"2511",0,1,17.8585472106934,1092710,506390,"2014_2019",1.56415045261383,0.0738783851265907,0.151042073965073,0.0742311775684357,112.809562683105,17.4746837615967,0.270437330007553,27.0792407989502,1.37210059165955,-0.0288505554199219,1,17.8585472106934,"train",3590,3,1
"2512",0,1,35.575496673584,1200210,409890,"2014_2019",1.74846863746643,1.41306126117706,0.741779148578644,7.96456050872803,119.543533325195,13.5278749465942,1.71148955821991,27.6575622558594,1.50705134868622,0.0185394287109375,1,35.575496673584,"train",3591,4,1
"2513",0,1,11.4615135192871,1058710,548390,"2014_2019",1.43595099449158,0.383830457925797,0.334236413240433,1.85394108295441,110.750900268555,14.6478586196899,0.420719504356384,27.101261138916,1.1352641582489,-0.0138130187988281,1,11.4615135192871,"train",3592,2,1
"2514",0,1,1.06918215751648,1116210,529390,"2014_2019",1.71001410484314,0.11740805208683,0.177005112171173,0.0682429671287537,114.579727172852,18.4108924865723,0.652396261692047,22.2461547851562,1.64948534965515,0.0113677978515625,1,1.06918215751648,"train",3595,3,1
"2515",0,1,28.8516216278076,1079210,587890,"2014_2019",1.25844693183899,0.0748385787010193,0.17484775185585,0.0298838578164577,111.814582824707,19.5288314819336,0.0521744936704636,17.9473762512207,38.0673828125,-0.181913375854492,1,28.8516216278076,"train",3598,1,1
"2516",0,1,-2.71419835090637,1113210,483390,"2014_2019",1.6416482925415,0.0554540157318115,0.117414809763432,0.00798843707889318,112.75016784668,18.563289642334,0.316370815038681,26.1896934509277,3.5950653553009,-0.00154757499694824,1,-2.71419835090637,"train",3599,3,1
"2517",0,1,1.38769042491913,1180710,413390,"2014_2019",1.87017893791199,1.00597560405731,0.251686632633209,5.0522985458374,116.880744934082,15.1328353881836,1.22056114673615,26.9606018066406,0.455299973487854,-0.0045316219329834,1,1.38769042491913,"train",3601,4,1
"2518",0,1,3.74231266975403,1071210,556890,"2014_2019",1.62884092330933,0.0857830718159676,0.13800710439682,0.053412739187479,110.394638061523,17.2042713165283,0.25364089012146,25.7902812957764,1.88641619682312,-0.014981746673584,1,3.74231266975403,"train",3602,3,1
"2519",0,1,2.3501877784729,1102710,486890,"2014_2019",1.57108283042908,0.071277804672718,0.0687086209654808,0.0361659154295921,113.138641357422,18.1396503448486,0.293315023183823,26.8495063781738,1.49607026576996,0.00845098495483398,1,2.3501877784729,"train",3604,3,1
"2520",0,1,18.1360664367676,1194210,380390,"2014_2019",1.62786507606506,1.83249878883362,0.285137623548508,13.2390413284302,119.889190673828,11.820255279541,1.0951646566391,30.1884860992432,0.818294167518616,-0.0521659851074219,1,18.1360664367676,"train",3606,4,1
"2521",0,1,-3.00764799118042,1044710,571890,"2014_2019",1.36959111690521,1.58544850349426,1.15865051746368,18.5392036437988,110.760147094727,10.913966178894,0.610748648643494,29.5956192016602,6.32750272750854,0.521028518676758,1,-3.00764799118042,"train",3608,2,1
"2522",0,1,14.0051546096802,1164210,457890,"2014_2019",1.61048400402069,0.336121439933777,0.216749042272568,1.08440983295441,115.356307983398,17.3443012237549,1.27492451667786,24.6309432983398,5.59766340255737,-0.494283676147461,1,14.0051546096802,"train",3609,3,1
"2523",0,1,-0.299544274806976,1200210,477890,"2014_2019",1.31326270103455,0.473622709512711,0.189214557409286,1.08403825759888,116.801872253418,18.5731735229492,8.42482471466064,12.3154458999634,0.226881608366966,-0.0103182792663574,1,-0.299544274806976,"train",3610,5,1
"2524",0,1,8.35636234283447,1190710,418390,"2014_2019",1.5768723487854,0.942295491695404,0.147791355848312,5.00818586349487,116.802490234375,15.3356256484985,1.3996387720108,26.7252368927002,2.52898907661438,-0.0667266845703125,1,8.35636234283447,"train",3611,3,1
"2525",0,1,38.6513671875,1185710,404890,"2014_2019",1.46128833293915,0.0660566985607147,0.0825619772076607,0.0161953754723072,116.163047790527,18.8000907897949,0.357331842184067,26.5975933074951,6.80381727218628,-0.139171600341797,1,38.6513671875,"train",3613,3,1
"2526",0,1,3.96372509002686,1067710,536390,"2014_2019",1.49863791465759,0.457748264074326,0.190623313188553,2.57040977478027,111.710037231445,14.5774583816528,0.416567265987396,27.5521793365479,2.44562292098999,-0.0329382419586182,1,3.96372509002686,"train",3614,2,1
"2527",0,1,-7.75270700454712,1188210,382390,"2014_2019",1.45551085472107,1.04580700397491,0.134152442216873,6.78109169006348,117.389511108398,12.8918266296387,0.945736050605774,30.1878299713135,0.730541586875916,-1.4584789276123,1,-7.75270700454712,"train",3616,2,1
"2528",0,1,12.7796211242676,1071210,550390,"2014_2019",1.57407104969025,0.0990249738097191,0.264891892671585,0.0747440755367279,110.301483154297,17.041332244873,0.296285599470139,25.7922420501709,0.620504021644592,-0.0286188125610352,1,12.7796211242676,"train",3617,3,1
"2529",0,1,29.2161407470703,1105710,534390,"2014_2019",1.61763763427734,0.0833932459354401,0.240685746073723,0.0281959213316441,112.14306640625,18.2096939086914,0.564281642436981,23.4197444915771,12.0917329788208,-0.337884902954102,1,29.2161407470703,"train",3619,3,1
"2530",0,1,29.8378868103027,1169210,441890,"2014_2019",1.39852142333984,0.0667418017983437,0.123482890427113,0.0500435642898083,115.149116516113,18.9448223114014,0.728428304195404,24.6220836639404,12.6701803207397,0.0832920074462891,1,29.8378868103027,"train",3620,3,1
"2531",0,1,35.1100311279297,1188710,413890,"2014_2019",1.59995865821838,0.612662255764008,0.35894837975502,2.51090502738953,117.064445495605,15.7499809265137,1.17279255390167,26.8097858428955,7.69070911407471,0.319553375244141,1,35.1100311279297,"train",3621,4,1
"2532",0,1,14.4410934448242,1077210,554390,"2014_2019",1.6474027633667,0.0860270261764526,0.13713812828064,0.0281433146446943,112.051856994629,18.3861446380615,0.233277812600136,24.1152439117432,5.54592895507812,-0.285338401794434,1,14.4410934448242,"train",3622,3,1
"2533",0,1,0.717353463172913,1200210,478390,"2014_2019",1.29879629611969,0.438095778226852,0.201445862650871,0.999276399612427,116.216262817383,18.5837783813477,8.32310581207275,12.2638387680054,0.191966161131859,-0.0206093788146973,1,0.717353463172913,"train",3624,5,1
"2534",0,1,11.1287431716919,1198210,402890,"2014_2019",1.82780373096466,1.55431151390076,0.280561506748199,8.92834377288818,120.402923583984,13.2855548858643,1.56522142887115,28.1894302368164,2.04634690284729,0.0292491912841797,1,11.1287431716919,"train",3625,4,1
"2535",0,1,0.645886182785034,1188710,438390,"2014_2019",1.38317167758942,0.142189219594002,0.220981508493423,0.242156341671944,117.172134399414,18.0096759796143,3.20536684989929,21.3228588104248,4.54071044921875,-0.038348376750946,1,0.645886182785034,"train",3626,5,1
"2536",0,1,4.99258041381836,1070710,570890,"2014_2019",1.38780784606934,0.0918998047709465,0.103520125150681,0.0317255780100822,108.142295837402,17.2894039154053,0.190537825226784,23.5840587615967,11.3360786437988,0.676054000854492,1,4.99258041381836,"train",3628,3,1
"2537",0,1,38.4803314208984,1182710,438890,"2014_2019",1.73228907585144,0.663827419281006,0.350272297859192,2.91796112060547,117.472206115723,15.8875589370728,1.45519948005676,25.868616104126,9.97627925872803,-0.701194763183594,1,38.4803314208984,"train",3631,4,1
"2538",0,1,19.5167427062988,1051210,562890,"2014_2019",1.46882724761963,1.47900295257568,1.07878530025482,16.8088340759277,112.542098999023,11.0053701400757,0.67557680606842,29.3095531463623,5.31386518478394,-0.315860748291016,1,19.5167427062988,"train",3632,2,1
"2539",0,1,1.75279867649078,1176210,438890,"2014_2019",1.52311480045319,0.0723253190517426,0.191473692655563,0.0516528896987438,116.322235107422,18.2164154052734,1.03922641277313,24.427267074585,7.37508010864258,-0.0406827926635742,1,1.75279867649078,"train",3633,3,1
"2540",0,1,17.8986721038818,1046210,593390,"2014_2019",1.18395113945007,1.15319550037384,0.0887794271111488,12.8764533996582,109.787872314453,11.6479911804199,0.519559621810913,29.5911502838135,15.7687349319458,-0.241844177246094,1,17.8986721038818,"train",3634,2,1
"2541",0,1,22.7813415527344,1052710,561390,"2014_2019",1.6048401594162,1.35032141208649,1.16350889205933,13.7212219238281,112.477798461914,11.2518339157104,0.662975609302521,28.905574798584,3.52287530899048,-0.0291290283203125,1,22.7813415527344,"train",3635,4,1
"2542",0,1,21.442497253418,1181710,437890,"2014_2019",1.75634837150574,0.493000954389572,0.36349818110466,1.95391488075256,117.783515930176,16.3191223144531,1.37657999992371,25.5397663116455,2.19761061668396,0.568828582763672,1,21.442497253418,"train",3636,4,1
"2543",0,1,39.9236297607422,1202210,387890,"2014_2019",1.75066363811493,1.6201069355011,0.545121014118195,9.33254337310791,120.103309631348,13.2919864654541,1.43935227394104,28.5210742950439,0.438816845417023,0.298564910888672,1,39.9236297607422,"train",3637,4,1
"2544",0,1,10.6084899902344,1084210,557890,"2014_2019",1.72078108787537,0.0971984341740608,0.142761632800102,0.0507235527038574,111.982467651367,16.9747161865234,0.398743271827698,25.1497020721436,10.2139368057251,-0.0127639770507812,1,10.6084899902344,"train",3638,3,1
"2545",0,1,10.9633913040161,1167710,446890,"2014_2019",1.37748491764069,0.10693047940731,0.143080919981003,0.180365890264511,114.996635437012,18.2490692138672,0.934482872486115,24.6276416778564,2.6378436088562,0.498291015625,1,10.9633913040161,"train",3639,3,1
"2546",0,1,5.47599315643311,1070210,564890,"2014_2019",1.58761632442474,0.0771470293402672,0.0730277523398399,0.0282466690987349,110.170379638672,16.6855030059814,0.250550866127014,26.4680671691895,4.5984959602356,0.115647792816162,1,5.47599315643311,"train",3640,3,1
"2547",0,1,7.32064819335938,1075210,528390,"2014_2019",1.45481431484222,0.307579010725021,0.243102595210075,1.34112143516541,111.605049133301,14.8348846435547,0.397510796785355,27.5828342437744,1.81601011753082,-0.0381064414978027,1,7.32064819335938,"train",3643,2,1
"2548",0,1,10.6887645721436,1077710,560390,"2014_2019",1.613116979599,0.0841874405741692,0.187828108668327,0.02562509290874,110.264259338379,18.1552753448486,0.252679109573364,24.3031444549561,8.69880294799805,-0.0984115600585938,1,10.6887645721436,"train",3644,3,1
"2549",0,1,28.8628463745117,1059710,597890,"2014_2019",1.20508325099945,1.12123417854309,0.493387967348099,16.6766128540039,114.059478759766,10.5369749069214,0.768699705600739,28.8232192993164,9.63500785827637,1.21487808227539,1,28.8628463745117,"train",3645,2,1
"2550",0,1,8.4814977645874,1086210,585390,"2014_2019",1.31752777099609,0.0791477560997009,0.164632633328438,0.0236082151532173,112.674995422363,20.0269165039062,0.0521625503897667,17.5858840942383,23.6198787689209,0.142889976501465,1,8.4814977645874,"train",3646,1,1
"2551",0,1,8.24081516265869,1055710,555890,"2014_2019",1.48651242256165,0.910965085029602,2.13656568527222,6.80366039276123,111.589050292969,12.0086507797241,0.622114062309265,28.5141429901123,0.370817750692368,-8.0108642578125e-05,1,8.24081516265869,"train",3647,4,1
"2552",0,1,32.6339797973633,1116210,498890,"2014_2019",1.64871680736542,0.064635343849659,0.281055152416229,0.0159354545176029,113.074089050293,18.0826606750488,0.628651320934296,25.3591957092285,8.49440002441406,-0.00250244140625,1,32.6339797973633,"train",3648,3,1
"2553",0,1,22.8514137268066,1166710,438390,"2014_2019",1.478187084198,0.0638572946190834,0.126006424427032,0.0189361907541752,114.565589904785,19.4263458251953,0.638396382331848,24.3221416473389,3.85049867630005,1.65350723266602,1,22.8514137268066,"train",3651,3,1
"2554",0,1,29.5163898468018,1200710,431890,"2014_2019",1.3669912815094,0.224381595849991,0.36942446231842,0.537410199642181,116.828514099121,17.5629119873047,3.33956003189087,21.7313804626465,7.78430271148682,-0.137992858886719,1,29.5163898468018,"train",3652,5,1
"2555",0,1,9.83162021636963,1087210,562890,"2014_2019",1.58101606369019,0.117944128811359,0.076082393527031,0.0561808720231056,112.214767456055,19.9408988952637,0.197191804647446,20.255241394043,12.6217193603516,-0.105425834655762,1,9.83162021636963,"train",3653,3,1
"2556",0,1,-1.13553369045258,1094210,504890,"2014_2019",1.51947867870331,0.0734991282224655,0.106806188821793,0.0874633118510246,114.566566467285,17.5679054260254,0.276521772146225,27.1197261810303,0.173895999789238,-0.00230693817138672,1,-1.13553369045258,"train",3655,3,1
"2557",0,1,0.956067681312561,1086710,562390,"2014_2019",1.59503495693207,0.127175524830818,0.0843227654695511,0.0802124217152596,112.336410522461,19.6967601776123,0.217135921120644,19.7739219665527,2.47413635253906,-0.0168243646621704,1,0.956067681312561,"train",3657,3,1
"2558",0,1,1.90033936500549,1207710,477890,"2014_2019",1.02302598953247,0.307181924581528,0.0651818364858627,0.547461092472076,114.247138977051,19.7539329528809,4.0286865234375,11.5446786880493,1.60418391227722,-0.0315148830413818,1,1.90033936500549,"train",3658,5,1
"2559",0,1,9.03501987457275,1188710,418390,"2014_2019",1.30563700199127,0.611491978168488,0.1300008893013,3.16513538360596,114.295288085938,16.0430011749268,1.22197043895721,26.6784000396729,6.46207237243652,0.0357151031494141,1,9.03501987457275,"train",3660,3,1
"2560",0,1,21.9030418395996,1129210,522390,"2014_2019",1.45129418373108,0.0902560576796532,0.107548095285892,0.0165095031261444,114.704154968262,19.2237854003906,0.648226737976074,21.8837738037109,6.00443887710571,-0.00361251831054688,1,21.9030418395996,"train",3661,3,1
"2561",0,1,20.644214630127,1140710,380390,"2014_2019",1.39803874492645,1.65289378166199,0.337295383214951,12.2303581237793,109.859489440918,11.4845123291016,0.801906883716583,31.0124263763428,1.76664090156555,0.0168743133544922,1,20.644214630127,"train",3664,2,1
"2562",0,1,32.0896759033203,1217710,424390,"2014_2019",1.48438167572021,0.390014588832855,1.20341372489929,1.22437179088593,119.065605163574,15.7126407623291,2.80566692352295,24.179759979248,7.6935863494873,-0.152179718017578,1,32.0896759033203,"train",3665,4,1
"2563",0,1,17.6600742340088,1175210,429890,"2014_2019",1.55874288082123,0.0616179369390011,0.131301462650299,0.017280662432313,114.510025024414,19.2696685791016,0.704461455345154,24.0985736846924,9.18968772888184,-0.131378173828125,1,17.6600742340088,"train",3666,3,1
"2564",0,1,33.0035171508789,1201210,389390,"2014_2019",1.75688636302948,1.61192345619202,0.472614407539368,9.21445369720459,119.676559448242,13.418514251709,1.45275151729584,28.4361209869385,3.8370897769928,-0.00705337524414062,1,33.0035171508789,"train",3667,4,1
"2565",0,1,-5.27794122695923,1174710,417890,"2014_2019",2.38365292549133,1.2299097776413,0.118011012673378,4.61936855316162,116.319137573242,15.3966722488403,1.18405258655548,24.2300758361816,6.14776182174683,0.895466804504395,1,-5.27794122695923,"train",3668,4,1
"2566",0,1,17.1089019775391,1193210,408390,"2014_2019",1.74905109405518,1.25873517990112,0.344913929700851,6.69822788238525,118.488502502441,14.4099531173706,1.50364828109741,27.3766193389893,1.37137269973755,-0.0245246887207031,1,17.1089019775391,"train",3669,4,1
"2567",0,1,30.2087745666504,1202710,403390,"2014_2019",1.7744448184967,1.50400698184967,0.802778661251068,8.75617504119873,119.983329772949,13.4453287124634,1.59504091739655,27.934591293335,12.8944139480591,-1.15891075134277,1,30.2087745666504,"train",3670,4,1
"2568",0,1,-1.05641400814056,1110710,525390,"2014_2019",1.66066431999207,0.0820038616657257,0.222804069519043,0.0104540083557367,113.101119995117,18.6390419006348,0.501002252101898,23.7772274017334,13.3915958404541,-0.401928544044495,1,-1.05641400814056,"train",3671,3,1
"2569",0,1,3.02584934234619,1116710,501890,"2014_2019",1.65337467193604,0.0707392543554306,0.264493644237518,0.0217769201844931,113.295692443848,18.0998878479004,0.616527616977692,25.2822456359863,3.1521360874176,-0.00927996635437012,1,3.02584934234619,"train",3673,3,1
"2570",0,1,25.8276062011719,1213710,382890,"2014_2019",1.6926087141037,1.88477408885956,0.722828030586243,12.9318704605103,121.365882873535,11.6890316009521,1.26310408115387,29.7639026641846,2.5228750705719,-0.130517959594727,1,25.8276062011719,"train",3675,4,1
"2571",0,1,35.0879211425781,1055710,586390,"2014_2019",1.53471720218658,1.48134112358093,0.53015661239624,13.1106100082397,113.227157592773,11.8282117843628,0.543846547603607,28.4702472686768,4.36068820953369,0.017181396484375,1,35.0879211425781,"train",3677,2,1
"2572",0,1,2.59472966194153,1038210,602390,"2014_2019",1.29304087162018,1.36943006515503,0.23062838613987,12.9524564743042,107.870964050293,11.272216796875,0.555721402168274,29.6799755096436,4.51708316802979,-0.00174736976623535,1,2.59472966194153,"train",3680,2,1
"2573",0,1,25.9348049163818,1192210,411890,"2014_2019",1.78717291355133,1.22040581703186,0.288738548755646,6.22803258895874,118.677757263184,14.4788360595703,1.49785661697388,27.2500324249268,1.79202377796173,0.0383987426757812,1,25.9348049163818,"train",3681,4,1
"2574",0,1,-2.73633193969727,1109710,531890,"2014_2019",1.63205981254578,0.0805149376392365,0.129255250096321,0.0288118589669466,112.854362487793,18.0863227844238,0.628055810928345,23.3727684020996,0.230576306581497,-0.0106196403503418,1,-2.73633193969727,"train",3683,3,1
"2575",0,1,28.6988182067871,1200210,411890,"2014_2019",1.73622918128967,1.33950805664062,0.666150987148285,7.39398908615112,119.537857055664,13.7259969711304,1.76476645469666,27.4215240478516,5.57106781005859,-0.00236129760742188,1,28.6988182067871,"train",3685,4,1
"2576",0,1,-8.18642234802246,1055710,582890,"2014_2019",1.61691641807556,1.50143551826477,0.195621028542519,12.0590200424194,111.299766540527,12.3188095092773,0.536270201206207,28.2553367614746,18.7561283111572,3.48399543762207,1,-8.18642234802246,"train",3686,1,1
"2577",0,1,37.8916969299316,1054710,602390,"2014_2019",1.17969357967377,1.30382597446442,0.6912522315979,21.6853084564209,109.738609313965,10.3488101959229,0.762535393238068,29.4276962280273,7.33510160446167,1.88484191894531,1,37.8916969299316,"train",3687,2,1
"2578",0,1,6.55822658538818,1072210,555390,"2014_2019",1.64000225067139,0.088823676109314,0.25711190700531,0.0555964708328247,111.369438171387,17.5069236755371,0.258756786584854,25.1962547302246,2.26739549636841,0.0152568817138672,1,6.55822658538818,"train",3688,3,1
"2579",0,1,23.6189765930176,1176710,434890,"2014_2019",1.4727087020874,0.0598206333816051,0.116608396172523,0.0179877895861864,114.207099914551,18.9310531616211,0.756220102310181,24.4073638916016,7.40293169021606,-0.182018280029297,1,23.6189765930176,"train",3689,3,1
"2580",0,1,32.4700202941895,1071210,534390,"2014_2019",1.46970999240875,0.293789803981781,0.27179953455925,1.10939741134644,110.887100219727,15.0718536376953,0.376987248659134,27.3534603118896,1.35299694538116,-0.05328369140625,1,32.4700202941895,"train",3690,2,1
"2581",0,1,8.48796081542969,1056210,587390,"2014_2019",1.48600172996521,0.990718245506287,0.593774199485779,9.42012214660645,112.169448852539,12.1827812194824,0.539969027042389,27.3427410125732,5.35982418060303,-0.00395584106445312,1,8.48796081542969,"train",3691,2,1
"2582",0,1,-4.60550594329834,1086210,562890,"2014_2019",1.62465989589691,0.141089737415314,0.0802087932825089,0.0716878995299339,112.363815307617,19.5720119476318,0.230343595147133,19.5816097259521,18.8804473876953,1.16082239151001,1,-4.60550594329834,"train",3692,3,1
"2583",0,1,22.5253353118896,1189710,416390,"2014_2019",1.62929272651672,0.850139200687408,0.314369589090347,4.14971590042114,117.358589172363,15.4805068969727,1.34628176689148,26.7090587615967,18.0262470245361,0.00531005859375,1,22.5253353118896,"train",3695,1,1
"2584",0,1,-2.5742712020874,1080210,561890,"2014_2019",1.61278426647186,0.0822714939713478,0.337541788816452,0.0135691380128264,110.800270080566,18.7126693725586,0.239519849419594,23.3388824462891,16.1892604827881,8.83555221557617,1,-2.5742712020874,"train",3696,3,1
"2585",0,1,27.7708320617676,1048710,565390,"2014_2019",1.42259061336517,1.48409914970398,0.600687026977539,17.0590476989746,111.347106933594,10.9551753997803,0.66496992111206,29.4143295288086,4.37740278244019,-0.0149288177490234,1,27.7708320617676,"train",3699,2,1
"2586",0,1,3.56342792510986,1054210,557890,"2014_2019",1.53889536857605,1.22367787361145,0.856585562229156,12.4381084442139,112.546058654785,11.4497365951538,0.674028396606445,28.832592010498,0.117093034088612,-0.185588359832764,1,3.56342792510986,"train",3700,2,1
"2587",0,1,28.5646553039551,1052710,588390,"2014_2019",1.491375207901,1.58123695850372,0.997745394706726,14.2550230026245,113.131034851074,11.835259437561,0.532665312290192,28.4260864257812,7.94520092010498,1.43571472167969,1,28.5646553039551,"train",3701,2,1
"2588",0,1,26.8443470001221,1090710,581890,"2014_2019",1.62923848628998,0.13332425057888,0.0707771629095078,0.00440732436254621,112.965965270996,21.181791305542,0.0284357126802206,21.8899402618408,31.4940700531006,-0.255575180053711,1,26.8443470001221,"train",3702,1,1
"2589",0,1,11.5876560211182,1055710,584890,"2014_2019",1.57724022865295,1.46029102802277,0.302696496248245,11.7851409912109,113.126037597656,12.2905826568604,0.538874387741089,28.2539024353027,6.61318111419678,0.197945594787598,1,11.5876560211182,"train",3703,2,1
"2590",0,1,10.5985746383667,1061210,552890,"2014_2019",1.54860818386078,0.122885815799236,0.46806013584137,0.208565875887871,110.38606262207,15.886625289917,0.332908153533936,25.4183177947998,0.709556996822357,0.000787734985351562,1,10.5985746383667,"train",3704,3,1
"2591",0,1,2.64783143997192,1131210,478390,"2014_2019",1.65663373470306,0.0567958317697048,0.154268324375153,0.00812770519405603,113.06371307373,18.4317226409912,0.662922263145447,24.9657306671143,3.91548728942871,-0.0114016532897949,1,2.64783143997192,"train",3705,3,1
"2592",0,1,3.47107982635498,1187210,398890,"2014_2019",1.55604612827301,0.0615167431533337,0.0473273433744907,0.00669359741732478,114.934791564941,19.0857677459717,0.275243103504181,26.5108489990234,5.77743053436279,-0.285803556442261,1,3.47107982635498,"train",3711,3,1
"2593",0,1,21.3504276275635,1043710,586390,"2014_2019",1.34880805015564,1.64771127700806,0.724772095680237,16.042179107666,110.634742736816,11.5058364868164,0.512113094329834,29.1299819946289,7.81974792480469,-0.013916015625,1,21.3504276275635,"train",3712,2,1
"2594",0,1,8.09752178192139,1217710,423890,"2014_2019",1.52040922641754,0.432901978492737,1.2687646150589,1.42166864871979,119.164497375488,15.4531326293945,2.67239952087402,24.5590362548828,6.95628643035889,-0.216806411743164,1,8.09752178192139,"train",3713,4,1
"2595",0,1,37.5834884643555,1090210,568390,"2014_2019",1.54132080078125,0.101339794695377,0.172275766730309,0.0183769129216671,112.99227142334,20.7104511260986,0.139767467975616,20.7105712890625,5.35207891464233,-0.135768890380859,1,37.5834884643555,"train",3714,3,1
"2596",0,1,36.091236114502,1198710,408390,"2014_2019",1.76854646205902,1.37994754314423,0.493978559970856,7.70567226409912,119.188743591309,13.7833375930786,1.64133679866791,27.5724639892578,17.2728805541992,-0.521137237548828,1,36.091236114502,"train",3718,4,1
"2597",0,1,-5.01652336120605,1185710,411890,"2014_2019",1.4759304523468,0.207699790596962,0.174742966890335,0.525700211524963,116.311645507812,17.0099449157715,0.796418368816376,26.6940460205078,15.9404077529907,1.94243574142456,1,-5.01652336120605,"train",3719,3,1
"2598",0,1,26.9115295410156,1098210,525390,"2014_2019",1.84769940376282,0.0663143545389175,0.191697165369987,0.0180095471441746,110.949600219727,16.9539031982422,0.425875872373581,26.5820274353027,9.86153888702393,-0.0331668853759766,1,26.9115295410156,"train",3721,3,1
"2599",0,1,-6.00764799118042,1194210,399890,"2014_2019",1.79547047615051,1.42345643043518,0.286483466625214,7.9597864151001,117.684623718262,13.7936153411865,1.56663119792938,27.8582820892334,0.512152135372162,-8.63075256347656e-05,1,-6.00764799118042,"train",3723,4,1
"2600",0,1,-3.00831842422485,1174210,443390,"2014_2019",1.6036901473999,0.250153094530106,0.332284301519394,0.832541406154633,116.389938354492,17.1209812164307,1.47219061851501,24.5912857055664,13.2573738098145,1.94542932510376,1,-3.00831842422485,"train",3724,1,1
"2601",0,1,-2.05375647544861,1063710,539390,"2014_2019",1.73836469650269,0.534505069255829,0.175840944051743,2.8642897605896,111.237846374512,14.8465547561646,0.427285432815552,26.7573337554932,0.497470557689667,-0.00157356262207031,1,-2.05375647544861,"train",3725,3,1
"2602",0,1,17.8065319061279,1085710,561390,"2014_2019",1.70968008041382,0.243654847145081,0.0930709913372993,0.319246649742126,111.745674133301,18.8083171844482,0.298904597759247,17.5169582366943,6.59990835189819,0.0873699188232422,1,17.8065319061279,"train",3729,3,1
"2603",0,1,27.7192325592041,1179210,445890,"2014_2019",1.46166145801544,0.128537341952324,0.253107964992523,0.184005558490753,116.811187744141,18.0109252929688,2.90493893623352,21.7585029602051,4.99478483200073,-0.0151996612548828,1,27.7192325592041,"train",3730,5,1
"2604",0,1,8.2808256149292,1116710,510390,"2014_2019",1.67174661159515,0.0577724799513817,0.206638798117638,0.0102469595149159,112.445869445801,18.1683025360107,0.57242751121521,25.326416015625,10.0653829574585,-0.000127792358398438,1,8.2808256149292,"train",3731,3,1
"2605",0,1,11.0154705047607,1083710,585890,"2014_2019",1.27907299995422,0.074132427573204,0.143308222293854,0.0250767078250647,113.881645202637,19.9117813110352,0.049705546349287,17.0216369628906,8.69869232177734,0.132598876953125,1,11.0154705047607,"train",3732,3,1
"2606",0,1,34.6573066711426,1200210,390390,"2014_2019",1.76322615146637,1.57550489902496,0.429734736680984,8.95780277252197,119.098991394043,13.519362449646,1.45553755760193,28.381160736084,4.60024118423462,0.171661376953125,1,34.6573066711426,"train",3733,4,1
"2607",0,1,5.69483184814453,1203710,471390,"2014_2019",3.25936222076416,2.38607335090637,0.615344941616058,3.62980818748474,119.204948425293,17.8031406402588,21.7416744232178,1.37915098667145,2.60551118850708,0.147140026092529,1,5.69483184814453,"train",3735,5,1
"2608",0,1,6.73316144943237,1079710,552390,"2014_2019",1.66207587718964,0.0904289111495018,0.330215871334076,0.0348481424152851,111.935600280762,18.2667427062988,0.239267632365227,24.1779689788818,4.15600252151489,-0.00101804733276367,1,6.73316144943237,"train",3736,3,1
"2609",0,1,12.586706161499,1143710,379890,"2014_2019",1.5646778345108,1.27542781829834,0.208886429667473,8.95169353485107,108.791580200195,12.0567111968994,0.804845929145813,30.752986907959,2.917893409729,0.0121784210205078,1,12.586706161499,"train",3739,2,1
"2610",0,1,10.1468124389648,1071710,549890,"2014_2019",1.58039975166321,0.100473009049892,0.263688445091248,0.0786412954330444,110.382293701172,16.9985370635986,0.301047533750534,25.8242607116699,2.97219729423523,-0.00122356414794922,1,10.1468124389648,"train",3741,3,1
"2611",0,1,7.48398971557617,1086210,540390,"2014_2019",1.64922332763672,0.0676590129733086,0.23557060956955,0.0290567651391029,111.862091064453,17.104549407959,0.374945282936096,26.0024223327637,0.330991744995117,-0.0402035713195801,1,7.48398971557617,"train",3743,3,1
"2612",0,1,18.2677688598633,1048210,582390,"2014_2019",0.82283741235733,0.169309258460999,0.0271343346685171,0.403756499290466,103.91104888916,14.1794662475586,0.232748031616211,29.6011199951172,9.94590377807617,-0.691411972045898,1,18.2677688598633,"train",3744,2,1
"2613",0,1,13.4389533996582,1082210,523890,"2014_2019",1.44521701335907,0.227889716625214,0.257091253995895,0.777935028076172,111.97144317627,15.5678005218506,0.358179897069931,27.4212245941162,3.05977654457092,-0.0783109664916992,1,13.4389533996582,"train",3745,2,1
"2614",0,1,36.8185424804688,1201210,431890,"2014_2019",1.35432696342468,0.215694740414619,0.370093792676926,0.498041301965714,116.923553466797,17.6311149597168,3.42465233802795,21.5501441955566,4.33900594711304,-0.007659912109375,1,36.8185424804688,"train",3749,5,1
"2615",0,1,29.4655342102051,1101710,499390,"2014_2019",1.66188752651215,0.0542507544159889,0.199416562914848,0.0242016408592463,112.985458374023,18.01780128479,0.309735208749771,26.6740398406982,1.58240020275116,-0.0162925720214844,1,29.4655342102051,"train",3750,3,1
"2616",0,1,-4.09466981887817,1174210,374890,"2014_2019",2.00912356376648,0.743062317371368,0.174836367368698,4.78124475479126,114.585624694824,14.1857528686523,0.655592322349548,27.3522262573242,20.9732913970947,3.90024137496948,1,-4.09466981887817,"train",3752,1,1
"2617",0,1,-9.54091167449951,1057710,569390,"2014_2019",1.40600383281708,0.0814235508441925,0.133779555559158,0.076531708240509,109.227119445801,16.4554901123047,0.229256972670555,25.4904823303223,11.0335941314697,-1.4086742401123,1,-9.54091167449951,"train",3755,3,1
"2618",0,1,38.3174934387207,1177710,447890,"2014_2019",1.62012898921967,0.152893915772438,0.340253055095673,0.208075076341629,117.179420471191,17.0068950653076,2.58733415603638,23.0357627868652,1.15727519989014,0.284675598144531,1,38.3174934387207,"train",3758,3,1
"2619",0,1,24.4073314666748,1203710,482890,"2014_2019",1.01352536678314,0.244517341256142,0.16299270093441,0.581748843193054,115.236167907715,19.576286315918,3.38939833641052,11.0974998474121,3.19296073913574,0.0116081237792969,1,24.4073314666748,"train",3759,5,1
"2620",0,1,-1.16709470748901,1093210,502890,"2014_2019",1.53092622756958,0.0749309435486794,0.13495346903801,0.104480370879173,115.571105957031,17.6648902893066,0.273927509784698,27.1630802154541,1.59944760799408,0.000541210174560547,1,-1.16709470748901,"train",3762,3,1
"2621",0,1,-2.80941128730774,1163210,443390,"2014_2019",1.43348598480225,0.0693973675370216,0.115508437156677,0.0328977815806866,114.559288024902,19.1723804473877,0.704172551631927,24.3944854736328,9.18287944793701,3.01164174079895,1,-2.80941128730774,"train",3763,3,1
"2622",0,1,35.2190132141113,1070710,555390,"2014_2019",1.63346791267395,0.0877441391348839,0.253300458192825,0.058299832046032,110.433929443359,17.2417736053467,0.265699476003647,25.5937042236328,9.39161014556885,0.0414619445800781,1,35.2190132141113,"train",3764,3,1
"2623",0,1,16.6511096954346,1123710,514890,"2014_2019",1.62373638153076,0.0788325145840645,0.132414653897285,0.00885307788848877,114.921058654785,18.8349132537842,0.638484299182892,22.7481174468994,20.6684303283691,-0.0767364501953125,1,16.6511096954346,"train",3765,1,1
"2624",0,1,7.96941137313843,1089210,588390,"2014_2019",1.29508185386658,0.0781446024775505,0.0257426500320435,0.025388928130269,113.227554321289,20.2713108062744,0.0509814284741879,16.5617713928223,19.7301387786865,-0.224557399749756,1,7.96941137313843,"train",3766,3,1
"2625",0,1,-1.33238208293915,1199710,474890,"2014_2019",1.51975190639496,0.675256431102753,0.449586927890778,1.64013814926147,118.352279663086,18.2653121948242,10.6806678771973,11.6067390441895,0.409155488014221,0.000232458114624023,1,-1.33238208293915,"train",3767,5,1
"2626",0,1,22.8134956359863,1166710,372890,"2014_2019",1.60581803321838,1.7399218082428,0.406799912452698,12.7561950683594,117.648628234863,11.5732345581055,0.8805051445961,30.6055793762207,2.13297963142395,0.0186977386474609,1,22.8134956359863,"train",3769,4,1
"2627",0,1,31.1033344268799,1184210,367390,"2014_2019",1.58022093772888,1.89233958721161,1.17276561260223,14.6871118545532,120.911697387695,11.2225303649902,1.04144382476807,30.5018997192383,6.32884931564331,0.790840148925781,1,31.1033344268799,"train",3775,4,1
"2628",0,1,-3.00764799118042,1079710,552890,"2014_2019",1.65967893600464,0.0858805999159813,0.332080096006393,0.0267793238162994,111.799667358398,18.473840713501,0.231919854879379,23.962947845459,0.870251595973969,-7.93933868408203e-05,1,-3.00764799118042,"train",3776,3,1
"2629",0,1,5.6312403678894,1073710,529890,"2014_2019",1.45768857002258,0.326119631528854,0.210473299026489,1.39486241340637,110.824844360352,14.8185167312622,0.397070318460464,27.5541477203369,1.76963448524475,-0.302260875701904,1,5.6312403678894,"train",3777,2,1
"2630",0,1,18.4705600738525,1087210,566390,"2014_2019",1.57546627521515,0.101762548089027,0.120718859136105,0.018215985968709,113.215705871582,20.5099449157715,0.162961900234222,20.9856548309326,25.4146060943604,0.0445709228515625,1,18.4705600738525,"train",3778,1,1
"2631",0,1,26.0815238952637,1200710,393390,"2014_2019",1.78223586082458,1.63097393512726,0.442628651857376,9.39448928833008,119.85619354248,13.3950281143188,1.47451937198639,28.3648471832275,1.37808918952942,0.0502338409423828,1,26.0815238952637,"train",3779,4,1
"2632",0,1,-7.66226768493652,1160710,455390,"2014_2019",1.47146666049957,0.236604332923889,0.105664283037186,0.694084405899048,114.143844604492,18.018138885498,1.08786606788635,24.522518157959,4.44700527191162,-1.45515584945679,1,-7.66226768493652,"train",3780,3,1
"2633",0,1,-5.20317363739014,1111210,516390,"2014_2019",1.75381481647491,0.0619413740932941,0.125876203179359,0.0135996444150805,112.944534301758,17.7071552276611,0.497302383184433,26.0698108673096,10.9020910263062,2.08216190338135,1,-5.20317363739014,"train",3782,3,1
"2634",0,1,19.9948425292969,1173210,443890,"2014_2019",1.54367315769196,0.209156811237335,0.337484896183014,0.643011927604675,116.201690673828,17.4095420837402,1.45342004299164,24.4039859771729,5.52485370635986,0.367979049682617,1,19.9948425292969,"train",3783,3,1
"2635",0,1,9.71079635620117,1178210,432390,"2014_2019",1.48067378997803,0.0579309575259686,0.071490116417408,0.0122410682961345,114.234954833984,19.4842891693115,0.546692848205566,24.4407615661621,2.88965940475464,-0.0480785369873047,1,9.71079635620117,"train",3784,3,1
"2636",0,1,-2.89237380027771,1081210,522890,"2014_2019",1.29357290267944,0.227216273546219,0.101131744682789,0.873627483844757,114.722808837891,15.8200521469116,0.382015973329544,27.5923118591309,1.00389909744263,-0.0180959701538086,1,-2.89237380027771,"train",3786,2,1
"2637",0,1,19.1554889678955,1202210,401890,"2014_2019",1.78552734851837,1.50864601135254,0.783089458942413,8.71736431121826,119.973342895508,13.395510673523,1.59425139427185,27.9918994903564,3.85915017127991,-0.447874069213867,1,19.1554889678955,"train",3789,4,1
"2638",0,1,-8.43220138549805,1212710,478890,"2014_2019",1.11715233325958,0.371942013502121,0.0839361697435379,0.67401796579361,114.593589782715,19.5251045227051,3.73643326759338,11.4716291427612,5.72946453094482,-1.20505475997925,1,-8.43220138549805,"train",3790,5,1
"2639",0,1,-2.53121995925903,1042710,586890,"2014_2019",1.29527723789215,1.6351797580719,0.594831347465515,16.6516799926758,111.261276245117,11.3130779266357,0.506430566310883,29.3310146331787,6.13944435119629,-0.439176321029663,1,-2.53121995925903,"train",3791,2,1
"2640",0,1,2.27101683616638,1093210,502390,"2014_2019",1.55268585681915,0.0777148827910423,0.140300586819649,0.113975457847118,113.68058013916,17.7018241882324,0.266536980867386,27.1267318725586,2.52880311012268,-0.0782253742218018,1,2.27101683616638,"train",3793,3,1
"2641",0,1,-2.34474945068359,1170710,435390,"2014_2019",1.82924914360046,0.0910248756408691,0.144679307937622,0.0604812912642956,115.488700866699,19.1087074279785,0.724121987819672,23.6599903106689,0.463417708873749,-0.00167965888977051,1,-2.34474945068359,"train",3796,3,1
"2642",0,1,37.4843292236328,1198210,433390,"2014_2019",1.4835387468338,0.25164407491684,0.582052111625671,0.545128345489502,118.358406066895,16.5964107513428,3.1685962677002,22.7410945892334,9.21197128295898,-0.429641723632812,1,37.4843292236328,"train",3798,5,1
"2643",0,1,23.0404891967773,1082210,567890,"2014_2019",1.61711466312408,0.0881405249238014,0.172385841608047,0.0122193498536944,111.395347595215,19.3768882751465,0.191177934408188,22.8048686981201,16.5673141479492,1.75802993774414,1,23.0404891967773,"train",3799,3,1
"2644",0,1,39.9460868835449,1193710,424390,"2014_2019",1.72275018692017,1.03290188312531,0.357149988412857,5.34264707565308,118.458312988281,14.9278411865234,1.73148882389069,26.3339614868164,2.22737741470337,-0.149040222167969,1,39.9460868835449,"train",3800,4,1
"2645",0,1,-2.50684976577759,1129210,523390,"2014_2019",1.44821119308472,0.0914981961250305,0.150969743728638,0.0174112636595964,115.436653137207,19.2582092285156,0.622086584568024,21.9077949523926,0.310923755168915,-0.00156903266906738,1,-2.50684976577759,"train",3802,3,1
"2646",0,1,-1.54569721221924,1097710,537890,"2014_2019",1.69990718364716,0.0790871381759644,0.156179383397102,0.0229992233216763,112.816818237305,17.4673614501953,0.529104828834534,24.6868515014648,1.23812341690063,-0.101209759712219,1,-1.54569721221924,"train",3803,3,1
"2647",0,1,6.29631900787354,1052710,590390,"2014_2019",1.53217792510986,1.57667219638824,0.479666173458099,14.124701499939,110.236473083496,12.0090999603271,0.5298872590065,28.2691192626953,7.59642934799194,0.013068675994873,1,6.29631900787354,"train",3804,2,1
"2648",0,1,5.16661691665649,1198710,474890,"2014_2019",1.94306123256683,0.86935830116272,0.679642081260681,1.93218421936035,118.034675598145,17.9665546417236,12.8552684783936,9.93839168548584,2.47988367080688,-0.161095142364502,1,5.16661691665649,"train",3805,5,1
"2649",0,1,-6.35979318618774,1187710,408890,"2014_2019",1.46935510635376,0.0550798363983631,0.0275558196008205,0.0243623722344637,116.016258239746,18.7398662567139,0.309711337089539,26.7315120697021,6.64305019378662,0.271689414978027,1,-6.35979318618774,"train",3807,3,1
"2650",0,1,30.5704326629639,1070210,535390,"2014_2019",1.47666013240814,0.327585905790329,0.315498411655426,1.32081699371338,110.861083984375,14.8226432800293,0.397624582052231,27.4354133605957,1.85259532928467,0.0232448577880859,1,30.5704326629639,"train",3808,2,1
"2651",0,1,34.8760795593262,1051710,565390,"2014_2019",1.42838084697723,1.4795891046524,0.80388867855072,16.713077545166,111.437187194824,10.9623327255249,0.658640623092651,29.4073677062988,16.67063331604,-0.0404815673828125,1,34.8760795593262,"train",3810,2,1
"2652",0,1,8.93593311309814,1175710,446890,"2014_2019",1.68618702888489,0.318867534399033,0.861580491065979,0.901710212230682,117.156311035156,16.3087272644043,1.78128433227539,24.6948051452637,2.65272569656372,0.0528678894042969,1,8.93593311309814,"train",3811,4,1
"2653",0,1,20.114631652832,1202710,381390,"2014_2019",1.68327260017395,1.89414381980896,0.575675845146179,13.5540113449097,122.061019897461,11.5418643951416,1.25956118106842,29.9306697845459,0.698909759521484,-0.0865211486816406,1,20.114631652832,"train",3812,4,1
"2654",0,1,24.3463516235352,1081210,559390,"2014_2019",1.64990961551666,0.0893358960747719,0.392449349164963,0.0249835625290871,111.944160461426,19.0251426696777,0.266376137733459,22.8514842987061,8.52578735351562,0.00123214721679688,1,24.3463516235352,"train",3813,3,1
"2655",0,1,2.84749627113342,1085710,509890,"2014_2019",1.4683746099472,0.12634389102459,0.130976721644402,0.32763808965683,113.473579406738,17.3843879699707,0.271579623222351,27.2424831390381,0.0551549978554249,-0.000211000442504883,1,2.84749627113342,"train",3814,3,1
"2656",0,1,-3.00764799118042,1047210,571390,"2014_2019",1.36098635196686,1.61124861240387,0.92333060503006,18.5925464630127,112.375267028809,10.9442806243896,0.596746921539307,29.6265563964844,11.7032995223999,4.08559560775757,1,-3.00764799118042,"train",3815,2,1
"2657",0,1,14.3721723556519,1075210,577390,"2014_2019",1.49164736270905,0.0995122790336609,0.288124144077301,0.0240223687142134,106.039695739746,17.9508590698242,0.204746887087822,22.8246212005615,23.3309631347656,-0.0812597274780273,1,14.3721723556519,"train",3816,1,1
"2658",0,1,-3.02174925804138,1154210,461390,"2014_2019",2.03596758842468,0.131034538149834,0.157476395368576,0.105910561978817,114.558250427246,18.8337707519531,0.914728939533234,22.432897567749,4.48971843719482,-0.000396490097045898,1,-3.02174925804138,"train",3818,3,1
"2659",0,1,22.4194564819336,1097210,516890,"2014_2019",1.71176564693451,0.0645086839795113,0.262046009302139,0.0283710584044456,112.530632019043,17.129732131958,0.373072296380997,26.6916427612305,1.76409757137299,-0.0453910827636719,1,22.4194564819336,"train",3819,3,1
"2660",0,1,28.0354385375977,1055710,585890,"2014_2019",1.54981279373169,1.52150571346283,0.489471077919006,13.0469207763672,113.487724304199,11.8918466567993,0.548048079013824,28.4385280609131,0.698541164398193,0.0186195373535156,1,28.0354385375977,"train",3820,2,1
"2661",0,1,-0.673838317394257,1159710,445390,"2014_2019",1.50682246685028,0.0664177089929581,0.0321055762469769,0.0294129177927971,112.39990234375,19.4114189147949,0.684603333473206,24.5450019836426,2.00236487388611,-0.00996506214141846,1,-0.673838317394257,"train",3821,3,1
"2662",0,1,35.7097396850586,1127210,510890,"2014_2019",1.64238548278809,0.076710045337677,0.202432826161385,0.00793550070375204,114.312744140625,18.831413269043,0.652867138385773,22.7456645965576,21.8679637908936,0.0615272521972656,1,35.7097396850586,"train",3822,1,1
"2663",0,1,17.1369514465332,1084710,518890,"2014_2019",1.4806877374649,0.152896374464035,0.245733335614204,0.443815290927887,111.906753540039,16.3318061828613,0.3163261115551,27.2492923736572,0.573721528053284,-0.00920677185058594,1,17.1369514465332,"train",3823,3,1
"2664",0,1,15.3656902313232,1093210,506390,"2014_2019",1.56971180438995,0.0738131478428841,0.147897854447365,0.0761377215385437,112.995529174805,17.4577388763428,0.27239778637886,27.0733871459961,0.919509172439575,-0.0114841461181641,1,15.3656902313232,"train",3824,3,1
"2665",0,1,32.172477722168,1089710,567890,"2014_2019",1.5403037071228,0.100365079939365,0.164113655686378,0.0184820517897606,113.005470275879,20.6918392181396,0.139807760715485,20.760124206543,20.3340148925781,-0.0127983093261719,1,32.172477722168,"train",3826,3,1
"2666",0,1,11.0681009292603,1061710,552890,"2014_2019",1.53576695919037,0.109744653105736,0.431152760982513,0.160521879792213,110.299156188965,16.1141567230225,0.319624841213226,25.2853965759277,0.43228268623352,-0.000143051147460938,1,11.0681009292603,"train",3827,3,1
"2667",0,1,37.4280700683594,1051210,588890,"2014_2019",1.51030564308167,1.57604801654816,0.385020524263382,14.0985517501831,112.200164794922,11.9835071563721,0.528468370437622,28.2967891693115,15.0283555984497,-0.107295989990234,1,37.4280700683594,"train",3828,2,1
"2668",0,1,26.6272411346436,1055710,558390,"2014_2019",1.43616902828217,1.0682612657547,0.730160772800446,8.70236587524414,112.661880493164,11.4528951644897,0.685731470584869,28.8830757141113,19.2644577026367,-0.116838455200195,1,26.6272411346436,"train",3829,2,1
"2669",0,1,39.2718086242676,1054710,601390,"2014_2019",1.17686498165131,1.29753375053406,0.919311583042145,22.1365547180176,110.519081115723,10.2653150558472,0.7787846326828,29.4265327453613,28.6145172119141,-0.374950408935547,1,39.2718086242676,"train",3830,2,1
"2670",0,1,36.4935340881348,1089710,566890,"2014_2019",1.53677248954773,0.0978559032082558,0.142535671591759,0.0197877809405327,113.214393615723,20.5985240936279,0.139325484633446,21.0392112731934,10.4626264572144,0.0136489868164062,1,36.4935340881348,"train",3831,3,1
"2671",0,1,-1.69909369945526,1072710,586390,"2014_2019",1.27463066577911,0.0739175602793694,0.178785726428032,0.0319449231028557,109.650672912598,18.931676864624,0.0702162757515907,20.0806083679199,30.0370178222656,5.28886365890503,1,-1.69909369945526,"train",3832,1,1
"2672",0,1,1.78398716449738,1046210,581890,"2014_2019",1.19773137569427,0.831297755241394,0.0425017960369587,6.02092695236206,109.834686279297,12.1765832901001,0.42883625626564,29.6035308837891,8.18192672729492,-0.200845003128052,1,1.78398716449738,"train",3833,2,1
"2673",0,1,1.59443116188049,1056710,569390,"2014_2019",1.42284595966339,0.0784981697797775,0.102450720965862,0.0787594094872475,107.424865722656,16.4276218414307,0.217692628502846,25.709451675415,4.46744966506958,-0.290909767150879,1,1.59443116188049,"train",3835,3,1
"2674",0,1,12.3026514053345,1103210,501390,"2014_2019",1.66426432132721,0.0603221952915192,0.292316943407059,0.0445836037397385,113.032066345215,17.6907787322998,0.323855459690094,26.7334995269775,4.3192286491394,-0.00467491149902344,1,12.3026514053345,"train",3836,3,1
"2675",0,1,35.5680885314941,1201710,387890,"2014_2019",1.74954915046692,1.60167694091797,0.499291002750397,9.17619514465332,119.93904876709,13.366455078125,1.44460463523865,28.4900970458984,0.916109621524811,0.000278472900390625,1,35.5680885314941,"train",3837,4,1
"2676",0,1,22.8029003143311,1095210,546390,"2014_2019",1.83078241348267,0.107082076370716,0.238468170166016,0.0617318190634251,111.063804626465,16.9832305908203,0.545614898204803,24.4563255310059,10.8893165588379,0.00976181030273438,1,22.8029003143311,"train",3838,3,1
"2677",0,1,-7.00759363174438,1117210,501890,"2014_2019",1.66243386268616,0.0780855715274811,0.212601959705353,0.0293789729475975,113.461212158203,18.0606918334961,0.623484015464783,25.2782611846924,4.86477899551392,-1.96149206161499,1,-7.00759363174438,"train",3839,3,1
"2678",0,1,-2.22719979286194,1063710,539890,"2014_2019",1.99071443080902,0.662389576435089,0.179669365286827,3.14795112609863,110.573669433594,14.495608329773,0.47041466832161,26.1461448669434,0.300936788320541,-0.000463008880615234,1,-2.22719979286194,"train",3840,3,1
"2679",0,1,12.3192234039307,1148210,377390,"2014_2019",1.42801535129547,1.71009981632233,0.339059352874756,12.7002573013306,111.667930603027,11.3203601837158,0.832300126552582,30.9957866668701,0.501917660236359,0.0332841873168945,1,12.3192234039307,"train",3841,2,1
"2680",0,1,33.2014846801758,1184210,370390,"2014_2019",1.65272223949432,1.96072721481323,0.536791503429413,14.1720514297485,120.793502807617,11.5675525665283,1.07914483547211,30.2783832550049,8.12240028381348,-1.33439254760742,1,33.2014846801758,"train",3842,4,1
"2681",0,1,11.6281833648682,1190710,417890,"2014_2019",1.61846542358398,0.948481202125549,0.22018951177597,4.9683313369751,117.306411743164,15.2948274612427,1.41294121742249,26.7140083312988,5.5642032623291,-0.0411767959594727,1,11.6281833648682,"train",3843,4,1
"2682",0,1,8.88484287261963,1128710,523890,"2014_2019",1.4495724439621,0.0908910557627678,0.150006175041199,0.0171162355691195,115.487716674805,19.2629566192627,0.619868099689484,21.8415279388428,0.826526582241058,0.0499420166015625,1,8.88484287261963,"train",3844,3,1
"2683",0,1,9.2916259765625,1177210,427390,"2014_2019",1.52702188491821,0.071777880191803,0.238168895244598,0.0233930498361588,115.197425842285,19.125373840332,0.715787470340729,24.2846775054932,20.8116836547852,-0.671014785766602,1,9.2916259765625,"train",3845,1,1
"2684",0,1,7.8182315826416,1120210,529390,"2014_2019",1.98691749572754,0.254435539245605,0.153067901730537,0.219470292329788,113.376739501953,18.5671367645264,0.654031038284302,19.7842636108398,8.54375839233398,-0.587907791137695,1,7.8182315826416,"train",3846,3,1
"2685",0,1,23.3196182250977,1113710,497890,"2014_2019",1.71621835231781,0.0536291338503361,0.290881305932999,0.0120891807600856,112.997802734375,17.9643630981445,0.520143985748291,25.9632205963135,7.0810604095459,-0.373985290527344,1,23.3196182250977,"train",3847,3,1
"2686",0,1,4.3547830581665,1061210,572390,"2014_2019",1.42225015163422,0.0964374989271164,0.152378603816032,0.0950969159603119,106.878959655762,16.0613307952881,0.29464852809906,25.4146690368652,8.18574810028076,0.52201771736145,1,4.3547830581665,"train",3848,3,1
"2687",0,1,13.7666330337524,1092210,570390,"2014_2019",1.52685284614563,0.102567240595818,0.131995067000389,0.0149943148717284,112.977149963379,20.792911529541,0.125978067517281,20.0740871429443,5.67606353759766,-1.16267585754395,1,13.7666330337524,"train",3849,3,1
"2688",0,1,13.4275007247925,1102210,529890,"2014_2019",1.6858594417572,0.0813960954546928,0.120511792600155,0.0137570016086102,111.765747070312,18.1097431182861,0.466087520122528,24.4421424865723,14.6494770050049,0.2618408203125,1,13.4275007247925,"train",3850,3,1
"2689",0,1,-5.90639925003052,1061210,542390,"2014_2019",1.41624307632446,0.413717418909073,0.254494309425354,2.28003740310669,110.492141723633,14.9923667907715,0.381026327610016,27.2249393463135,1.52514040470123,0.155455112457275,1,-5.90639925003052,"train",3851,2,1
"2690",0,1,-2.25036787986755,1164210,443890,"2014_2019",1.42244398593903,0.0763656944036484,0.137079417705536,0.0612060539424419,115.670600891113,18.7916870117188,0.788123726844788,24.4453506469727,5.8333477973938,2.50077891349792,1,-2.25036787986755,"train",3852,3,1
"2691",0,1,9.22185516357422,1083210,560890,"2014_2019",1.66878759860992,0.105402022600174,0.242820337414742,0.0585757717490196,111.809463500977,18.5958404541016,0.301158338785172,22.5927314758301,31.5591888427734,-0.567792892456055,1,9.22185516357422,"train",3854,1,1
"2692",0,1,13.4419603347778,1163710,443390,"2014_2019",1.43218231201172,0.0702947750687599,0.121337302029133,0.0402801111340523,115.192108154297,19.0265254974365,0.732443451881409,24.4212226867676,3.21899175643921,0.692864418029785,1,13.4419603347778,"train",3855,3,1
"2693",0,1,1.27926075458527,1175210,442390,"2014_2019",1.63773012161255,0.278429597616196,0.208090782165527,0.961227715015411,116.687789916992,17.001579284668,1.41578662395477,24.7901191711426,9.0669527053833,-0.00813424587249756,1,1.27926075458527,"train",3856,3,1
"2694",0,1,26.4041519165039,1087710,500390,"2014_2019",1.45555078983307,0.0865388736128807,0.109279662370682,0.155056983232498,111.662063598633,18.1298751831055,0.205596312880516,27.2547492980957,10.2265167236328,0.00976943969726562,1,26.4041519165039,"train",3857,3,1
"2695",0,1,-1.47582805156708,1075210,596890,"2014_2019",1.95302939414978,0.985800087451935,0.0951277613639832,1.34804308414459,110.791320800781,18.1882953643799,0.368677616119385,14.9681310653687,3.27910995483398,-0.316261291503906,1,-1.47582805156708,"train",3858,3,1
"2696",0,1,5.72036838531494,1189710,384890,"2014_2019",1.13285624980927,0.194622471928596,0.013406403362751,0.442243009805679,113.038452148438,15.5965642929077,0.690043151378632,30.1268100738525,3.62337803840637,0.225189685821533,1,5.72036838531494,"train",3859,2,1
"2697",0,1,5.62894248962402,1059710,544390,"2014_2019",1.32023191452026,0.273554533720016,0.163226068019867,1.31964516639709,110.185340881348,15.8075723648071,0.331897914409637,26.7754459381104,0.428857415914536,-0.144219398498535,1,5.62894248962402,"train",3860,2,1
"2698",0,1,39.4691123962402,1167210,451890,"2014_2019",1.47114682197571,0.194328144192696,0.150705203413963,0.584476351737976,115.147041320801,17.7466125488281,1.10200643539429,24.7232933044434,13.1086444854736,1.45505142211914,1,39.4691123962402,"train",3863,3,1
"2699",0,1,10.5292863845825,1085210,540890,"2014_2019",1.64470374584198,0.0694722682237625,0.235299527645111,0.0333097539842129,111.922988891602,17.0933380126953,0.367194145917892,26.0199356079102,0.813466489315033,-0.0790586471557617,1,10.5292863845825,"train",3864,3,1
"2700",0,1,1.25288689136505,1190710,433390,"2014_2019",1.28705608844757,0.602572202682495,0.178175643086433,3.07008409500122,116.413124084473,15.8413314819336,1.78835499286652,25.9403629302979,2.49815464019775,-0.00430083274841309,1,1.25288689136505,"train",3866,3,1
"2701",0,1,6.27713060379028,1126710,501890,"2014_2019",1.63850617408752,0.07491834461689,0.293780952692032,0.0251063853502274,114.699256896973,18.4586372375488,0.612384915351868,24.7439403533936,15.5702877044678,-0.107402324676514,1,6.27713060379028,"train",3867,3,1
"2702",0,1,38.9892501831055,1054710,603390,"2014_2019",1.17531001567841,1.29845464229584,0.337038606405258,21.4648265838623,108.237022399902,10.4596900939941,0.748255133628845,29.4123573303223,16.8829917907715,-0.121818542480469,1,38.9892501831055,"train",3873,2,1
"2703",0,1,-0.309060484170914,1200710,386390,"2014_2019",1.31691777706146,0.935583055019379,0.138412714004517,5.50713729858398,118.174240112305,13.808331489563,1.17570519447327,29.0440998077393,2.40661764144897,-0.0162466466426849,1,-0.309060484170914,"train",3874,2,1
"2704",0,1,31.0842666625977,1168210,371890,"2014_2019",1.61232721805573,1.87432837486267,0.461960047483444,13.5901727676392,117.582618713379,11.4329404830933,0.907017111778259,30.655445098877,0.391626358032227,0.07440185546875,1,31.0842666625977,"train",3876,4,1
"2705",0,1,25.5221843719482,1195710,405390,"2014_2019",1.81246137619019,1.42097043991089,0.388687252998352,8.03720569610596,119.307098388672,13.6970653533936,1.55501306056976,27.8091506958008,2.9384138584137,-0.0169754028320312,1,25.5221843719482,"train",3877,4,1
"2706",0,1,24.3368797302246,1205710,381890,"2014_2019",1.6850837469101,1.84731352329254,1.12318086624146,12.7481994628906,121.841400146484,11.6917505264282,1.29983186721802,29.7256450653076,4.70143556594849,-0.0922203063964844,1,24.3368797302246,"train",3878,4,1
"2707",0,1,14.2173223495483,1047710,603890,"2014_2019",1.11579120159149,0.434884756803513,0.194748073816299,3.01249146461487,106.17008972168,12.2260313034058,0.49290344119072,29.451681137085,4.2820725440979,-0.000408172607421875,1,14.2173223495483,"train",3879,2,1
"2708",0,1,0.235276862978935,1184210,433890,"2014_2019",1.76956856250763,0.582295954227448,0.341197669506073,2.51125645637512,116.325218200684,16.2671756744385,1.37528717517853,25.7088527679443,1.51297771930695,-0.00605939328670502,1,0.235276862978935,"train",3880,4,1
"2709",0,1,2.97114133834839,1178210,438390,"2014_2019",1.77635955810547,0.320245712995529,0.516352474689484,1.0918310880661,116.778732299805,16.4879722595215,1.34428131580353,25.3502006530762,6.78048944473267,0.361227035522461,1,2.97114133834839,"train",3881,4,1
"2710",0,1,-2.6102192401886,1199710,476890,"2014_2019",1.42541742324829,0.562629759311676,0.1808280646801,1.27062809467316,117.256820678711,18.4312191009521,9.27886199951172,11.9198150634766,1.74135267734528,-0.0045323371887207,1,-2.6102192401886,"train",3882,5,1
"2711",0,1,14.1755094528198,1215210,480390,"2014_2019",1.47839057445526,0.763008832931519,0.0937600880861282,1.41140258312225,114.593765258789,18.7110252380371,3.09128022193909,10.7088251113892,6.23685646057129,0.945759773254395,1,14.1755094528198,"train",3883,5,1
"2712",0,1,25.1260814666748,1197210,416890,"2014_2019",1.70740127563477,1.11425244808197,0.360322684049606,5.91543340682983,119.104347229004,14.8592510223389,1.68750953674316,26.5313110351562,4.2837028503418,0.0096435546875,1,25.1260814666748,"train",3884,4,1
"2713",0,1,12.1400098800659,1082710,523390,"2014_2019",1.44599270820618,0.226853549480438,0.262232393026352,0.774845838546753,112.185470581055,15.5749320983887,0.36309215426445,27.4396286010742,1.2450567483902,-0.00507450103759766,1,12.1400098800659,"train",3885,2,1
"2714",0,1,16.8350772857666,1188210,434390,"2014_2019",1.65906584262848,0.79700767993927,0.362189054489136,3.75147199630737,117.310470581055,15.6769132614136,1.61304783821106,25.8800277709961,4.88884258270264,0.0252933502197266,1,16.8350772857666,"train",3886,4,1
"2715",0,1,23.1538829803467,1201210,388390,"2014_2019",1.75173151493073,1.59209823608398,0.486429899930954,9.09413719177246,119.679389953613,13.4039525985718,1.45110976696014,28.4663429260254,0.903303027153015,0.0657444000244141,1,23.1538829803467,"train",3887,4,1
"2716",0,1,34.9269828796387,1204710,367890,"2014_2019",1.7280592918396,1.95740735530853,0.588597297668457,13.355712890625,120.52180480957,11.9209327697754,1.12730813026428,29.9344253540039,0.544194996356964,0.02288818359375,1,34.9269828796387,"train",3890,4,1
"2717",0,1,19.0306930541992,1171710,439890,"2014_2019",1.4627457857132,0.0683195739984512,0.146211057901382,0.0510344579815865,115.727188110352,18.7095947265625,0.860778450965881,24.5454921722412,12.2661657333374,-0.0704212188720703,1,19.0306930541992,"train",3891,3,1
"2718",0,1,19.3374919891357,1199210,400390,"2014_2019",1.82894277572632,1.57179009914398,0.429355800151825,8.9687910079956,119.954406738281,13.3121614456177,1.54838955402374,28.2260398864746,1.2363475561142,0.34130859375,1,19.3374919891357,"train",3893,4,1
"2719",0,1,12.9342565536499,1072710,582890,"2014_2019",1.401815533638,0.0943713262677193,0.218968883156776,0.0461475141346455,110.289863586426,18.2779693603516,0.147291839122772,21.455322265625,28.7168636322021,-0.212661743164062,1,12.9342565536499,"train",3894,1,1
"2720",0,1,24.0346508026123,1197710,411390,"2014_2019",1.74606955051422,1.28259611129761,0.521649956703186,6.85570335388184,119.09268951416,14.1499938964844,1.68956923484802,27.1992111206055,6.01929092407227,0.0928306579589844,1,24.0346508026123,"train",3897,4,1
"2721",0,1,4.41411876678467,1082210,522890,"2014_2019",1.392214179039,0.261129528284073,0.186736658215523,1.04463243484497,113.659385681152,15.4584836959839,0.379715770483017,27.5399742126465,1.96768200397491,-0.0186014175415039,1,4.41411876678467,"train",3898,2,1
"2722",0,1,24.2770195007324,1189210,418390,"2014_2019",1.39774477481842,0.732634663581848,0.135943278670311,3.81023406982422,115.079963684082,15.7554340362549,1.29596722126007,26.6754837036133,4.39973640441895,-0.535545349121094,1,24.2770195007324,"train",3899,3,1
"2723",0,1,13.1335592269897,1103210,540390,"2014_2019",2.22534036636353,0.303353756666183,0.105614207684994,0.413577765226364,112.491958618164,17.1558094024658,0.632156789302826,20.4426136016846,12.1719703674316,-0.0569076538085938,1,13.1335592269897,"train",3901,3,1
"2724",0,1,-1.3673506975174,1051710,587890,"2014_2019",1.50864613056183,1.58697319030762,0.560853719711304,14.2760534286499,112.500457763672,11.9334230422974,0.527886927127838,28.3516712188721,21.6608543395996,-0.102534055709839,1,-1.3673506975174,"train",3902,1,1
"2725",0,1,19.7802047729492,1195710,373890,"2014_2019",1.65328311920166,1.92139422893524,0.793064057826996,13.7834482192993,121.492614746094,11.5248231887817,1.1272782087326,30.1769313812256,0.691615104675293,0.0497531890869141,1,19.7802047729492,"train",3904,4,1
"2726",0,1,5.29423141479492,1083210,521890,"2014_2019",1.40494334697723,0.268435090780258,0.298535466194153,1.06851732730865,113.267250061035,15.5728893280029,0.380476236343384,27.5406131744385,0.498916983604431,-0.00646352767944336,1,5.29423141479492,"train",3905,2,1
"2727",0,1,-0.522093951702118,1162210,453390,"2014_2019",1.50421762466431,0.208242923021317,0.154454439878464,0.571781039237976,114.40518951416,17.9808406829834,1.07691967487335,24.4785671234131,4.22068881988525,-0.101494610309601,1,-0.522093951702118,"train",3906,3,1
"2728",0,1,12.6537017822266,1067710,606390,"2014_2019",1.18651378154755,0.183018997311592,0.224131241440773,1.17783105373383,109.501014709473,16.0158824920654,0.244540527462959,16.9728736877441,17.0920295715332,-0.590651512145996,1,12.6537017822266,"train",3907,3,1
"2729",0,1,-2.24243998527527,1082710,512390,"2014_2019",1.47312951087952,0.0716073364019394,0.170087724924088,0.077803447842598,112.194702148438,17.7979316711426,0.229008585214615,27.0757961273193,0.558324754238129,-0.0491724014282227,1,-2.24243998527527,"train",3910,3,1
"2730",0,1,23.4448642730713,1175210,441390,"2014_2019",1.62696039676666,0.236000776290894,0.356655359268188,0.730484664440155,116.491386413574,17.1369552612305,1.3732944726944,24.7548885345459,6.26622819900513,0.578533172607422,1,23.4448642730713,"train",3911,3,1
"2731",0,1,3.39235782623291,1047710,593390,"2014_2019",1.02707052230835,0.268403947353363,0.0284219738095999,1.18758010864258,105.831283569336,13.0893936157227,0.354440897703171,29.5960025787354,5.91863489151001,-0.0464591979980469,1,3.39235782623291,"train",3912,2,1
"2732",0,1,24.1695289611816,1095210,539390,"2014_2019",1.71358609199524,0.0766742378473282,0.188389375805855,0.0290057230740786,112.071105957031,17.3771266937256,0.442315101623535,25.4289646148682,12.4348211288452,-0.0514888763427734,1,24.1695289611816,"train",3913,3,1
"2733",0,1,23.6693210601807,1176210,424390,"2014_2019",1.61158120632172,0.119530603289604,0.177369579672813,0.199915573000908,112.664916992188,18.3581104278564,0.804503500461578,24.7880306243896,14.4795217514038,-0.112020492553711,1,23.6693210601807,"train",3914,3,1
"2734",0,1,-3.00764799118042,1068710,560390,"2014_2019",1.58665585517883,0.0685888454318047,0.141825586557388,0.0265507474541664,110.394203186035,16.8439407348633,0.249767646193504,26.3013095855713,7.10627698898315,-0.0659499168395996,1,-3.00764799118042,"train",3915,3,1
"2735",0,1,30.1093921661377,1141710,378890,"2014_2019",1.46199929714203,1.86959969997406,0.473593562841415,13.5194425582886,111.029960632324,11.3252820968628,0.813348889350891,30.957691192627,0.725576460361481,0.00191497802734375,1,30.1093921661377,"train",3916,2,1
"2736",0,1,7.90239524841309,1052210,561890,"2014_2019",1.5733882188797,1.38221108913422,1.09916377067566,14.2956247329712,112.672523498535,11.1995830535889,0.662812232971191,29.0043640136719,7.87111711502075,-0.290732383728027,1,7.90239524841309,"train",3917,4,1
"2737",0,1,-1.19976603984833,1111710,515890,"2014_2019",1.74235641956329,0.059832725673914,0.0861852392554283,0.0120311388745904,112.860061645508,17.7933406829834,0.500931978225708,25.9709072113037,8.09911918640137,-0.0159447193145752,1,-1.19976603984833,"train",3919,3,1
"2738",0,1,26.1501998901367,1204210,480890,"2014_2019",0.977472603321075,0.193952098488808,0.158933818340302,0.442051321268082,115.985054016113,19.6189460754395,4.79189443588257,11.6876792907715,1.83847761154175,-0.947237014770508,1,26.1501998901367,"train",3920,5,1
"2739",0,1,-2.98651385307312,1096210,545890,"2014_2019",1.840003490448,0.111062429845333,0.171545371413231,0.0654409602284431,111.584671020508,17.1508960723877,0.541754424571991,24.1812896728516,10.7288274765015,1.5021607875824,1,-2.98651385307312,"train",3923,3,1
"2740",0,1,2.21759080886841,1103210,500890,"2014_2019",1.66844129562378,0.0590478777885437,0.273057639598846,0.0399416759610176,112.998252868652,17.7690277099609,0.325290471315384,26.6994876861572,2.93813109397888,-0.0350689888000488,1,2.21759080886841,"train",3924,3,1
"2741",0,1,28.1882419586182,1189210,438390,"2014_2019",1.37903773784637,0.14136166870594,0.256401300430298,0.232908844947815,116.99829864502,18.0574016571045,3.27108192443848,21.1898021697998,5.63000535964966,0.0149803161621094,1,28.1882419586182,"train",3925,5,1
"2742",0,1,17.8671989440918,1191210,429390,"2014_2019",1.68281066417694,0.802327871322632,0.396929174661636,3.72327995300293,117.824371337891,15.5534248352051,1.79756057262421,25.6898136138916,9.80903911590576,0.0010223388671875,1,17.8671989440918,"train",3926,4,1
"2743",0,1,22.5362873077393,1084710,501890,"2014_2019",1.47875463962555,0.0532573163509369,0.126105919480324,0.0290813948959112,112.237159729004,18.9982051849365,0.160935506224632,26.8544502258301,11.9536190032959,0.465913772583008,1,22.5362873077393,"train",3927,3,1
"2744",0,1,-1.27409565448761,1126710,500890,"2014_2019",1.67807137966156,0.0710240751504898,0.0831962153315544,0.0246008317917585,114.892242431641,18.3832893371582,0.534509122371674,25.1022834777832,0.379448384046555,0.00733768939971924,1,-1.27409565448761,"train",3928,3,1
"2745",0,1,1.45153915882111,1195210,435390,"2014_2019",1.37419760227203,0.187596634030342,0.447558611631393,0.359615176916122,116.834350585938,17.7277202606201,3.39459991455078,21.4661121368408,4.70569038391113,-0.782056450843811,1,1.45153915882111,"train",3929,5,1
"2746",0,1,21.9030838012695,1077210,561390,"2014_2019",1.60158789157867,0.0797051936388016,0.147876068949699,0.0281045883893967,109.376625061035,18.0057849884033,0.24189381301403,24.557523727417,8.82111740112305,0.940624237060547,1,21.9030838012695,"train",3932,3,1
"2747",0,1,7.86171102523804,1217210,424390,"2014_2019",1.49101841449738,0.387433856725693,1.15754771232605,1.24245202541351,119.026260375977,15.8086919784546,2.78962016105652,24.117654800415,3.44600439071655,0.000944614410400391,1,7.86171102523804,"train",3934,4,1
"2748",0,1,33.0771331787109,1086710,554390,"2014_2019",1.72656071186066,0.091783843934536,0.20188957452774,0.0459217987954617,111.198677062988,16.9522895812988,0.441081911325455,25.2248859405518,12.4046268463135,0.167137145996094,1,33.0771331787109,"train",3935,3,1
"2749",0,1,39.477237701416,1180710,440390,"2014_2019",1.70433866977692,0.447077870368958,0.478895574808121,1.65530872344971,117.36067199707,16.3155250549316,1.38641345500946,25.5440578460693,8.9125919342041,-0.0803909301757812,1,39.477237701416,"train",3936,4,1
"2750",0,1,25.608907699585,1176710,436390,"2014_2019",1.47647845745087,0.0604969672858715,0.0756592601537704,0.0207068156450987,114.792755126953,18.7199745178223,0.832910001277924,24.4010410308838,4.53377246856689,-0.531976699829102,1,25.608907699585,"train",3937,3,1
"2751",0,1,13.9059438705444,1088210,567390,"2014_2019",1.56742990016937,0.101556025445461,0.0941419750452042,0.0171250365674496,113.281158447266,20.6213035583496,0.157134607434273,20.7650775909424,19.9739055633545,-0.00298690795898438,1,13.9059438705444,"train",3939,3,1
"2752",0,1,26.4711952209473,1071210,580890,"2014_2019",1.41461789608002,0.110197551548481,0.249226585030556,0.0614732205867767,109.739677429199,17.566967010498,0.183613553643227,21.7946147918701,31.6530570983887,-0.158920288085938,1,26.4711952209473,"train",3940,1,1
"2753",0,1,16.8364238739014,1195710,406890,"2014_2019",1.80613386631012,1.38284301757812,0.299288809299469,7.71254682540894,119.158821105957,13.8016290664673,1.5918505191803,27.6440773010254,4.72949314117432,-0.00387001037597656,1,16.8364238739014,"train",3941,4,1
"2754",0,1,14.0778379440308,1124210,493890,"2014_2019",1.59406661987305,0.069320023059845,0.182292848825455,0.0179798007011414,113.137886047363,18.3944549560547,0.909396588802338,23.9442901611328,11.9536323547363,0.0291042327880859,1,14.0778379440308,"train",3942,3,1
"2755",0,1,9.92709159851074,1129210,500890,"2014_2019",1.60096395015717,0.074669323861599,0.205551013350487,0.0271402206271887,114.378997802734,18.6733436584473,0.74730396270752,23.9653282165527,9.7623405456543,-0.0388259887695312,1,9.92709159851074,"train",3943,3,1
"2756",0,1,-1.35343945026398,1198710,483390,"2014_2019",0.986012399196625,0.175566583871841,0.242503196001053,0.348926484584808,116.41716003418,19.5347633361816,4.43251180648804,11.859167098999,16.8878498077393,1.89140808582306,1,-1.35343945026398,"train",3944,5,1
"2757",0,1,-3.25316429138184,1174210,436890,"2014_2019",1.53194236755371,0.0674289613962173,0.152784943580627,0.0458264909684658,116.404823303223,18.6177673339844,0.955476343631744,24.3390331268311,8.02301788330078,1.37272882461548,1,-3.25316429138184,"train",3945,3,1
"2758",0,1,8.39541912078857,1068210,589890,"2014_2019",1.27706778049469,0.079213373363018,0.139790430665016,0.046493899077177,110.539710998535,18.3867435455322,0.0804818123579025,20.7999897003174,41.1769027709961,0.267699241638184,1,8.39541912078857,"train",3946,1,1
"2759",0,1,-1.28295910358429,1105710,536890,"2014_2019",1.64800894260406,0.0875256657600403,0.0951127260923386,0.0310295075178146,112.030616760254,18.1521034240723,0.507895290851593,23.631628036499,2.66727375984192,-0.0172100067138672,1,-1.28295910358429,"train",3947,3,1
"2760",0,1,4.51087522506714,1131710,478890,"2014_2019",1.65598213672638,0.0555963926017284,0.23998861014843,0.00735904602333903,113.469261169434,18.4129867553711,0.717490315437317,24.8345108032227,8.18188095092773,0.020421028137207,1,4.51087522506714,"train",3950,3,1
"2761",0,1,28.4995632171631,1063210,552390,"2014_2019",1.48542904853821,0.0957024022936821,0.347484916448593,0.0845406353473663,109.223648071289,16.5030727386475,0.290102601051331,25.2120876312256,3.62570714950562,-0.00111961364746094,1,28.4995632171631,"train",3951,3,1
"2762",0,1,37.4718208312988,1203210,429890,"2014_2019",1.34961998462677,0.219754636287689,0.35893177986145,0.543925583362579,117.434387207031,17.4723148345947,3.30429339408875,21.8538284301758,16.835111618042,-0.154281616210938,1,37.4718208312988,"train",3952,5,1
"2763",0,1,1.71862733364105,1198710,476390,"2014_2019",1.58663213253021,0.652016997337341,0.164968743920326,1.46422159671783,117.925689697266,18.2909355163574,10.2851076126099,11.3462171554565,0.213043048977852,-0.00581610202789307,1,1.71862733364105,"train",3953,5,1
"2764",0,1,28.8024749755859,1043210,594390,"2014_2019",1.22869288921356,1.43358516693115,0.309685051441193,17.7054176330566,110.650047302246,11.0729217529297,0.580222249031067,29.6005859375,50.3526954650879,-0.93132209777832,1,28.8024749755859,"train",3954,1,1
"2765",0,1,-2.20120739936829,1056710,550890,"2014_2019",1.4788464307785,0.710873544216156,0.157351076602936,4.75823307037354,111.54500579834,13.2267074584961,0.533259510993958,27.7775230407715,0.33029443025589,-0.00407218933105469,1,-2.20120739936829,"train",3955,2,1
"2766",0,1,22.1215915679932,1091210,586890,"2014_2019",1.64993786811829,0.196374282240868,0.0309603828936815,0.00648824917152524,115.142456054688,22.3530864715576,0.00719458283856511,22.364107131958,19.0319671630859,0.12596321105957,1,22.1215915679932,"train",3956,3,1
"2767",0,1,24.659969329834,1082210,512890,"2014_2019",1.47333669662476,0.0641900822520256,0.131708711385727,0.0777246356010437,111.694725036621,17.8240776062012,0.224570766091347,27.0246257781982,11.3693351745605,0.338140487670898,1,24.659969329834,"train",3957,3,1
"2768",0,1,18.8210468292236,1089710,576390,"2014_2019",1.52914595603943,0.103496968746185,0.0824975892901421,0.00642239209264517,112.255790710449,20.6258354187012,0.0676479190587997,20.9248218536377,38.3547477722168,-1.7671947479248,1,18.8210468292236,"train",3958,1,1
"2769",0,1,22.3338222503662,1175210,450890,"2014_2019",1.52739560604095,0.136416107416153,0.25705623626709,0.158316537737846,116.879096984863,17.9519138336182,2.23617744445801,22.661642074585,6.76008033752441,0.146522521972656,1,22.3338222503662,"train",3959,3,1
"2770",0,1,6.48867177963257,1179210,445390,"2014_2019",1.46118593215942,0.129599317908287,0.246296107769012,0.198122188448906,116.914657592773,18.0203819274902,2.83256006240845,21.8341178894043,3.38562417030334,-0.101678848266602,1,6.48867177963257,"train",3960,5,1
"2771",0,1,23.8060836791992,1072210,573390,"2014_2019",1.37996315956116,0.0938749685883522,0.122635699808598,0.0289576388895512,108.524108886719,17.3612022399902,0.183064088225365,23.2119731903076,35.6665878295898,-0.0470447540283203,1,23.8060836791992,"train",3961,1,1
"2772",0,1,-2.88323593139648,1045710,612390,"2014_2019",0.976930618286133,0.128117293119431,0.044971015304327,0.0772246047854424,105.467704772949,14.4042768478394,0.281400620937347,29.4638938903809,4.89791917800903,0,1,-2.88323593139648,"train",3962,2,1
"2773",0,1,4.0987401008606,1165210,439890,"2014_2019",1.46313762664795,0.0663382485508919,0.120092876255512,0.0212707612663507,115.793151855469,19.3267211914062,0.666083633899689,24.340404510498,7.20140361785889,-0.0390844345092773,1,4.0987401008606,"train",3963,3,1
"2774",0,1,-1.51100862026215,1208210,482390,"2014_2019",2.11943173408508,1.59540736675262,0.110119745135307,2.84862923622131,114.512084960938,17.295223236084,2.21308636665344,9.32829761505127,6.70736598968506,0.0125961303710938,1,-1.51100862026215,"train",3964,5,1
"2775",0,1,22.7954044342041,1061710,543390,"2014_2019",1.44787120819092,0.406267285346985,0.280269145965576,2.07650899887085,109.793594360352,14.9134569168091,0.379553079605103,27.2223434448242,1.02514374256134,0.296953201293945,1,22.7954044342041,"train",3965,2,1
"2776",0,1,37.3339157104492,1200210,432890,"2014_2019",1.3646684885025,0.215762883424759,0.366249144077301,0.469101846218109,117.200134277344,17.5922527313232,3.47127032279968,21.5387134552002,5.47341966629028,-0.635772705078125,1,37.3339157104492,"train",3966,5,1
"2777",0,1,35.4304389953613,1052210,589890,"2014_2019",1.52565670013428,1.5782698392868,0.679100513458252,14.1458349227905,110.636093139648,11.9351863861084,0.53460031747818,28.3025150299072,9.47513961791992,-0.0642814636230469,1,35.4304389953613,"train",3968,2,1
"2778",0,1,-2.82715797424316,1163210,443890,"2014_2019",1.45162069797516,0.0708668157458305,0.123231135308743,0.0463344343006611,114.963623046875,19.0306758880615,0.717980086803436,24.4977397918701,6.17969179153442,1.1915864944458,1,-2.82715797424316,"train",3970,3,1
"2779",0,1,-1.85958576202393,1203210,477390,"2014_2019",1.04541063308716,0.251128286123276,0.137848481535912,0.56214028596878,114.524230957031,19.2709140777588,6.26462888717651,12.1372184753418,0.684897840023041,-0.00368869304656982,1,-1.85958576202393,"train",3971,5,1
"2780",0,1,38.1203498840332,1198210,401390,"2014_2019",1.8230699300766,1.47386765480042,0.646935760974884,8.21503257751465,119.710273742676,13.6007738113403,1.53670239448547,27.9834327697754,0.59270179271698,0.0961418151855469,1,38.1203498840332,"train",3976,4,1
"2781",0,1,36.9767112731934,1071210,572390,"2014_2019",1.3800642490387,0.0984534323215485,0.133157923817635,0.0349327772855759,108.723335266113,17.2076606750488,0.194572374224663,23.154806137085,22.8466968536377,-0.338310241699219,1,36.9767112731934,"train",3977,1,1
"2782",0,1,36.3705177307129,1201210,393890,"2014_2019",1.78607189655304,1.6524258852005,0.446820616722107,9.70018863677979,119.964996337891,13.2393236160278,1.47097730636597,28.4432125091553,3.33219194412231,0.794807434082031,1,36.3705177307129,"train",3978,4,1
"2783",0,1,15.2427167892456,1159710,460390,"2014_2019",1.57703959941864,0.0866514965891838,0.137330606579781,0.0370356291532516,113.532852172852,18.6986675262451,0.88054758310318,23.4756660461426,10.6262292861938,-0.0119171142578125,1,15.2427167892456,"train",3979,3,1
"2784",0,1,27.1224536895752,1082710,567890,"2014_2019",1.6158139705658,0.0879624113440514,0.1665118932724,0.0115481140092015,111.376159667969,19.4892845153809,0.18873256444931,22.6653919219971,24.4337940216064,1.88622665405273,1,27.1224536895752,"train",3981,1,1
"2785",0,1,-1.14957809448242,1092710,495390,"2014_2019",1.58498764038086,0.129121080040932,0.179256185889244,0.291205525398254,114.00659942627,17.5172882080078,0.277690023183823,27.2787609100342,0.707578897476196,-0.00208330154418945,1,-1.14957809448242,"train",3982,3,1
"2786",0,1,4.37274980545044,1075210,552890,"2014_2019",1.69144189357758,0.110951609909534,0.144808292388916,0.099432997405529,111.173767089844,16.7986812591553,0.312095284461975,25.831470489502,1.11356353759766,0.00917243957519531,1,4.37274980545044,"train",3983,3,1
"2787",0,1,16.7984733581543,1072710,544890,"2014_2019",1.57100403308868,0.105882525444031,0.238780707120895,0.0945702195167542,110.653755187988,16.8813610076904,0.310001105070114,26.0927047729492,4.6757640838623,0.0976638793945312,1,16.7984733581543,"train",3985,3,1
"2788",0,1,-3.00501704216003,1118210,501890,"2014_2019",1.67291784286499,0.0782047286629677,0.158549979329109,0.0295408386737108,112.805328369141,18.1736087799072,0.567016899585724,25.3953437805176,0.0168617982417345,-0.00154566764831543,1,-3.00501704216003,"train",3986,3,1
"2789",0,1,8.0551233291626,1197710,394390,"2014_2019",1.76513302326202,1.53098440170288,0.364165037870407,8.54160022735596,118.789413452148,13.802285194397,1.48909139633179,28.1311912536621,3.64862847328186,-0.259612083435059,1,8.0551233291626,"train",3987,4,1
"2790",0,1,3.62778663635254,1123710,506390,"2014_2019",1.59304511547089,0.0646923780441284,0.142503872513771,0.0160552747547626,112.467292785645,18.6516342163086,0.664264857769012,24.3409004211426,15.6694440841675,-0.0068972110748291,1,3.62778663635254,"train",3988,3,1
"2791",0,1,33.0103874206543,1085710,553890,"2014_2019",1.70685923099518,0.0872093439102173,0.239307194948196,0.0428226254880428,112.280128479004,17.1704845428467,0.42587548494339,25.0362796783447,8.45336627960205,0.155403137207031,1,33.0103874206543,"train",3989,3,1
"2792",0,1,24.1395225524902,1083710,522890,"2014_2019",1.45429408550262,0.19986917078495,0.283147841691971,0.583493828773499,111.900100708008,15.803596496582,0.350616127252579,27.3637504577637,4.45414113998413,-0.0459976196289062,1,24.1395225524902,"train",3990,2,1
"2793",0,1,33.4430198669434,1075710,556890,"2014_2019",1.63238143920898,0.084365226328373,0.206147640943527,0.0344783663749695,111.250839233398,18.0048217773438,0.243577048182487,24.6295070648193,12.1462535858154,-0.0171012878417969,1,33.4430198669434,"train",3993,3,1
"2794",0,1,18.4657878875732,1178210,439890,"2014_2019",1.69391632080078,0.225471794605255,0.501018106937408,0.572139978408813,117.152198791504,16.9380950927734,1.28798842430115,25.0626773834229,2.21318078041077,-0.140377044677734,1,18.4657878875732,"train",3994,4,1
"2795",0,1,34.6853485107422,1164710,440890,"2014_2019",1.45565676689148,0.0678733065724373,0.108477428555489,0.0221862811595201,116.021682739258,19.2845802307129,0.68134468793869,24.3362369537354,9.3173999786377,0.633804321289062,1,34.6853485107422,"train",3995,3,1
"2796",0,1,36.3805923461914,1177210,448390,"2014_2019",1.63931775093079,0.166238442063332,0.433008342981339,0.217867851257324,117.248237609863,16.9317798614502,2.40530562400818,23.3187522888184,5.91147470474243,0.0720367431640625,1,36.3805923461914,"train",3996,4,1
"2797",0,1,17.6869144439697,1056210,600890,"2014_2019",1.17123281955719,1.27375721931458,0.423325449228287,22.651517868042,111.947082519531,10.180422782898,0.800783157348633,29.403751373291,11.9457015991211,-0.496679306030273,1,17.6869144439697,"train",3997,2,1
"2798",0,1,21.0305328369141,1119710,529390,"2014_2019",1.8891350030899,0.191895708441734,0.137362733483315,0.131393358111382,113.409049987793,18.6729621887207,0.644306719303131,20.4180545806885,6.57257032394409,1.26797866821289,1,21.0305328369141,"train",3999,3,1
"2799",0,1,17.0303535461426,1201710,381390,"2014_2019",1.68723404407501,1.89777684211731,0.497883886098862,13.8215808868408,121.88493347168,11.5033988952637,1.24808418750763,29.9895515441895,0.794672191143036,0.0375080108642578,1,17.0303535461426,"train",4000,4,1
"2800",0,1,33.7236633300781,1193210,423890,"2014_2019",1.71873509883881,0.932380080223083,0.44717937707901,4.59311580657959,118.380477905273,15.2846145629883,1.65429162979126,26.1831436157227,18.3744945526123,-0.260276794433594,1,33.7236633300781,"train",4001,1,1
"2801",0,1,17.709680557251,1055710,554390,"2014_2019",1.48348605632782,0.782825708389282,1.14729177951813,4.98238372802734,110.248062133789,12.7176170349121,0.57841020822525,28.0196170806885,3.36649012565613,-0.00186729431152344,1,17.709680557251,"train",4003,2,1
"2802",0,1,18.6865997314453,1193710,408890,"2014_2019",1.77597486972809,1.28558969497681,0.459320336580276,6.88447618484497,118.640960693359,14.2121124267578,1.54078006744385,27.4255142211914,1.61337375640869,0.00842094421386719,1,18.6865997314453,"train",4007,4,1
"2803",0,1,2.40312480926514,1092710,495890,"2014_2019",1.60818493366241,0.127342090010643,0.254943192005157,0.25553685426712,113.29931640625,17.4781532287598,0.274003863334656,27.2628040313721,1.37741756439209,0.0302996635437012,1,2.40312480926514,"train",4008,3,1
"2804",0,1,12.6960144042969,1062210,553890,"2014_2019",1.44363868236542,0.0685728564858437,0.388883262872696,0.0451490245759487,109.375045776367,16.8702697753906,0.26355454325676,24.6066207885742,0.707565486431122,0.0271930694580078,1,12.6960144042969,"train",4009,3,1
"2805",0,1,36.4610404968262,1185210,436390,"2014_2019",1.72269892692566,0.653181314468384,0.391480594873428,2.8389687538147,117.196937561035,16.0012722015381,1.45426344871521,25.7950954437256,9.39107131958008,-0.289127349853516,1,36.4610404968262,"train",4010,4,1
"2806",0,1,4.93136310577393,1088210,496390,"2014_2019",1.55111908912659,0.0747639462351799,0.115092374384403,0.0880165100097656,112.82666015625,18.6022243499756,0.187555953860283,27.0999088287354,0.646231770515442,0.011866569519043,1,4.93136310577393,"train",4011,3,1
"2807",0,1,-2.65999031066895,1128710,478390,"2014_2019",1.64863646030426,0.0555544085800648,0.100330270826817,0.00794512033462524,112.371063232422,18.5740261077881,0.606530725955963,25.0088272094727,10.1828746795654,0.873635292053223,1,-2.65999031066895,"train",4013,3,1
"2808",0,1,-1.2531932592392,1206710,480390,"2014_2019",1.05840384960175,0.223430559039116,0.120364293456078,0.459831297397614,116.252548217773,19.6143531799316,3.66732478141785,11.5519094467163,1.32334840297699,-0.0190773010253906,1,-1.2531932592392,"train",4014,5,1
"2809",0,1,38.6003227233887,1205210,384890,"2014_2019",1.73967349529266,1.71204781532288,0.713976502418518,10.330810546875,121.107864379883,12.79674243927,1.43990981578827,28.7716255187988,3.38965225219727,0.0488090515136719,1,38.6003227233887,"train",4015,4,1
"2810",0,1,31.9970607757568,1076210,550890,"2014_2019",1.69451320171356,0.107070505619049,0.201598316431046,0.0892533883452415,111.088417053223,16.8456134796143,0.319653689861298,25.8235149383545,11.4120121002197,1.99599266052246,1,31.9970607757568,"train",4016,3,1
"2811",0,1,0.173090368509293,1147210,379390,"2014_2019",1.12959408760071,0.749888300895691,0.0770443081855774,5.07272577285767,106.227279663086,12.6109504699707,0.78283041715622,30.9622402191162,0.89137452840805,-0.0731307864189148,1,0.173090368509293,"train",4017,2,1
"2812",0,1,6.55282163619995,1078710,549890,"2014_2019",1.70948624610901,0.104708321392536,0.337927311658859,0.068613700568676,111.878852844238,17.3271408081055,0.296916663646698,25.1148948669434,3.60464835166931,0.00854825973510742,1,6.55282163619995,"train",4018,3,1
"2813",0,1,-4.74247884750366,1164710,440390,"2014_2019",1.46096777915955,0.0672718062996864,0.124097377061844,0.0213442873209715,116.132781982422,19.3215141296387,0.673145353794098,24.3359508514404,12.5749778747559,2.27916860580444,1,-4.74247884750366,"train",4019,3,1
"2814",0,1,-0.4189792573452,1040210,584890,"2014_2019",1.35178661346436,1.6731766462326,0.503951668739319,17.931770324707,112.276374816895,11.3335590362549,0.498567253351212,29.4587364196777,4.98096561431885,-0.319534122943878,1,-0.4189792573452,"train",4020,2,1
"2815",0,1,17.9737777709961,1168710,442890,"2014_2019",1.39558911323547,0.0693202242255211,0.130389809608459,0.0611929558217525,115.077415466309,18.8295440673828,0.760553956031799,24.6608009338379,1.17853403091431,-0.159666061401367,1,17.9737777709961,"train",4022,3,1
"2816",0,1,30.9293060302734,1191210,414390,"2014_2019",1.69603109359741,0.815380394458771,0.501066565513611,3.67440533638,118.078567504883,15.171067237854,1.36982071399689,26.8647518157959,5.88289880752563,0.276454925537109,1,30.9293060302734,"train",4024,4,1
"2817",0,1,3.4665949344635,1095210,537890,"2014_2019",1.70758807659149,0.0803283005952835,0.218351513147354,0.0332232341170311,112.534805297852,17.2361850738525,0.484990209341049,25.3661308288574,3.33032464981079,0.0393729209899902,1,3.4665949344635,"train",4025,3,1
"2818",0,1,-2.23010993003845,1203710,477390,"2014_2019",1.03487598896027,0.236930549144745,0.123894147574902,0.52742350101471,113.90364074707,19.3403968811035,6.01309776306152,12.0331029891968,1.12460172176361,-0.0777707099914551,1,-2.23010993003845,"train",4027,5,1
"2819",0,1,26.2831726074219,1091710,501390,"2014_2019",1.54264605045319,0.0703350752592087,0.217531502246857,0.103211149573326,112.600486755371,17.6976222991943,0.252895057201385,27.1432914733887,3.52953243255615,-0.259620666503906,1,26.2831726074219,"train",4028,3,1
"2820",0,1,30.5024013519287,1175210,444390,"2014_2019",1.68689954280853,0.344602167606354,0.363885015249252,1.23039567470551,116.765693664551,16.4650039672852,1.61461567878723,24.8790760040283,6.39196920394897,-0.0181465148925781,1,30.5024013519287,"train",4030,4,1
"2821",0,1,25.521577835083,1090710,557390,"2014_2019",2.10969185829163,0.881813526153564,0.0818538963794708,1.411092877388,113.436431884766,17.8601684570312,0.524285137653351,11.590518951416,23.9718914031982,-0.0429344177246094,1,25.521577835083,"train",4033,1,1
"2822",0,1,39.0419845581055,1203210,398890,"2014_2019",1.77920389175415,1.59800779819489,0.860066115856171,9.50743579864502,120.039199829102,13.080114364624,1.55045068264008,28.2967777252197,6.28877401351929,0.012420654296875,1,39.0419845581055,"train",4034,4,1
"2823",0,1,5.15322542190552,1184210,429890,"2014_2019",1.30329704284668,0.553131639957428,0.0558152385056019,2.61481356620789,117.370628356934,16.4272499084473,1.53897500038147,25.9629306793213,4.69112730026245,0.373061656951904,1,5.15322542190552,"train",4035,3,1
"2824",0,1,-3.00764799118042,1129710,522890,"2014_2019",1.45022571086884,0.0910089686512947,0.054644089192152,0.0172006860375404,115.533065795898,19.3155422210693,0.623324692249298,21.9323234558105,7.57410049438477,0,1,-3.00764799118042,"train",4036,3,1
"2825",0,1,-1.24935507774353,1117210,499890,"2014_2019",1.64883232116699,0.0718620717525482,0.22621300816536,0.0243902299553156,113.682113647461,18.0274562835693,0.689185738563538,25.0703659057617,0.65528529882431,0.00507378578186035,1,-1.24935507774353,"train",4037,3,1
"2826",0,1,-3.10133171081543,1107210,526890,"2014_2019",1.66716873645782,0.083969384431839,0.101013392210007,0.0121473874896765,112.203620910645,18.4426136016846,0.478459358215332,24.0161323547363,14.8702220916748,3.23095989227295,1,-3.10133171081543,"train",4038,3,1
"2827",0,1,1.25803017616272,1207210,479390,"2014_2019",0.934654712677002,0.154733046889305,0.0470707155764103,0.279453545808792,115.156227111816,19.9209804534912,3.88206267356873,11.8100872039795,1.23201954364777,-0.0307348966598511,1,1.25803017616272,"train",4039,5,1
"2828",0,1,-1.27747571468353,1186210,402890,"2014_2019",1.51834869384766,0.0601428039371967,0.0703481063246727,0.00611152360215783,116.063079833984,19.0405521392822,0.283250153064728,26.5814666748047,11.1749153137207,0.536740899085999,1,-1.27747571468353,"train",4040,3,1
"2829",0,1,30.4784870147705,1160710,458890,"2014_2019",1.53452491760254,0.329719960689545,0.119660764932632,1.08351802825928,114.177291870117,17.4991645812988,1.2485169172287,24.7398014068604,2.21494483947754,-0.0462207794189453,1,30.4784870147705,"train",4041,3,1
"2830",0,1,24.595386505127,1196710,374390,"2014_2019",1.66022157669067,1.92597544193268,0.736431896686554,13.7818670272827,121.62419128418,11.5450849533081,1.14542198181152,30.125825881958,0.47293683886528,0.106584548950195,1,24.595386505127,"train",4042,4,1
"2831",0,1,5.73664712905884,1090710,580390,"2014_2019",1.60673749446869,0.116710133850574,0.0781486481428146,0.00457802694290876,111.638023376465,20.9771595001221,0.0426426194608212,21.508810043335,10.4857025146484,-0.0173811912536621,1,5.73664712905884,"train",4044,3,1
"2832",0,1,4.32991409301758,1080210,515890,"2014_2019",1.5524936914444,0.144194319844246,0.198920279741287,0.443009525537491,111.292419433594,16.9827423095703,0.279909044504166,27.1373233795166,0.560891449451447,0.0997304916381836,1,4.32991409301758,"train",4045,3,1
"2833",0,1,7.36659908294678,1189710,413890,"2014_2019",1.62951171398163,0.684451460838318,0.369850188493729,2.85724329948425,117.879768371582,15.5307207107544,1.23804306983948,26.8525524139404,1.72940850257874,-0.21693754196167,1,7.36659908294678,"train",4046,4,1
"2834",0,1,30.7847309112549,1140710,378390,"2014_2019",1.46782517433167,1.8930469751358,0.458667874336243,13.2802906036377,110.138221740723,11.4653978347778,0.807854235172272,30.8845729827881,1.27942132949829,-0.0652103424072266,1,30.7847309112549,"train",4047,2,1
"2835",0,1,1.19395112991333,1186210,437390,"2014_2019",1.66264164447784,0.836973428726196,0.192822888493538,4.06371736526489,117.245162963867,15.5228099822998,1.59153962135315,26.0789031982422,1.57385110855103,-0.000518560409545898,1,1.19395112991333,"train",4048,4,1
"2836",0,1,11.958384513855,1173710,443390,"2014_2019",1.58852803707123,0.238395348191261,0.343342036008835,0.773602187633514,116.434913635254,17.2152423858643,1.47060406208038,24.5233020782471,5.35506820678711,-0.105100631713867,1,11.958384513855,"train",4050,3,1
"2837",0,1,31.2023487091064,1174710,438890,"2014_2019",1.56444561481476,0.109545417129993,0.199781358242035,0.165825486183167,116.592910766602,17.9025192260742,1.18794941902161,24.4860668182373,3.31344056129456,0.0398082733154297,1,31.2023487091064,"train",4051,3,1
"2838",0,1,0.901897728443146,1080210,516390,"2014_2019",1.5405308008194,0.168362498283386,0.205684885382652,0.566010236740112,112.19075012207,16.716869354248,0.297959089279175,27.2427520751953,1.35869562625885,0.568973064422607,1,0.901897728443146,"train",4053,3,1
"2839",0,1,37.2907409667969,1202710,480890,"2014_2019",1.01416373252869,0.20908322930336,0.1917465031147,0.47503986954689,116.14478302002,19.4768543243408,5.57462787628174,11.6868009567261,2.56877899169922,0.261482238769531,1,37.2907409667969,"train",4054,5,1
"2840",0,1,-1.00449275970459,1216210,424390,"2014_2019",1.42066442966461,0.298643827438354,0.962823390960693,0.913906395435333,118.522483825684,16.6215419769287,2.95639419555664,23.2295551300049,1.25416457653046,0.00166666507720947,1,-1.00449275970459,"train",4055,4,1
"2841",0,1,-3.00764799118042,1114710,483890,"2014_2019",1.63896882534027,0.0555165596306324,0.163367837667465,0.00801644288003445,112.83324432373,18.4393348693848,0.347020745277405,26.123893737793,10.5394725799561,0.106168746948242,1,-3.00764799118042,"train",4056,3,1
"2842",0,1,24.2404174804688,1214710,423390,"2014_2019",1.38780546188354,0.278158873319626,0.367945313453674,0.893331229686737,118.544822692871,16.8438625335693,2.91019868850708,23.0429592132568,14.4927177429199,-0.0219573974609375,1,24.2404174804688,"train",4057,5,1
"2843",0,1,-2.3059229850769,1046210,607390,"2014_2019",1.09736466407776,0.384081274271011,0.0920132622122765,2.33593821525574,106.67847442627,12.5655126571655,0.444840550422668,29.4560203552246,15.9787855148315,-0.610170245170593,1,-2.3059229850769,"train",4058,2,1
"2844",0,1,33.8713302612305,1176210,449390,"2014_2019",1.55607295036316,0.146697923541069,0.366781234741211,0.177525699138641,117.049369812012,17.6554737091064,2.26733684539795,22.8861465454102,3.32306146621704,0.0401687622070312,1,33.8713302612305,"train",4059,3,1
"2845",0,1,-7.53613567352295,1215710,479390,"2014_2019",1.29884111881256,0.567555844783783,0.0865694433450699,1.0358430147171,114.534828186035,19.1059875488281,3.44892382621765,11.101393699646,4.25472736358643,-0.308466911315918,1,-7.53613567352295,"train",4060,5,1
"2846",0,1,-0.0394124314188957,1186210,430390,"2014_2019",1.53222441673279,0.595303118228912,0.173180118203163,2.69812512397766,117.221923828125,16.2725067138672,1.49684298038483,25.7946472167969,8.150071144104,0.30134716629982,1,-0.0394124314188957,"train",4062,3,1
"2847",0,1,-2.95474147796631,1164710,449390,"2014_2019",1.44029808044434,0.145440027117729,0.155708953738213,0.350706070661545,115.729034423828,18.0959606170654,0.99227637052536,24.5634117126465,8.68327045440674,2.7480616569519,1,-2.95474147796631,"train",4064,3,1
"2848",0,1,7.08332777023315,1195710,429890,"2014_2019",1.65991139411926,0.722308337688446,0.469067275524139,3.02337646484375,118.214485168457,14.4457931518555,2.27462673187256,25.8153305053711,27.0783138275146,-0.361867427825928,1,7.08332777023315,"train",4065,1,1
"2849",0,1,13.4891958236694,1171210,435390,"2014_2019",1.79933178424835,0.0946844518184662,0.138791814446449,0.0748615339398384,115.416069030762,19.04807472229,0.747563540935516,23.675651550293,3.8051962852478,0.171034812927246,1,13.4891958236694,"train",4066,3,1
"2850",0,1,4.64411640167236,1085210,510890,"2014_2019",1.48953115940094,0.124149277806282,0.150206565856934,0.331806063652039,113.418754577637,17.2833976745605,0.278574734926224,27.2460479736328,0.414063841104507,-0.00227975845336914,1,4.64411640167236,"train",4070,3,1
"2851",0,1,15.4467420578003,1092210,570890,"2014_2019",1.52033030986786,0.10167334228754,0.139449551701546,0.0142387496307492,113.333770751953,20.7095432281494,0.125383347272873,20.0377464294434,21.4491214752197,-1.35817432403564,1,15.4467420578003,"train",4072,1,1
"2852",0,1,2.27690577507019,1178710,439890,"2014_2019",1.71881520748138,0.287008553743362,0.454874128103256,0.88446170091629,117.249603271484,16.6988296508789,1.32289671897888,25.2003059387207,5.01779365539551,0.129912853240967,1,2.27690577507019,"train",4073,4,1
